# Blender v2.93.0 OBJ File: 'EnergyPistol.blend'
# www.blender.org
mtllib EnergyPistol.mtl
o Pistol_Cube.001
v -0.282166 0.311582 1.275145
v -0.291275 0.311833 1.276875
v 0.220011 0.457458 1.289283
v 0.229201 0.458711 1.289207
v 0.191413 0.095843 1.001994
v 0.200643 0.095971 1.002896
v -0.202507 0.352472 0.865206
v -0.211606 0.354002 0.864258
v -0.192131 -0.468614 1.351164
v -0.194043 -0.465336 1.359627
v 0.248260 -0.458520 1.312419
v 0.256903 -0.458096 1.315756
v 0.080744 0.249697 1.818476
v 0.080537 0.242683 1.824541
v -0.218515 -0.109102 1.330860
v -0.220312 -0.112603 1.339259
v -0.190513 0.364646 -1.391170
v -0.193946 0.366439 -1.399598
v -0.209322 -0.244481 -1.378459
v -0.216364 -0.245799 -1.384351
v 0.057468 -0.530916 0.262767
v 0.057731 -0.540117 0.263901
v -0.214025 0.581289 -1.077359
v -0.222209 0.585562 -1.078245
v -0.299781 -0.386198 -0.821611
v -0.308933 -0.386302 -0.823107
v -0.201572 -0.363706 -1.319758
v -0.208217 -0.368320 -1.324295
v 0.213619 -1.205821 0.926109
v 0.214486 -1.207100 0.916964
v 0.355077 -1.348715 0.963956
v 0.362639 -1.349131 0.958604
v 0.257521 -1.109556 1.035894
v 0.266218 -1.106596 1.034616
v -0.266504 -1.085658 1.208727
v -0.275744 -1.086269 1.209241
v -0.295420 -0.762117 0.971294
v -0.304673 -0.761501 0.971122
v -0.265464 -1.447744 0.968830
v -0.271943 -1.447654 0.962195
v -0.242717 -0.499131 0.781544
v -0.248356 -0.505880 0.778599
v -0.251033 0.250141 -0.975911
v -0.258522 0.251427 -0.970593
v 0.139249 -0.016405 0.115614
v 0.146669 -0.013773 0.110712
v -0.012548 -0.154969 -0.145177
v -0.013342 -0.147273 -0.150292
v -0.009932 0.294334 -0.152166
v -0.009612 0.286342 -0.156861
v 0.300477 -0.793541 1.179299
v 0.309210 -0.795868 1.177215
v -0.256197 -0.659282 1.212391
v -0.265372 -0.659988 1.211230
v 0.160600 0.115989 1.589563
v 0.162519 0.107919 1.593712
v -0.202925 0.457653 -0.740033
v -0.209397 0.451009 -0.740066
v -0.112087 -0.284285 -0.628446
v -0.113724 -0.275197 -0.627580
v 0.157001 0.314590 -0.984714
v 0.160488 0.315919 -0.976223
v -0.216553 -0.040162 -1.206661
v -0.225616 -0.040534 -1.208598
v -0.238016 -0.642592 1.097986
v -0.247179 -0.641259 1.098507
v 0.242135 -0.506372 0.007852
v 0.249263 -0.512299 0.008150
v 0.247410 -0.424565 -0.249620
v 0.256634 -0.423839 -0.248982
v -0.017353 0.619635 -0.733555
v -0.016839 0.628857 -0.734401
v 0.311850 0.217746 -1.117662
v 0.320940 0.219588 -1.117719
v 0.267406 -1.077747 0.902491
v 0.274348 -1.078444 0.896379
v -0.210156 0.249957 1.797081
v -0.216603 0.244506 1.800920
v -0.163312 -0.019044 0.155075
v -0.171389 -0.017308 0.150860
v 0.243783 0.377094 -0.449123
v 0.247870 0.368786 -0.449677
v -0.010737 0.275850 -0.911278
v -0.007430 0.272107 -0.903463
v 0.233539 -0.061571 -1.405280
v 0.239592 -0.062565 -1.412236
v 0.257208 -0.429977 -0.747280
v 0.262885 -0.437306 -0.747021
v -0.132633 -1.015063 1.648831
v -0.133948 -1.011916 1.657455
v 0.367170 -1.262019 1.024719
v 0.375664 -1.259290 1.022185
v -0.301895 -0.363952 0.467042
v -0.311138 -0.364531 0.466537
v -0.229826 -0.156234 -1.070241
v -0.238977 -0.156626 -1.068783
v -0.182721 -0.132493 0.133462
v -0.191233 -0.130054 0.130704
v 0.209445 -0.442503 0.540297
v 0.216938 -0.447956 0.539930
v 0.218279 0.364442 0.248554
v 0.227091 0.361689 0.249436
v -0.219218 -0.457241 0.000927
v -0.227497 -0.461423 0.000941
v -0.012586 -0.296619 -1.432361
v -0.012592 -0.298115 -1.441514
v 0.228150 -0.639692 0.842338
v 0.235537 -0.639448 0.836735
v 0.217318 -0.262765 0.927009
v 0.226588 -0.262497 0.926870
v 0.251118 0.194072 0.590976
v 0.260133 0.196008 0.589973
v -0.235507 -0.840220 1.411395
v -0.244627 -0.841018 1.409909
v -0.255361 -0.490466 1.339856
v -0.262589 -0.487967 1.345103
v -0.249435 -1.080473 1.525770
v -0.258690 -1.080059 1.525337
v -0.185851 0.171165 0.202310
v -0.194449 0.170519 0.198892
v -0.248258 -0.180597 0.605783
v -0.257506 -0.181005 0.606350
v 0.218104 0.543440 0.464177
v 0.227300 0.543841 0.465314
v -0.174799 0.545544 1.674038
v -0.180361 0.552420 1.676833
v -0.193046 -0.462865 -1.163799
v -0.197534 -0.470716 -1.165859
v -0.203998 0.302532 1.849767
v -0.209247 0.299303 1.856698
v 0.116158 0.008938 1.448676
v 0.118667 0.001935 1.454215
v -0.308548 -0.491989 -0.540952
v -0.314705 -0.498923 -0.541144
v 0.203125 0.511578 -1.290266
v 0.209971 0.516355 -1.294308
v -0.304039 0.042502 0.759075
v -0.313092 0.044079 0.757822
v -0.201898 0.388536 0.634335
v -0.211169 0.388819 0.634341
v 0.325983 -0.917603 1.479374
v 0.335023 -0.916454 1.481099
v -0.208422 0.382681 1.859890
v -0.214622 0.385011 1.866382
v -0.123668 0.064490 1.470585
v -0.126153 0.058064 1.476794
v 0.137630 0.131583 0.130253
v 0.144958 0.130131 0.124755
v 0.275289 -0.115990 -1.055779
v 0.282929 -0.114543 -1.050723
v -0.185465 0.458860 0.260669
v -0.194716 0.458285 0.261003
v -0.306076 0.531138 -0.275784
v -0.315350 0.531167 -0.275645
v 0.249553 0.700795 -0.294561
v 0.255624 0.707564 -0.296389
v -0.266118 -0.030812 1.309758
v -0.275333 -0.030172 1.310592
v 0.222638 0.311684 -1.411730
v 0.228434 0.315050 -1.418140
v -0.296051 -0.073642 0.704304
v -0.305112 -0.075493 0.703606
v -0.264893 0.067177 0.648802
v -0.273467 0.070595 0.647898
v 0.079710 -0.187147 1.305824
v 0.079804 -0.188081 1.315052
v -0.244282 -0.974960 0.890191
v -0.250323 -0.976388 0.883299
v -0.133800 -1.248973 0.947843
v -0.134513 -1.251105 0.938845
v -0.262027 0.055002 -1.013436
v -0.269006 0.053564 -1.007500
v 0.130555 0.730000 -0.288789
v 0.128987 0.739098 -0.289678
v 0.161031 0.577177 -1.220900
v 0.163008 0.585172 -1.225165
v 0.138330 -0.190452 -0.095611
v 0.143574 -0.183962 -0.099663
v -0.228542 -0.626464 0.821571
v -0.234433 -0.627417 0.814471
v -0.257098 -0.096910 1.320890
v -0.264710 -0.099277 1.325630
v 0.190804 -0.280589 -0.406370
v 0.193411 -0.271691 -0.406600
v -0.209067 0.594434 0.483251
v -0.217182 0.598917 0.482977
v 0.015582 -1.067733 0.883692
v 0.015533 -1.068953 0.874498
v -0.300506 0.253679 1.128825
v -0.309569 0.255594 1.128373
v 0.205278 0.097966 1.452216
v 0.213306 0.093652 1.453935
v 0.123749 -0.516153 0.793048
v 0.125671 -0.518372 0.784250
v 0.136613 -0.656737 0.814134
v 0.137771 -0.657887 0.805004
v -0.222379 -0.266206 -0.943606
v -0.230322 -0.261600 -0.942292
v -0.102911 0.266102 -0.040483
v -0.109174 0.260117 -0.043792
v 0.265614 0.402655 -0.765222
v 0.271519 0.395926 -0.767645
v 0.107085 -0.470409 0.527241
v 0.108154 -0.479610 0.527697
v -0.146141 0.596655 -1.186234
v -0.147140 0.605483 -1.188894
v -0.241015 -0.715094 1.453728
v -0.248267 -0.713081 1.459149
v 0.243789 0.274158 1.279457
v 0.253010 0.273507 1.278706
v 0.217340 0.404838 0.850668
v 0.226614 0.404767 0.850586
v -0.285459 -0.465356 0.985596
v -0.294611 -0.466472 0.986608
v 0.186556 0.385617 -1.013272
v 0.194647 0.384304 -1.008932
v 0.129887 0.329403 -0.153321
v 0.132939 0.320892 -0.155390
v 0.229150 -0.469768 0.736403
v 0.235757 -0.476251 0.735830
v 0.232009 -0.582576 1.370162
v 0.237914 -0.578789 1.376230
v -0.258365 -1.155929 1.673671
v -0.265557 -1.152535 1.678444
v 0.196030 0.601275 -1.134214
v 0.201525 0.608611 -1.135631
v 0.240988 -0.971370 1.189305
v 0.250012 -0.970494 1.187352
v 0.203677 0.250221 0.803930
v 0.212868 0.251184 0.804719
v 0.225607 0.306263 0.563955
v 0.234840 0.307111 0.563720
v 0.183523 -0.122458 1.328990
v 0.186353 -0.125706 1.337203
v 0.108263 -0.403768 1.331763
v 0.107151 -0.402242 1.340843
v 0.288433 -0.503147 1.027851
v 0.297592 -0.502571 1.026515
v 0.321628 -1.024059 1.414253
v 0.330867 -1.023255 1.414144
v 0.224636 0.580362 -0.862594
v 0.231507 0.586381 -0.864201
v 0.188623 0.552242 1.622978
v 0.194667 0.559032 1.624817
v 0.280609 -1.053666 1.656363
v 0.287744 -1.050339 1.661266
v -0.125765 -0.616883 1.453580
v -0.126525 -0.613204 1.462059
v 0.120209 -1.432776 0.959950
v 0.119842 -1.434287 0.950806
v 0.354824 -1.180061 1.345052
v 0.363941 -1.178363 1.345095
v 0.327997 -0.003262 0.756117
v 0.337210 -0.002703 0.757027
v -0.234502 -0.690729 0.817970
v -0.239896 -0.690698 0.810425
v 0.230339 -0.797196 0.841639
v 0.234655 -0.798492 0.833532
v -0.229082 -0.326836 1.296458
v -0.236945 -0.326479 1.301363
v 0.215751 0.292645 1.857221
v 0.220830 0.289861 1.864465
v -0.207707 -0.817213 0.843723
v -0.209184 -0.819415 0.834835
v -0.047558 -0.048255 1.348902
v -0.047817 -0.053863 1.356284
v 0.217828 -0.124743 1.301527
v 0.226387 -0.125847 1.304923
v -0.040364 -0.180998 -0.864190
v -0.041432 -0.174351 -0.857810
v 0.239795 -0.470441 -1.116244
v 0.244438 -0.478284 -1.117964
v 0.087198 -0.426368 -1.333867
v 0.088444 -0.433885 -1.339156
v -0.265163 -0.442425 -0.839858
v -0.270837 -0.449692 -0.840868
v 0.272964 -0.205172 0.694409
v 0.282021 -0.207132 0.694030
v 0.225660 -0.180850 0.436848
v 0.234641 -0.182002 0.434838
v -0.244465 0.199633 0.497409
v -0.253597 0.201093 0.496712
v 0.239768 -0.964372 0.888119
v 0.240046 -0.965832 0.878964
v -0.254369 -0.642373 0.937860
v -0.263590 -0.641536 0.937332
v 0.205852 0.387028 1.859890
v 0.211291 0.390140 1.866727
v -0.171519 0.303731 0.121301
v -0.180349 0.301209 0.120001
v 0.211638 -0.475553 0.858005
v 0.220820 -0.475517 0.856695
v -0.206845 0.556246 1.474356
v -0.214188 0.561766 1.475626
v -0.186282 0.607256 0.258734
v -0.192635 0.613991 0.259277
v 0.075575 0.614497 0.439617
v 0.075213 0.623728 0.440441
v 0.327765 -0.360194 -1.070058
v 0.336635 -0.362409 -1.071617
v 0.123238 -0.211176 -1.397717
v 0.124724 -0.211797 -1.406851
v -0.257001 -0.481196 0.836931
v -0.266158 -0.482157 0.835811
v 0.366277 -1.275445 1.633194
v 0.375343 -1.275393 1.635152
v 0.270157 -0.761312 1.490058
v 0.277339 -0.757386 1.494421
v 0.243360 -0.794608 0.860113
v 0.252159 -0.794639 0.857180
v 0.150901 -0.581588 1.360942
v 0.151577 -0.577733 1.369350
v 0.034209 0.043820 1.549717
v 0.033883 0.036667 1.555612
v 0.226672 -0.181953 -0.977872
v 0.231296 -0.175851 -0.972637
v 0.284119 0.230120 -1.035601
v 0.291543 0.232111 -1.030411
v -0.220421 0.085663 0.388879
v -0.229394 0.086156 0.386584
v -0.181940 0.603134 1.173242
v -0.185107 0.611835 1.173777
v -0.265274 -0.518337 1.291410
v -0.274494 -0.517496 1.290872
v 0.246518 0.225122 -1.442218
v 0.252160 0.226219 -1.449497
v 0.020885 0.071826 -1.383590
v 0.020349 0.071791 -1.392849
v 0.188339 0.462008 1.731950
v 0.196461 0.466075 1.733827
v 0.312854 -0.819011 1.306968
v 0.322104 -0.818493 1.306543
v -0.034310 -0.373497 -1.388863
v -0.035654 -0.379483 -1.395818
v -0.266174 -0.954134 1.584351
v -0.275012 -0.952969 1.586912
v 0.277168 -1.188181 0.946523
v 0.283790 -1.186154 0.940354
v -0.244154 -0.186621 0.822459
v -0.253199 -0.188518 0.821683
v -0.312575 0.128489 1.095998
v -0.321677 0.127630 1.097561
v -0.205830 -0.870350 1.315425
v -0.215087 -0.870651 1.314943
v -0.274207 -1.237363 1.497672
v -0.283390 -1.236175 1.497131
v -0.164678 -0.232252 1.317809
v -0.165480 -0.232360 1.327048
v 0.215409 -0.241430 1.302095
v 0.221707 -0.240303 1.308810
v 0.311361 -1.267116 0.936438
v 0.316123 -1.265347 0.928678
v -0.266146 -0.951477 1.030849
v -0.275417 -0.951578 1.031099
v -0.204870 0.134359 1.497857
v -0.212573 0.130709 1.501511
v -0.204936 0.099056 -1.382290
v -0.212447 0.099116 -1.387732
v 0.255626 0.142543 -1.295566
v 0.264711 0.143030 -1.297370
v -0.173876 0.464027 1.751595
v -0.181078 0.469002 1.754659
v 0.135235 0.522022 1.749626
v 0.138281 0.529589 1.754040
v -0.259280 0.617754 -0.207958
v -0.264777 0.625172 -0.207076
v 0.270525 0.748464 -0.019233
v 0.272614 0.757474 -0.018546
v -0.212045 0.577582 -1.202373
v -0.218804 0.583547 -1.204552
v 0.278844 -0.880619 1.551823
v 0.284409 -0.877071 1.558339
v -0.256395 -1.156453 0.916991
v -0.262938 -1.158795 0.910849
v -0.229747 -1.180817 1.304695
v -0.239013 -1.180773 1.304283
v -0.209496 -0.512313 1.113609
v -0.218716 -0.512791 1.114496
v -0.144757 0.387682 -0.892380
v -0.151004 0.382814 -0.887554
v -0.288888 -0.290614 -0.751831
v -0.295115 -0.283741 -0.751704
v 0.225990 0.020607 1.358479
v 0.235175 0.020929 1.359730
v -0.199015 0.517235 -1.307836
v -0.204069 0.522520 -1.313541
v 0.304908 -0.670769 1.094839
v 0.314171 -0.670633 1.094387
v -0.073700 0.494451 1.808233
v -0.074918 0.501200 1.814477
v 0.239759 0.320697 1.742140
v 0.248661 0.322562 1.743958
v -0.207002 0.579728 1.194204
v -0.214930 0.584541 1.194248
v -0.020505 -1.271111 1.802114
v -0.021365 -1.268301 1.810911
v -0.068478 0.626055 -0.106833
v -0.070426 0.635109 -0.106336
v 0.302622 -0.367435 1.110701
v 0.311830 -0.366320 1.110755
v -0.228810 0.106965 1.266829
v -0.237879 0.106601 1.268736
v -0.194638 0.348209 -1.198197
v -0.203865 0.347948 -1.197302
v -0.195664 0.397787 -1.038803
v -0.204856 0.398822 -1.038121
v -0.213624 -0.317998 -1.169888
v -0.222843 -0.318100 -1.170905
v -0.147414 -0.157921 -1.395851
v -0.148873 -0.157589 -1.405004
v 0.025559 0.356930 -1.380058
v 0.025336 0.358391 -1.389215
v -0.209684 0.402884 1.558412
v -0.218868 0.403441 1.559579
v -0.061425 0.146064 1.614483
v -0.063122 0.138404 1.619429
v 0.295098 0.254607 1.613696
v 0.304353 0.254665 1.614306
v -0.209659 0.170818 0.705683
v -0.218422 0.173720 0.704786
v 0.188929 0.248820 0.176083
v 0.197745 0.246554 0.174304
v 0.197573 -0.086853 0.244258
v 0.206685 -0.086241 0.242641
v 0.028415 -0.477873 -0.613910
v 0.028773 -0.487115 -0.614603
v 0.084356 -0.524163 -0.285846
v 0.084755 -0.533397 -0.286623
v -0.216954 -0.355519 0.095877
v -0.226162 -0.354968 0.094916
v -0.187447 -0.269873 -0.189291
v -0.194433 -0.263828 -0.190110
v -0.322095 -0.348638 -0.554690
v -0.330290 -0.344301 -0.554422
v -0.275470 0.458400 -0.243278
v -0.282884 0.452848 -0.243744
v 0.207896 -0.293440 0.461814
v 0.217109 -0.294100 0.460969
v 0.214462 -0.127603 1.047579
v 0.223621 -0.126268 1.046984
v -0.197629 0.154395 -1.255048
v -0.206736 0.154797 -1.256757
v -0.292647 0.208962 -1.074873
v -0.301796 0.210398 -1.075372
v -0.275236 -0.158205 0.966438
v -0.284451 -0.159104 0.966984
v -0.244876 -0.114319 1.088599
v -0.253987 -0.115160 1.090116
v 0.305504 -1.245597 1.750881
v 0.311286 -1.243239 1.757738
v 0.251409 0.169501 1.700943
v 0.257121 0.163281 1.704778
v -0.217177 -0.477567 0.270117
v -0.222987 -0.484756 0.269360
v 0.028771 -0.478128 0.746623
v 0.029155 -0.486910 0.743666
v -0.282706 -0.006728 -1.079260
v -0.291797 -0.008561 -1.079196
v 0.298214 -0.133955 -1.142629
v 0.307412 -0.133975 -1.143818
v 0.336522 -0.302181 -0.882156
v 0.345650 -0.300879 -0.881152
v 0.295712 -0.216892 -1.015226
v 0.303862 -0.212905 -1.013302
v 0.198767 0.432456 -0.977724
v 0.206633 0.427548 -0.977475
v 0.206249 0.442044 -1.189820
v 0.215453 0.443179 -1.189954
v -0.260599 -0.021844 0.482135
v -0.269719 -0.021077 0.480632
v 0.313777 0.470334 -0.666984
v 0.322974 0.469737 -0.668023
v 0.293117 0.500364 -0.239426
v 0.302363 0.499766 -0.239837
v 0.353411 0.497958 0.042331
v 0.362319 0.495397 0.042648
v 0.248552 0.384685 0.001733
v 0.255378 0.378477 0.000791
v 0.202565 -0.296011 -0.143524
v 0.211017 -0.292201 -0.143807
v 0.153513 0.474550 -1.347306
v 0.155083 0.479781 -1.354803
v -0.144478 -1.280176 1.661257
v -0.150278 -1.272946 1.657656
v 0.210287 0.588520 1.303635
v 0.216637 0.595233 1.304427
v -0.263098 -0.492659 0.468731
v -0.268485 -0.500154 0.467822
v 0.150863 0.608341 1.037111
v 0.151964 0.617547 1.037348
v 0.207550 0.602532 0.473541
v 0.213651 0.609328 0.475155
v -0.213022 0.594680 0.733096
v -0.220376 0.600332 0.733040
v -0.140192 -0.494967 -0.152305
v -0.142033 -0.504056 -0.152163
v 0.342759 0.688331 -0.005309
v 0.351126 0.692331 -0.005236
v -0.249659 0.648131 -0.659450
v -0.255224 0.655514 -0.660196
v 0.215326 -0.379251 -1.269087
v 0.224079 -0.380665 -1.271806
v -0.205236 -0.415875 -1.214470
v -0.213794 -0.418851 -1.216456
v 0.201955 -0.362922 -1.341134
v 0.208037 -0.366890 -1.346903
v -0.210853 0.379088 -1.365410
v -0.219276 0.380342 -1.369084
v 0.321882 -1.130963 1.148405
v 0.329982 -1.126900 1.146429
v 0.331827 -1.494623 0.999450
v 0.339248 -1.498130 0.995132
v 0.304687 -1.395470 0.936452
v 0.307404 -1.397314 0.927778
v -0.234532 -0.767923 1.474608
v -0.235324 -0.763204 1.482553
v -0.222092 -0.927144 1.628026
v -0.226451 -0.924406 1.635741
v -0.248847 -1.082674 1.623784
v -0.256842 -1.080638 1.628021
v 0.220146 -0.756311 1.523904
v 0.222748 -0.751426 1.531346
v 0.218870 -1.046983 1.693961
v 0.220868 -1.042253 1.701685
v -0.119338 -0.712535 1.484643
v -0.120397 -0.707356 1.492264
v -0.034057 -1.117512 1.741594
v -0.035244 -1.113196 1.749717
v 0.256202 -0.565801 1.172730
v 0.265282 -0.565069 1.174477
v -0.249957 -0.821003 0.861639
v -0.256732 -0.822349 0.855450
v 0.360155 -1.353980 1.387773
v 0.369265 -1.355495 1.388630
v 0.397870 -1.393873 1.160479
v 0.407100 -1.394769 1.160604
v -0.241176 -0.359848 1.173096
v -0.250213 -0.361172 1.174713
v 0.211573 -0.485345 0.814959
v 0.219190 -0.489827 0.812146
v -0.229551 -1.302600 0.983674
v -0.237253 -1.302271 0.978518
v 0.235202 -0.808334 1.048540
v 0.244095 -0.810409 1.046917
v 0.281709 -0.617198 0.963508
v 0.290287 -0.617624 0.960006
v 0.242085 -0.714196 0.918370
v 0.251175 -0.714805 0.916633
v -0.219615 -0.791967 1.185489
v -0.228810 -0.792591 1.186534
v -0.179344 0.174931 -0.943827
v -0.182532 0.173239 -0.935283
v -0.137806 -0.046637 -0.966435
v -0.141944 -0.045957 -0.958162
v 0.025159 0.008603 -0.949832
v 0.026615 0.009435 -0.940710
v 0.236831 0.151274 -0.995632
v 0.241114 0.151116 -0.987406
v -0.087283 -0.103358 -0.024058
v -0.093555 -0.098272 -0.028621
v -0.022975 0.068142 0.020788
v -0.024899 0.068446 0.011720
v 0.089596 0.261979 -0.047902
v 0.094952 0.255842 -0.052338
v 0.015421 -0.240555 -0.403640
v 0.015558 -0.231534 -0.405787
v 0.020495 -0.221136 -0.814736
v 0.021114 -0.212429 -0.811601
v -0.023066 0.361334 -0.820213
v -0.022275 0.353701 -0.815003
v 0.007849 0.406563 -0.667464
v 0.007167 0.397314 -0.667304
v -0.059984 0.380280 -0.365025
v -0.061928 0.371386 -0.366795
v -0.093845 -0.808031 1.610609
v -0.094640 -0.803192 1.618481
v -0.008591 0.312998 -1.557503
v -0.008339 0.315565 -1.566411
v -0.008575 0.306693 -1.332817
v -0.009300 0.313815 -1.326920
v -0.082933 0.296306 -1.373903
v -0.088551 0.302770 -1.370343
v 0.026864 0.338846 -1.472925
v 0.028518 0.347967 -1.473244
v -0.067670 0.311538 -1.520683
v -0.072471 0.319158 -1.522895
v 0.113733 0.280699 -1.472982
v 0.121559 0.285673 -1.473151
v 0.072067 0.277215 -1.330733
v 0.077622 0.281979 -1.325035
v 0.134093 0.177844 -1.472948
v 0.143218 0.176201 -1.473189
v 0.075963 0.091020 -1.473026
v 0.080912 0.083177 -1.473119
v 0.092418 0.151810 -1.330029
v 0.098585 0.147965 -1.324267
v -0.026981 0.070669 -1.473022
v -0.028484 0.061518 -1.473131
v -0.113792 0.128875 -1.472911
v -0.121508 0.123739 -1.473230
v -0.053159 0.112454 -1.330031
v -0.056566 0.106046 -1.324256
v -0.134084 0.231707 -1.472915
v -0.143214 0.233309 -1.473239
v -0.101936 0.213428 -1.332813
v -0.109084 0.213944 -1.326927
v 0.070665 0.287110 -1.557518
v 0.072096 0.289211 -1.566438
v 0.108208 0.213016 -1.557519
v 0.110706 0.213490 -1.566438
v 0.082353 0.134078 -1.557521
v 0.084453 0.132648 -1.566441
v 0.008275 0.096534 -1.557517
v 0.008821 0.093995 -1.566421
v -0.070682 0.122503 -1.557547
v -0.071968 0.119971 -1.566377
v -0.108295 0.196437 -1.557491
v -0.110714 0.196207 -1.566442
v -0.082334 0.275796 -1.557474
v -0.084780 0.276411 -1.566399
v 0.074661 0.199473 -1.484570
v 0.068766 0.199617 -1.491729
v -0.005155 0.129819 -1.484765
v -0.005142 0.136332 -1.491368
v -0.068444 0.241465 -1.481789
v -0.063157 0.238693 -1.488886
v 0.005252 0.279435 -1.484591
v 0.005179 0.273500 -1.491717
v -0.052060 0.164635 -1.471048
v -0.048264 0.167836 -1.478882
v 0.049126 0.148194 -1.484615
v 0.044929 0.152528 -1.491659
v 0.056525 0.253783 -1.484559
v 0.052256 0.249761 -1.491743
v 0.000091 0.204694 -1.288729
v -0.000117 0.204824 -1.279457
v -0.073652 -0.842940 0.749557
v -0.078494 -0.836004 0.753360
v -0.081371 -0.967110 0.789157
v -0.087329 -0.970536 0.795385
v 0.079954 -0.962980 0.782423
v 0.085744 -0.966477 0.788769
v 0.075209 -0.846694 0.758079
v 0.080109 -0.839959 0.762157
v 0.000003 -0.847636 0.465685
v 0.000020 -0.838415 0.466685
v 0.056334 -0.936978 0.280359
v 0.062507 -0.943600 0.278342
v -0.054296 -0.572931 0.197543
v -0.059899 -0.566245 0.200693
v 0.053348 -0.579850 0.199397
v 0.059616 -0.573766 0.202515
v -0.050543 -0.920996 0.242935
v -0.056814 -0.927046 0.239758
v 0.061260 -0.580398 -0.069674
v 0.067289 -0.578579 -0.076484
v -0.047861 -0.538446 -0.081873
v -0.051644 -0.533688 -0.088878
v 0.251237 0.425584 -0.009825
v 0.256441 0.433225 -0.009071
v 0.444309 0.048618 -0.009307
v 0.453569 0.049059 -0.009045
v 0.255553 -0.322038 -0.009867
v 0.261233 -0.329322 -0.009029
v 0.276002 0.368645 0.159403
v 0.281958 0.374910 0.162765
v 0.386807 0.129707 0.230296
v 0.394654 0.131508 0.234901
v 0.360777 -0.122903 0.208386
v 0.368259 -0.126533 0.212491
v 0.133680 0.332024 0.343976
v 0.136212 0.337248 0.351209
v 0.230366 -0.030491 0.386757
v 0.234806 -0.032215 0.394715
v 0.192230 -0.326064 0.192098
v 0.196140 -0.333367 0.196268
v 0.030251 0.480649 0.164343
v 0.030751 0.489272 0.167721
v 0.000111 0.222318 0.416574
v -0.000124 0.225618 0.425238
v 0.011775 -0.040290 0.449848
v 0.011955 -0.042504 0.458853
v -0.066453 -0.351934 0.221232
v -0.067382 -0.359762 0.226118
v -0.230431 0.129703 0.386732
v -0.234732 0.131533 0.394743
v -0.236326 -0.278656 0.213634
v -0.241235 -0.285192 0.218017
v -0.000073 -0.397823 -0.011481
v 0.000080 -0.405742 -0.016306
v -0.227671 0.374865 0.231843
v -0.232208 0.381425 0.236575
v -0.383814 0.149000 0.227807
v -0.391844 0.150867 0.232057
v -0.299282 -0.128214 0.308362
v -0.305285 -0.131816 0.314446
v -0.169966 0.464371 -0.008476
v -0.174100 0.472667 -0.008151
v 0.253796 0.429389 -0.063463
v 0.257509 0.435169 -0.069694
v 0.413318 0.220425 -0.015021
v 0.420606 0.223519 -0.019852
v 0.446894 -0.056169 -0.063866
v 0.454298 -0.058200 -0.069069
v 0.241149 -0.341380 -0.063682
v 0.245019 -0.347577 -0.069396
v -0.379533 0.303221 -0.063805
v -0.385825 0.307445 -0.069152
v -0.453360 -0.023393 -0.063925
v -0.460977 -0.024890 -0.069001
v -0.268922 -0.323106 -0.063441
v -0.273345 -0.328267 -0.069751
v -0.090351 0.503314 -0.063948
v -0.091642 0.510980 -0.069007
v -0.309673 0.367842 -0.009534
v -0.315924 0.374683 -0.009171
v 0.410370 -0.120670 -0.009689
v 0.418553 -0.124896 -0.008590
v -0.444941 0.047121 -0.009465
v -0.454160 0.047467 -0.008500
v -0.407945 -0.125995 -0.009799
v -0.416111 -0.130181 -0.008458
v -0.245544 -0.328703 -0.009768
v -0.250593 -0.336446 -0.009010
v -0.000390 0.495017 -0.009374
v 0.000468 0.504246 -0.009019
v -0.409695 0.222741 -0.009542
v -0.418366 0.225970 -0.008900
v -0.125370 0.594979 1.073380
v -0.124209 0.589861 1.081026
v -0.139145 0.573011 1.017786
v -0.140723 0.564420 1.014667
v -0.084520 0.611452 1.017320
v -0.076086 0.609767 1.013849
v -0.084296 0.613777 1.056349
v -0.076242 0.612165 1.060657
v -0.152582 0.582894 1.049155
v -0.157534 0.575844 1.052589
v -0.115962 0.596810 0.994635
v -0.113611 0.592702 0.986659
v -0.144320 0.726505 1.040508
v -0.141199 0.735195 1.041385
v -0.173018 0.697447 1.078475
v -0.175382 0.701359 1.086546
v -0.175942 0.704078 0.985959
v -0.178222 0.708691 0.978242
v -0.216081 0.683242 1.035570
v -0.225272 0.684454 1.035863
v 0.226391 0.715507 0.996508
v 0.232781 0.718680 0.990582
v 0.242923 0.701541 1.046373
v 0.251703 0.702903 1.049034
v 0.185858 0.723812 1.079895
v 0.186176 0.727954 1.088188
v 0.180259 0.725984 0.990038
v 0.177873 0.731071 0.982659
v 0.173411 0.755992 1.043921
v 0.170834 0.764822 1.045112
v 0.119917 0.600711 0.986369
v 0.114117 0.597598 0.979835
v 0.176005 0.575234 1.007226
v 0.179133 0.567640 1.002916
v 0.178547 0.578191 1.064266
v 0.181749 0.571200 1.069451
v 0.107460 0.600894 1.069336
v 0.100214 0.597805 1.074232
v 0.012738 0.738793 -1.029680
v 0.018034 0.744406 -1.024537
v 0.007959 0.740330 -1.104685
v 0.008380 0.746919 -1.111199
v -0.016465 0.561818 -1.026596
v -0.021015 0.556594 -1.020430
v -0.005323 0.738703 -1.028672
v -0.010357 0.744416 -1.023377
v 0.028282 0.560747 -1.031726
v 0.033033 0.555195 -1.026015
v 0.044673 0.561317 -1.080257
v 0.051382 0.556136 -1.084022
v -0.034033 0.562767 -1.090543
v -0.040189 0.557781 -1.095366
v -0.137246 -1.500952 0.974852
v -0.137369 -1.508757 0.969843
v -0.276513 -1.287086 1.731201
v -0.283363 -1.293056 1.733062
v -0.177905 -1.500935 0.975083
v -0.177962 -1.508674 0.969970
v 0.352553 -1.391679 1.364080
v 0.357657 -1.398933 1.366789
v -0.277265 -1.290515 1.712758
v -0.283845 -1.296871 1.714281
v 0.346231 -1.382488 1.397104
v 0.351404 -1.389815 1.399465
v -0.173141 -1.315483 1.585095
v -0.174457 -1.324630 1.585891
v 0.341224 -1.304260 1.678342
v 0.346475 -1.310881 1.682165
v 0.346225 -1.308504 1.662864
v 0.351447 -1.315393 1.666224
v -0.243850 -1.281265 1.707465
v -0.243683 -1.290359 1.709277
v 0.332565 -1.493725 0.998161
v 0.337758 -1.501365 0.998991
v 0.332507 -1.493781 0.997772
v 0.337330 -1.501701 0.997974
v 0.336576 -1.301307 1.689621
v 0.342030 -1.307389 1.694012
v -0.212801 -1.500762 0.975595
v -0.212962 -1.508543 0.970551
v 0.333346 -1.492682 1.001353
v 0.338133 -1.500543 1.002492
v 0.332961 -1.493300 0.999282
v 0.337876 -1.501087 1.000390
v 0.350150 -1.314136 1.642515
v 0.355416 -1.321314 1.645116
v -0.238926 -1.280596 1.709829
v -0.238585 -1.289563 1.712171
v -0.229911 -1.278839 1.716138
v -0.229527 -1.287836 1.718359
v 0.373951 -1.441693 1.184795
v 0.379232 -1.449095 1.186623
v -0.273696 -1.285345 1.740314
v -0.280150 -1.290959 1.743899
v 0.351035 -1.322219 1.613725
v 0.356488 -1.329507 1.615507
v 0.169480 -1.501191 0.973635
v 0.169295 -1.509134 0.968851
v 0.139071 -1.501741 0.971941
v 0.139348 -1.509576 0.966984
v -0.016951 -1.269821 1.802824
v -0.016683 -1.274829 1.810626
v -0.019966 -1.269885 1.802943
v -0.020162 -1.274656 1.810894
v 0.348444 -1.331306 1.580703
v 0.353582 -1.338771 1.582679
v -0.063658 -1.316061 1.552358
v -0.066155 -1.326119 1.553469
v -0.270023 -1.284147 1.746659
v -0.275568 -1.289121 1.752185
v 0.369745 -1.429238 1.229321
v 0.374865 -1.436497 1.231987
v -0.274096 -1.393979 1.358172
v -0.280755 -1.400217 1.359837
v 0.271671 -1.502843 0.967602
v 0.271850 -1.510826 0.962885
v -0.274226 -1.370959 1.440802
v -0.280896 -1.377204 1.442390
v 0.284361 -1.502226 0.969492
v 0.286552 -1.510229 0.965348
v -0.022778 -1.270353 1.802279
v -0.024388 -1.274507 1.810414
v -0.129507 -1.283314 1.700429
v -0.128077 -1.291717 1.704086
v -0.146808 -1.282395 1.700485
v -0.146984 -1.290197 1.705403
v -0.265345 -1.283175 1.750828
v -0.269062 -1.287568 1.758101
v -0.262445 -1.499704 0.979473
v -0.265067 -1.507316 0.974870
v -0.012118 -1.270402 1.802345
v -0.011375 -1.274360 1.810700
v -0.266209 -1.499076 0.981837
v -0.271482 -1.506144 0.978963
v -0.078992 -1.305686 1.619950
v -0.077700 -1.314481 1.622598
v 0.185624 -1.501245 0.973082
v 0.185186 -1.509321 0.968541
v -0.257315 -1.281978 1.754460
v -0.259068 -1.286135 1.762563
v -0.270315 -1.445643 1.172801
v -0.276979 -1.451880 1.174447
v -0.254179 -1.500115 0.977772
v -0.255124 -1.507935 0.972875
v -0.281375 -1.320879 1.620599
v -0.288098 -1.327032 1.622319
v -0.280945 -1.348418 1.521935
v -0.287738 -1.354569 1.523360
v -0.171300 -1.279115 1.714225
v -0.171336 -1.287600 1.718339
v -0.241584 -1.279716 1.757525
v -0.242127 -1.283739 1.765864
v -0.281505 -1.305193 1.674726
v -0.288003 -1.311658 1.676140
v -0.273607 -1.466193 1.099231
v -0.280358 -1.472343 1.100849
v -0.220659 -1.277568 1.720712
v -0.220104 -1.286523 1.723059
v -0.238104 -1.500485 0.976482
v -0.238485 -1.508305 0.971510
v 0.290588 -1.501246 0.972341
v 0.293865 -1.509339 0.969212
v -0.211614 -1.276636 1.760768
v -0.211761 -1.279957 1.769426
v -0.282418 -1.299872 1.691900
v -0.290141 -1.303982 1.694978
v -0.272607 -1.480097 1.049648
v -0.279509 -1.486098 1.051187
v 0.332643 -1.493934 0.998720
v 0.336450 -1.501882 0.995829
v -0.171074 -1.277696 1.763663
v -0.172534 -1.280862 1.772258
v -0.277167 -1.294634 1.702321
v -0.285020 -1.299019 1.704587
v -0.201539 -1.275640 1.727632
v -0.201057 -1.284458 1.730468
v -0.271501 -1.489329 1.016422
v -0.278349 -1.495423 1.017829
v 0.347644 -1.372141 1.434041
v 0.352671 -1.379656 1.436108
v -0.270124 -1.494927 0.996281
v -0.276917 -1.501160 0.997293
v -0.268371 -1.497843 0.985999
v -0.274979 -1.504344 0.985687
v 0.053815 -1.501958 0.971172
v 0.053680 -1.509790 0.966205
v 0.258958 -1.278741 1.772442
v 0.259809 -1.282689 1.780792
v 0.099306 -1.501893 0.971367
v 0.099265 -1.509740 0.966424
v 0.332434 -1.493851 0.997993
v 0.337019 -1.501848 0.996971
v -0.030700 -1.270955 1.800756
v -0.032528 -1.274714 1.809035
v 0.304133 -1.283869 1.752168
v 0.309518 -1.289935 1.756667
v 0.301101 -1.282254 1.758264
v 0.306434 -1.288037 1.763176
v 0.278540 -1.279472 1.769537
v 0.279741 -1.283618 1.777746
v 0.289322 -1.280072 1.767164
v 0.291310 -1.284412 1.775116
v 0.294764 -1.280587 1.764876
v 0.298091 -1.285378 1.772087
v 0.298165 -1.281217 1.762240
v 0.302779 -1.286548 1.768266
v 0.189793 0.465123 1.738060
v 0.142946 0.517124 1.754010
v 0.203408 0.401593 1.847865
v 0.241100 0.329032 1.747143
v 0.194908 0.456000 1.738084
v 0.209327 0.388726 1.854361
v 0.194318 0.459629 1.728572
v 0.242318 0.327691 1.737985
v 0.224156 0.454110 1.317555
v 0.192253 0.551212 1.622016
v 0.192883 0.474787 1.712955
v 0.210456 0.581449 1.355129
v 0.194252 0.468260 1.702573
v 0.223881 0.462779 1.294420
v 0.213629 0.585868 1.308024
v 0.169953 0.296957 1.860533
v -0.206536 0.378063 1.862542
v -0.202245 0.305423 1.853866
v 0.045150 0.249599 1.822075
v -0.202472 0.296775 1.849421
v -0.208297 0.250497 1.802674
v -0.210987 0.577968 1.180105
v -0.216446 0.592605 0.740978
v -0.207264 0.360006 0.866352
v -0.212643 0.572418 1.187743
v -0.208922 0.354560 0.874140
v -0.302178 0.260715 1.125281
v -0.216246 0.587232 0.733340
v -0.206757 0.392311 0.641186
v -0.207245 0.359231 0.856235
v -0.216400 0.592848 0.725737
v -0.213060 0.592072 0.492191
v -0.206901 0.397728 0.633488
v -0.214797 -1.476168 0.968970
v -0.159484 -1.500229 0.971847
v -0.176586 -1.500208 0.971922
v -0.237994 -1.472450 0.968693
v -0.193967 -1.500148 0.972095
v -0.210918 -1.500074 0.972360
v -0.163968 0.549754 1.668882
v 0.187273 0.556085 1.619854
v 0.208027 0.590559 1.315569
v -0.184676 0.610615 0.281483
v -0.178931 0.607577 1.166634
v 0.145256 0.612861 1.034728
v -0.245772 -0.369642 1.165947
v -0.285805 -0.464807 0.996389
v -0.217253 -0.506914 1.111910
v -0.251380 -0.122136 1.082449
v -0.278906 -0.161884 0.971440
v -0.288131 -0.439989 0.988991
v -0.288431 -0.462057 0.978505
v -0.250362 -0.205851 0.827520
v -0.262238 -0.476566 0.840683
v -0.262311 -0.472990 0.824037
v -0.254082 -0.188346 0.606156
v -0.304824 -0.361890 0.474393
v -0.032826 -0.060359 1.349836
v 0.080585 -0.181877 1.312323
v 0.174183 -0.125341 1.332487
v -0.049058 -0.056255 1.351014
v -0.204015 -0.110209 1.335193
v 0.065941 -0.179475 1.312976
v 0.256769 0.186542 0.591688
v 0.329947 -0.001708 0.749588
v 0.232551 -0.171345 0.444688
v 0.229214 0.307540 0.580546
v 0.221649 0.397543 0.843624
v 0.209078 0.256183 0.801150
v 0.230874 0.300695 0.569938
v 0.211193 0.250502 0.785545
v 0.253648 0.200598 0.593819
v 0.210215 0.243138 0.807452
v 0.198687 0.097393 0.993990
v 0.327277 0.004285 0.762491
v -0.029739 -1.118517 1.746549
v -0.017167 -1.259996 1.802330
v 0.203553 -1.053681 1.702706
v -0.038647 -1.120405 1.746011
v -0.247421 -1.156113 1.682089
v -0.026050 -1.262170 1.801906
v -0.012387 -1.280546 1.807923
v -0.016731 -1.267761 1.805901
v -0.032916 -1.267492 1.806865
v -0.306534 0.052635 0.766316
v -0.303178 0.253677 1.118420
v -0.209974 0.347471 0.867418
v -0.014756 0.626768 -0.713738
v -0.064562 0.632795 -0.116904
v 0.124957 0.731698 -0.290657
v -0.246368 0.650734 -0.666594
v -0.022767 0.624534 -0.737048
v -0.145846 0.602513 -1.167999
v -0.256046 0.621572 -0.199155
v -0.187849 0.611386 0.239253
v -0.075075 0.630142 -0.104305
v 0.128706 0.733129 -0.282038
v -0.060171 0.634562 -0.108875
v 0.263140 0.750593 -0.025734
v -0.063354 0.632186 -0.100327
v 0.076286 0.621129 0.426642
v 0.265411 0.750175 -0.015784
v 0.303737 -0.359724 1.113468
v 0.220950 -0.134471 1.053905
v 0.220497 -0.241427 1.296272
v 0.303845 -0.366257 1.120215
v 0.221346 -0.249013 1.301392
v 0.253003 -0.451327 1.309426
v -0.269141 -0.027848 1.304531
v -0.235062 0.097298 1.265884
v -0.249728 -0.104652 1.103224
v -0.029718 -0.374179 -1.392787
v -0.010789 -0.307297 -1.430485
v 0.074087 -0.419517 -1.345596
v 0.089478 -0.424685 -1.339177
v -0.000640 -0.305533 -1.429310
v 0.194643 -0.366150 -1.345915
v -0.209365 0.139699 -1.364742
v -0.217906 0.578592 -1.086359
v -0.215466 0.576000 -1.200228
v -0.202535 0.392279 -1.044215
v -0.201612 0.346284 -1.190087
v -0.291330 0.219541 -1.077788
v -0.200205 0.393650 -1.031974
v -0.249562 0.260092 -0.972936
v -0.152783 0.381829 -0.897534
v 0.019227 0.062091 -1.388718
v 0.116806 -0.205349 -1.401995
v -0.140089 -0.154625 -1.400243
v -0.209333 0.136772 1.495898
v -0.214500 0.388522 1.551072
v -0.232238 0.112818 1.280174
v 0.035063 0.045534 1.555808
v 0.149010 0.109616 1.590635
v -0.051009 0.136675 1.613259
v 0.221856 0.399024 0.853724
v 0.246441 0.277165 1.252371
v 0.209105 0.255645 0.810643
v 0.197600 0.100404 1.017859
v 0.246929 0.267992 1.278422
v 0.210093 0.100312 1.442306
v 0.211739 0.102123 1.452937
v 0.248374 0.268891 1.289943
v 0.296455 0.250908 1.603690
v 0.226315 0.450018 1.293392
v 0.296380 0.260259 1.596297
v 0.248508 0.278163 1.283913
v 0.221779 0.413485 0.883784
v 0.213990 0.584623 1.298565
v 0.224185 0.462228 1.285039
v -0.220495 0.162045 0.704441
v -0.268741 0.071587 0.654669
v -0.303202 0.049191 0.751002
v -0.217003 0.168933 0.698106
v -0.248530 0.194247 0.510536
v -0.266685 0.075782 0.646852
v -0.268580 0.069762 0.640273
v -0.250034 0.190778 0.501021
v -0.264878 -0.013396 0.486591
v -0.278584 -1.261139 1.482491
v -0.277493 -1.388511 1.372543
v -0.277601 -1.370226 1.438157
v 0.229196 0.300303 0.552672
v 0.202305 -0.076069 0.246023
v 0.193891 0.243832 0.180693
v 0.213444 -0.280470 0.453798
v 0.204579 -0.103386 0.267554
v 0.228525 -0.184465 0.431965
v 0.021339 -0.482888 -0.607952
v -0.141494 -0.499216 -0.164642
v -0.305102 -0.495325 -0.537709
v 0.079549 -0.528234 -0.277889
v 0.053905 -0.534642 0.244932
v -0.135136 -0.500390 -0.150410
v -0.323557 -0.344985 -0.575397
v -0.293288 -0.292495 -0.749982
v -0.304226 -0.380201 -0.812475
v -0.221102 -0.357521 0.087111
v -0.193130 -0.276764 -0.173355
v -0.222746 -0.452616 0.000810
v -0.223676 -0.350926 0.107275
v -0.304928 -0.359532 0.462466
v -0.265374 -0.031705 0.476423
v -0.189960 0.453540 0.262550
v -0.176873 0.309235 0.132959
v -0.205160 0.388928 0.607825
v -0.307529 0.525681 -0.268342
v -0.280119 0.460037 -0.240353
v -0.202691 0.462599 0.197992
v -0.208248 0.458532 -0.739397
v -0.273227 0.459683 -0.297513
v -0.218888 0.573417 -1.039973
v -0.066471 0.378138 -0.367997
v -0.273605 0.453876 -0.251817
v -0.204299 0.452648 -0.723127
v -0.108614 0.269016 -0.052168
v -0.272500 0.451247 -0.242784
v -0.065936 0.375718 -0.358645
v 0.230286 -0.186531 0.441629
v 0.272890 -0.208783 0.674147
v 0.214404 -0.287632 0.464621
v 0.274718 -0.213271 0.703906
v 0.222885 -0.265980 0.921095
v 0.217542 -0.464676 0.856149
v -0.036741 -0.051163 1.355142
v 0.177360 -0.118371 1.337198
v 0.115212 0.000834 1.446123
v 0.210333 0.091396 1.440364
v 0.229014 0.025551 1.357910
v 0.198695 0.091481 1.044962
v 0.154680 0.105233 1.585111
v 0.040946 0.041272 1.550350
v 0.115304 0.010227 1.460069
v -0.060901 0.136505 1.610666
v -0.117538 0.063303 1.481123
v 0.026191 0.044284 1.552533
v -0.118747 0.057832 1.472646
v -0.048151 -0.044864 1.361941
v 0.026569 0.038603 1.544844
v -0.038272 -0.045667 1.363408
v 0.110731 0.005320 1.452622
v 0.035493 0.036733 1.543972
v 0.198910 0.088778 0.996829
v 0.223551 -0.252000 0.925064
v 0.328720 -0.005213 0.763135
v -0.257029 0.243549 -0.978967
v -0.294684 0.207083 -1.069343
v -0.266557 0.069221 -1.011984
v -0.201790 0.339565 -1.196181
v -0.204494 0.161071 -1.249830
v -0.292170 0.211887 -1.083054
v -0.207977 0.110229 -1.370832
v -0.202375 0.158004 -1.259715
v -0.199852 0.324525 -1.209665
v -0.294817 0.203565 -1.079364
v -0.206633 0.152454 -1.247105
v -0.285566 0.001916 -1.083174
v -0.294671 0.188629 -1.071162
v -0.286131 0.002470 -1.074679
v -0.267513 0.055517 -1.015779
v -0.300518 -0.071756 0.710347
v -0.281659 -0.148224 0.949296
v -0.307779 0.035424 0.759902
v -0.278725 -0.157703 0.950513
v -0.296937 -0.083861 0.719770
v -0.251356 -0.183095 0.823495
v -0.269706 -0.038652 1.301797
v -0.249782 -0.117479 1.095185
v -0.246285 -0.347439 1.174293
v -0.112933 0.600170 -1.186939
v 0.191449 0.603584 -1.140551
v 0.159058 0.582639 -1.218194
v 0.191580 0.605097 -1.131334
v -0.140199 0.601376 -1.181897
v -0.015770 0.623638 -0.746220
v 0.151421 -0.554995 1.361254
v 0.213271 -0.243726 1.306410
v 0.085747 -0.194800 1.310991
v 0.156820 -0.575175 1.364795
v 0.230112 -0.576069 1.371843
v 0.215752 -0.278591 1.312539
v 0.218357 -1.052308 1.700648
v -0.008465 -1.264327 1.803027
v 0.301742 -1.240507 1.753854
v 0.280746 -1.055681 1.663262
v 0.225895 -1.049382 1.696534
v 0.301404 -1.219803 1.744714
v -0.238369 -0.357007 1.302297
v -0.267838 -0.509871 1.296087
v -0.259119 -0.486932 1.337119
v -0.207696 0.303042 1.848920
v -0.210855 0.356520 1.855307
v -0.212053 0.268422 1.813948
v -0.217883 0.101497 1.470423
v -0.268750 -0.032245 1.314954
v -0.260693 -0.087704 1.325688
v 0.122927 0.012866 1.455973
v 0.204435 0.093037 1.457419
v 0.162091 0.107360 1.580341
v 0.218351 -0.129812 1.306218
v 0.190181 -0.128893 1.328858
v 0.215661 -0.217403 1.307907
v 0.211620 -0.233397 1.306925
v 0.182166 -0.131086 1.331143
v 0.090021 -0.186744 1.311293
v -0.249888 -0.191321 1.308684
v -0.261235 -0.098335 1.318590
v -0.265231 -0.070833 1.313266
v -0.204735 0.244994 1.795572
v -0.062550 0.146195 1.624274
v 0.071927 0.244014 1.816752
v 0.053867 -0.533595 0.267914
v 0.100966 -0.476621 0.516626
v -0.207601 -0.482414 0.273945
v 0.102122 -0.475240 0.529041
v 0.028181 -0.482299 0.733667
v -0.205934 -0.481023 0.286761
v -0.260416 -0.496306 0.479676
v 0.018628 -0.483159 0.741785
v -0.241240 -0.502080 0.774851
v -0.223981 -0.042690 -1.198554
v -0.235950 -0.147023 -1.074417
v -0.283451 -0.013297 -1.083149
v -0.284254 -0.009184 -1.075048
v -0.240283 -0.132973 -1.066964
v -0.266171 0.042339 -1.017840
v -0.188067 -0.467021 -1.159377
v 0.235410 -0.474351 -1.113172
v 0.028687 -0.482224 -0.626338
v 0.332674 -0.289794 -0.894679
v 0.297242 -0.215467 -1.008452
v 0.236496 -0.184584 -0.974984
v 0.299874 -0.214893 -1.019224
v 0.325531 -0.330781 -1.064007
v 0.283506 -0.136027 -1.050085
v 0.274200 0.245084 -1.028451
v 0.191355 0.376168 -1.009788
v 0.164212 0.316774 -0.983687
v -0.177797 0.294992 0.130538
v -0.190677 0.175738 0.202973
v -0.244022 0.202484 0.471562
v -0.262684 -0.019237 0.473324
v -0.225648 0.079557 0.387153
v -0.190747 -0.120279 0.151924
v -0.222481 0.085985 0.376465
v -0.190388 0.164408 0.203677
v -0.169336 -0.010123 0.159694
v 0.353543 0.493173 0.036316
v 0.255855 0.387002 -0.001715
v 0.298080 0.496298 -0.223928
v 0.353568 0.501459 0.025842
v 0.297739 0.504604 -0.236124
v 0.255813 0.694137 -0.287978
v 0.254478 0.384560 0.007081
v 0.351907 0.490451 0.045011
v 0.227540 0.367526 0.234998
v 0.245413 -0.504356 0.007679
v 0.251270 -0.425493 -0.230675
v 0.214661 -0.304665 0.427682
v 0.197386 -0.274433 -0.434681
v 0.336828 -0.298198 -0.879435
v 0.231902 -0.183419 -0.967045
v 0.144801 -0.193563 -0.105300
v 0.204158 -0.289938 -0.146797
v 0.190920 -0.273741 -0.383742
v 0.200047 -0.278485 -0.133299
v 0.144575 -0.188417 -0.094517
v 0.146266 -0.043399 0.083093
v 0.139668 0.580053 -1.224378
v -0.193965 0.523802 -1.304817
v -0.143583 0.598310 -1.191829
v -0.191520 -0.460353 -1.177120
v -0.200239 -0.368862 -1.319833
v -0.045983 -0.378373 -1.383667
v 0.152578 0.469523 -1.353672
v 0.217784 0.319592 -1.412144
v 0.034637 0.360135 -1.384411
v 0.262096 0.140485 -1.290082
v 0.314753 0.211549 -1.122653
v 0.302033 -0.118698 -1.146565
v -0.221996 -1.282841 1.715916
v -0.220015 -1.283014 1.712856
v -0.222415 -1.282899 1.715707
v -0.235418 -1.285170 1.707522
v -0.239449 -1.285759 1.705408
v -0.289700 -1.285095 1.751453
v -0.175133 -1.282655 1.713545
v -0.156432 -1.277147 1.682182
v -0.193598 -1.281221 1.720542
v -0.204164 -1.280843 1.723032
v -0.177446 -1.278948 1.689511
v -0.213391 -1.281809 1.719568
v -0.263236 -0.478261 0.810893
v -0.304504 -0.370417 0.471496
v -0.267105 -0.491788 0.472862
v -0.187194 0.604334 1.170891
v -0.211864 0.596913 0.843364
v -0.207601 0.585482 1.186297
v 0.366634 -1.353871 1.367358
v 0.400707 -1.389575 1.162010
v 0.372684 -1.269009 1.038357
v -0.229932 -1.305449 0.978666
v -0.147007 -1.261669 0.947122
v -0.259428 -1.426825 0.965645
v -0.207323 0.169172 -1.384156
v -0.211946 0.372747 -1.371270
v -0.195381 0.362466 -1.391681
v -0.212975 -0.232681 -1.376906
v -0.220688 -0.041021 -1.214274
v -0.209089 0.089472 -1.380281
v -0.208737 0.097914 -1.376041
v -0.219963 -0.028387 -1.215367
v -0.202841 0.148196 -1.259093
v 0.232339 -0.054089 -1.409006
v 0.029086 0.071916 -1.389675
v 0.244361 0.216733 -1.443925
v 0.221736 0.309663 -1.415866
v 0.241927 0.235276 -1.442096
v 0.052014 0.347234 -1.390166
v 0.218903 -0.373761 -1.278022
v 0.206463 -0.361028 -1.340254
v 0.233167 -0.104865 -1.395016
v -0.178643 0.544501 1.673455
v -0.205807 0.552768 1.508142
v -0.178558 0.476488 1.737530
v -0.200066 0.602122 0.893522
v -0.210860 0.598181 0.641773
v -0.212163 0.598483 0.732917
v 0.035675 -0.482122 0.740205
v 0.108659 -0.475154 0.538229
v 0.224490 -0.473298 0.731828
v 0.116070 -0.473411 0.533062
v 0.209150 -0.447155 0.544211
v 0.226132 -0.471648 0.717019
v 0.111443 -0.474762 0.523303
v 0.067234 -0.528240 0.289852
v 0.204751 -0.448441 0.534478
v -0.306084 -0.494474 -0.546924
v -0.264542 -0.447436 -0.831945
v 0.017888 -0.482131 -0.616637
v -0.214556 -0.482275 0.264972
v -0.139205 -0.499784 -0.137663
v 0.050401 -0.534139 0.258861
v -0.216630 -0.480393 0.229941
v -0.219406 -0.461889 0.002088
v -0.149692 -0.495947 -0.127744
v -0.220253 -0.475195 0.253557
v -0.221586 -0.361431 0.096044
v -0.223212 -0.455472 0.010699
v 0.265621 0.750353 -0.039795
v 0.248403 0.706096 -0.290689
v 0.136994 0.733644 -0.285027
v 0.274632 0.748610 -0.013710
v 0.220012 0.616881 0.428170
v 0.342157 0.692494 -0.001511
v 0.230769 0.581690 -0.851757
v 0.253850 0.695422 -0.317102
v 0.315783 0.474993 -0.667338
v 0.229198 0.545816 0.442539
v 0.356196 0.501691 0.045792
v 0.345933 0.683646 0.000915
v -0.248389 0.650391 -0.632873
v -0.257346 0.622025 -0.210275
v -0.077418 0.630546 -0.115972
v -0.253084 0.647116 -0.660228
v -0.222110 0.585397 -1.037402
v -0.305667 0.538226 -0.313619
v 0.262357 -0.429600 -0.745051
v 0.336851 -0.308159 -0.868691
v 0.254980 -0.420923 -0.287411
v 0.325828 -0.366162 -1.077741
v 0.244299 -0.468486 -1.119613
v 0.224014 -0.383047 -1.258393
v 0.218780 -0.384305 -1.272010
v 0.230078 -0.431888 -1.194719
v 0.211367 -0.376718 -1.309094
v 0.201597 -0.369188 -1.339589
v 0.235362 -0.468752 -1.133183
v 0.095012 -0.428514 -1.332760
v -0.206706 -0.420349 -1.217826
v -0.204514 -0.395990 -1.268378
v -0.199958 -0.443797 -1.193806
v -0.211747 -0.269462 -1.364339
v -0.205624 -0.362570 -1.318600
v -0.209183 -0.402125 -1.236514
v -0.193576 -0.254419 -1.384826
v -0.018088 -0.300187 -1.433490
v -0.037712 -0.369525 -1.394408
v -0.211300 0.382830 -1.369199
v -0.202458 0.474484 -1.332214
v -0.196368 0.373563 -1.387597
v 0.224211 0.326400 -1.401533
v 0.207082 0.507360 -1.290893
v 0.210964 0.442991 -1.198518
v 0.219356 0.336590 -1.403327
v 0.159172 0.474973 -1.349358
v 0.203315 0.506064 -1.299709
v -0.197843 -0.462114 -1.163648
v -0.288943 -0.394841 -0.877595
v -0.209725 -0.420829 -1.205940
v 0.202105 -0.349564 -1.348477
v 0.129300 -0.211691 -1.400839
v 0.230476 -0.077413 -1.406656
v 0.255429 -0.435124 -0.749729
v 0.037941 -0.481029 -0.624853
v 0.238580 -0.473388 -1.097361
v 0.195821 0.604650 -1.119842
v -0.005977 0.622694 -0.745039
v 0.223206 0.584485 -0.866021
v -0.214195 0.585936 -1.076496
v -0.242800 0.642936 -0.728167
v -0.154629 0.600639 -1.167968
v -0.215214 0.555626 -1.217819
v -0.214895 0.377940 -1.362715
v -0.209257 0.129676 -1.378430
v -0.268055 -1.498272 0.978693
v -0.264961 -1.498819 0.976730
v -0.265047 -1.532209 0.985782
v -0.259117 -1.504665 0.976433
v -0.260487 -1.499174 0.975477
v -0.259599 -1.499224 0.975297
v -0.255326 -1.482319 0.971137
v -0.246021 -1.499669 0.973733
v -0.251026 -1.499556 0.974139
v -0.249388 -1.473962 0.969243
v -0.223898 -1.499969 0.972696
v -0.235502 -1.499851 0.973117
v -0.275215 -1.482234 1.036308
v -0.271235 -1.463079 0.990364
v -0.274602 -1.487254 1.018293
v -0.274049 -1.490235 1.007568
v -0.271395 -1.471177 0.985551
v -0.273450 -1.492653 0.998892
v -0.272352 -1.495226 0.989634
v -0.271904 -1.490552 0.986731
v -0.272180 -1.495509 0.988618
v -0.269345 -1.497861 0.980169
v -0.270989 -1.527406 0.991419
v -0.270910 -1.497021 0.983181
v -0.270889 -1.083766 1.198388
v -0.270569 -0.958408 1.032399
v -0.260205 -1.150588 0.923249
v -0.269556 -0.957684 1.022218
v -0.248349 -0.979495 0.891944
v -0.259517 -1.143839 0.916490
v -0.295892 -0.753563 0.964163
v -0.259682 -0.647883 0.934526
v -0.240478 -0.690875 0.825722
v -0.240089 -0.699083 0.821597
v -0.254407 -0.815230 0.860927
v -0.295826 -0.762136 0.960846
v -0.255230 -0.644307 0.919207
v -0.232937 -0.632132 0.822245
v -0.237569 -0.683845 0.819145
v 0.341013 -1.492200 1.001362
v 0.301922 -1.552616 1.000699
v 0.333906 -1.494482 0.993164
v 0.334721 -1.494925 0.992148
v 0.339161 -1.492404 1.001189
v 0.320395 -1.526514 1.005610
v 0.398876 -1.396225 1.148756
v 0.337908 -1.489165 1.000087
v 0.359146 -1.354882 0.967293
v 0.334629 -1.495479 0.990181
v 0.338167 -1.492623 1.000434
v 0.329146 -1.512514 1.008911
v 0.334240 -1.496861 0.984844
v 0.337288 -1.492708 0.999742
v 0.332840 -1.506527 1.014936
v 0.298018 -0.792746 1.159192
v 0.242595 -0.805214 1.048228
v 0.248530 -0.724563 0.937520
v 0.233594 -0.651939 0.845714
v 0.246049 -0.715059 0.911390
v 0.247001 -0.782552 0.861812
v 0.131376 -1.458165 0.960486
v 0.160715 -1.500740 0.969915
v 0.142778 -1.501035 0.968857
v 0.281642 -1.502025 0.965266
v 0.277900 -1.502191 0.964671
v 0.287267 -1.472019 0.955620
v 0.221411 -1.199920 0.922355
v 0.267979 -1.094724 0.904243
v 0.275848 -1.184109 0.940304
v 0.367693 -1.265599 1.015352
v 0.357066 -1.340286 0.962746
v 0.318893 -1.270318 0.938444
v 0.371626 -1.267682 1.024083
v 0.399164 -1.386163 1.145598
v 0.360494 -1.345923 0.968974
v 0.234800 -0.695265 0.842602
v 0.244587 -0.790612 0.854353
v 0.235201 -0.792592 0.841402
v -0.242248 -0.681667 1.441611
v -0.198745 -0.473149 1.356349
v -0.254343 -0.491917 1.345450
v -0.238198 -0.703650 1.453997
v -0.131452 -0.614427 1.455241
v -0.191757 -0.481040 1.362972
v -0.232349 -0.754840 1.475443
v -0.149117 -0.639674 1.459559
v -0.239781 -0.715454 1.458502
v -0.220565 -0.918191 1.627606
v -0.101252 -0.807931 1.611696
v -0.230343 -0.771183 1.486937
v -0.266949 -0.956137 1.590045
v -0.252334 -1.061626 1.623206
v -0.228805 -0.933264 1.628132
v -0.256668 -1.143607 1.671367
v -0.149783 -1.026694 1.652332
v -0.249095 -1.083319 1.629704
v -0.253980 -0.841764 1.523665
v -0.239402 -0.764924 1.479908
v -0.243372 -0.743882 1.470857
v -0.260540 -1.142291 1.662190
v -0.253497 -1.086218 1.623440
v -0.254438 -1.085144 1.545909
v 0.283689 -0.876569 1.549355
v 0.325659 -0.909357 1.485085
v 0.276923 -0.773956 1.495392
v 0.276575 -0.860391 1.548202
v 0.270159 -0.763080 1.497027
v 0.227567 -0.758617 1.525843
v 0.287007 -0.615069 0.968369
v 0.293235 -0.513368 1.026455
v 0.307908 -0.662381 1.086321
v -0.243576 -0.649049 1.097353
v -0.296070 -0.758594 0.981270
v -0.226776 -0.786436 1.177549
v -0.257085 -0.673981 1.213745
v -0.225059 -0.790137 1.191152
v -0.213014 -0.858636 1.304269
v -0.121478 -0.617042 1.457494
v -0.116177 -0.697184 1.483364
v 0.076005 -0.437980 1.354876
v 0.218945 -0.758808 1.529793
v -0.069219 -0.806040 1.609134
v 0.273877 -0.872888 1.554855
v -0.101348 -0.818400 1.616702
v -0.217584 -0.925817 1.632201
v -0.136254 -1.004226 1.651205
v 0.236344 -0.575459 1.365537
v 0.259532 -0.561745 1.186015
v 0.252192 -0.465391 1.312372
v 0.276593 -0.765664 1.487127
v 0.328442 -0.909713 1.476162
v 0.316544 -0.819932 1.317677
v 0.330043 -0.918689 1.473764
v 0.326226 -1.014327 1.414532
v 0.318361 -0.830542 1.318164
v 0.287948 -1.054483 1.640370
v 0.356610 -1.170622 1.353931
v 0.326359 -1.028604 1.417040
v 0.287286 -1.058984 1.653383
v 0.368927 -1.269525 1.630162
v 0.358158 -1.178862 1.357723
v 0.323817 -1.024779 1.400569
v 0.323525 -1.122188 1.153722
v 0.249103 -0.975994 1.191576
v 0.189640 -0.491402 0.805282
v 0.125136 -0.512514 0.787566
v 0.057021 -0.487797 0.756616
v 0.305678 -0.669591 1.080113
v 0.250797 -0.707801 0.925604
v 0.285141 -0.623101 0.964212
v 0.316063 -0.810322 1.286684
v 0.305667 -0.790538 1.180964
v 0.309530 -0.688516 1.112148
v 0.218261 -0.471757 0.863038
v 0.223552 -0.275002 0.927349
v 0.289221 -0.497008 1.019989
v 0.223644 -0.261260 0.933879
v 0.220956 -0.135989 1.044976
v 0.302366 -0.357497 1.103548
v -0.269016 -0.528935 1.290276
v -0.260685 -0.658682 1.217647
v -0.241718 -0.824377 1.399692
v -0.257340 -0.678269 1.225857
v -0.212754 -0.865082 1.317440
v -0.238986 -0.838609 1.402018
v -0.267352 -0.541214 1.304708
v -0.240931 -0.827167 1.410609
v -0.244983 -0.715044 1.451182
v -0.284140 -1.345716 1.526124
v -0.284479 -1.322121 1.610786
v -0.279391 -1.247420 1.504494
v 0.129458 -0.520487 0.790533
v 0.207090 -0.495079 0.811855
v 0.140145 -0.640397 0.808444
v 0.144779 -0.651251 0.811349
v 0.212698 -0.503818 0.814810
v 0.226998 -0.635839 0.837381
v -0.253226 -1.167605 0.917977
v -0.142212 -1.249346 0.944003
v -0.229994 -1.295691 0.977395
v 0.286745 -1.195915 0.946118
v 0.362461 -1.257101 1.012738
v 0.314441 -1.261745 0.937059
v 0.249047 -0.867447 0.869203
v 0.262222 -1.029000 0.892449
v 0.244572 -0.964604 0.883391
v 0.278011 -1.192655 0.941450
v 0.304476 -1.255560 0.932793
v 0.225161 -1.208005 0.924024
v 0.235416 -0.801770 0.842575
v 0.244846 -0.799780 0.855588
v 0.239995 -0.905110 0.870969
v -0.266934 -0.942314 1.046409
v -0.212302 -0.868933 1.303804
v -0.224759 -0.798091 1.186819
v 0.098547 -0.520661 0.789392
v -0.227486 -0.621052 0.816277
v -0.240346 -0.507154 0.781541
v 0.301239 -0.799645 1.174309
v 0.247510 -0.959201 1.183428
v 0.242212 -0.812925 1.056129
v 0.244357 -0.699965 0.909070
v 0.232087 -0.637786 0.844372
v 0.219129 -0.501666 0.859154
v -0.232088 -0.685611 0.814421
v -0.227279 -0.631932 0.817639
v 0.083044 -0.657496 0.810524
v -0.261365 -0.495218 0.584199
v -0.248699 -0.499032 0.779174
v -0.258731 -0.486007 0.814380
v 0.214402 -1.217719 0.922694
v 0.299311 -1.393024 0.932457
v 0.127617 -1.427303 0.953929
v 0.015329 -1.063352 0.879397
v -0.221810 -0.979751 0.886298
v 0.217725 -0.970213 0.883409
v 0.034950 -1.064474 0.880086
v 0.236871 -0.971554 0.884089
v 0.264745 -1.073252 0.898393
v -0.243959 -1.163651 0.915692
v 0.175351 -1.206878 0.922434
v -0.132864 -1.245451 0.941737
v -0.254467 -1.087943 1.519556
v -0.236482 -1.179800 1.317561
v -0.277069 -1.230945 1.493832
v -0.269518 -1.090848 1.207455
v -0.259265 -1.154974 0.943417
v -0.236637 -1.175709 1.292918
v -0.144631 0.379903 -0.888734
v -0.174656 0.188107 -0.933774
v -0.030904 0.354715 -0.823011
v -0.165246 0.186888 -0.932900
v -0.013870 0.274878 -0.904550
v -0.025838 0.348462 -0.825484
v -0.260750 0.068567 -1.005299
v -0.186415 0.173860 -0.942974
v -0.251311 0.241269 -0.972590
v -0.145890 -0.046352 -0.966465
v -0.260368 0.045291 -1.010355
v -0.232017 -0.146699 -1.064152
v 0.218006 -0.174383 -0.971946
v 0.027939 0.001481 -0.943885
v -0.034561 -0.173234 -0.865021
v 0.045422 -0.004519 -0.951067
v 0.227667 -0.173146 -0.977972
v 0.272645 -0.116044 -1.047960
v 0.235614 0.143664 -0.991747
v 0.034916 0.009753 -0.948187
v 0.273417 -0.107307 -1.049890
v 0.169001 0.303482 -0.983659
v 0.239174 0.159983 -0.993325
v 0.281909 0.229888 -1.029612
v 0.142055 0.137528 0.125436
v 0.097587 0.253693 -0.035697
v 0.189267 0.243511 0.168698
v -0.166328 -0.025312 0.147586
v -0.097834 -0.098887 -0.012054
v -0.183802 -0.126004 0.128992
v -0.185864 0.162999 0.195183
v -0.032174 0.068177 0.024725
v -0.164782 -0.011778 0.151138
v -0.170266 0.296121 0.112752
v -0.106093 0.259981 -0.036717
v -0.030705 0.081105 0.016897
v -0.034064 0.078767 0.025554
v -0.186841 0.173026 0.195000
v -0.173774 0.294014 0.121512
v 0.090279 0.262688 -0.057990
v -0.000053 0.290508 -0.150400
v 0.124925 0.321322 -0.150260
v -0.032497 -0.180008 -0.860184
v 0.021154 -0.214013 -0.818595
v 0.202169 -0.181075 -0.959531
v -0.101026 -0.270487 -0.651621
v 0.014844 -0.215928 -0.812073
v -0.038626 -0.182038 -0.853521
v 0.009824 -0.237341 -0.405372
v -0.110650 -0.278342 -0.614896
v -0.183870 -0.266246 -0.203623
v 0.018037 -0.231721 -0.387143
v -0.008121 -0.153595 -0.150735
v 0.133457 -0.186793 -0.104647
v -0.146572 0.387751 -0.880774
v -0.003342 0.403135 -0.675608
v -0.200292 0.451428 -0.742587
v -0.198296 0.451757 -0.732485
v 0.002169 0.402602 -0.664310
v -0.062064 0.378109 -0.381465
v 0.173864 0.379096 -0.999286
v -0.018122 0.354392 -0.825104
v -0.005891 0.279191 -0.905908
v 0.262853 0.399973 -0.769179
v 0.018717 0.402450 -0.676549
v 0.201256 0.428694 -0.966656
v 0.263429 0.398917 -0.759547
v 0.241891 0.373960 -0.459281
v 0.016177 0.401425 -0.665736
v -0.006257 0.293167 -0.158737
v -0.052727 0.370788 -0.350664
v 0.121925 0.324771 -0.158593
v -0.052508 0.374879 -0.363491
v 0.238261 0.372138 -0.442623
v 0.129820 0.326840 -0.162979
v -0.173538 0.471121 1.752141
v -0.084781 0.498058 1.802235
v -0.173626 0.542068 1.685302
v -0.174686 0.464995 1.758931
v -0.204640 0.392261 1.855720
v -0.083915 0.492543 1.810162
v 0.186451 0.392546 1.861358
v -0.073388 0.492890 1.813636
v -0.199425 0.388194 1.861199
v 0.134059 0.521860 1.755815
v -0.060209 0.496106 1.810600
v 0.200157 0.395560 1.858418
v -0.166492 0.546415 1.682583
v -0.072478 0.499844 1.806319
v 0.119669 0.525316 1.752132
v 0.228204 0.445635 1.316778
v 0.246145 0.320754 1.732091
v 0.296952 0.259442 1.613989
v 0.080168 0.250050 1.824445
v 0.196305 0.288070 1.857631
v -0.162196 0.296224 1.851210
v -0.212224 0.577347 1.197994
v -0.302902 0.261840 1.134768
v -0.285633 0.315373 1.273100
v -0.211817 0.555268 1.466102
v -0.248398 -1.451538 0.965742
v 0.113828 -1.438324 0.956368
v 0.095774 -1.501264 0.968021
v 0.053783 -1.504629 0.973156
v -0.136333 -1.500285 0.971571
v -0.212598 0.590473 0.481914
v -0.190990 0.460923 0.273402
v -0.206415 0.395357 0.623772
v 0.133209 -1.501127 0.968506
v 0.105413 -1.501238 0.968111
v 0.119853 -1.450912 0.958700
v -0.030625 -1.272536 1.800371
v -0.025520 -1.267922 1.805442
v -0.028274 -1.271304 1.804164
v -0.247842 -1.165902 1.686283
v -0.169153 -1.275042 1.766488
v -0.178810 0.606733 1.179911
v -0.173068 0.550220 1.664778
v 0.204683 0.591656 1.305997
v 0.184230 0.554411 1.629486
v -0.153520 0.548324 1.676631
v 0.134021 0.527123 1.746515
v 0.229741 0.311441 0.563474
v 0.223109 0.361041 0.286483
v 0.222485 0.397760 0.815784
v 0.222676 0.368681 0.262929
v 0.222692 0.538375 0.465680
v 0.222010 0.407903 0.828311
v 0.221869 0.409771 0.850511
v 0.222551 0.540314 0.487683
v 0.213863 0.585669 1.276829
v 0.071061 0.618885 0.442681
v -0.178731 0.610879 0.271951
v 0.142758 0.613067 1.005922
v 0.101855 -0.393910 1.335334
v 0.075786 -0.193021 1.311211
v -0.152565 -0.234704 1.322394
v 0.095630 -0.400869 1.336428
v -0.161336 -0.240070 1.323358
v -0.187720 -0.461130 1.354413
v -0.246712 -0.358315 1.168352
v -0.250188 -0.129715 1.089712
v -0.287955 -0.456355 0.993670
v -0.288419 -0.447213 0.980382
v -0.279032 -0.164213 0.962521
v -0.250326 -0.190845 0.829301
v -0.261035 -0.467062 0.831019
v -0.248971 -0.192066 0.817648
v -0.252903 -0.185737 0.615679
v -0.303699 -0.349868 0.471922
v -0.254253 -0.180752 0.600324
v -0.265571 -0.033853 0.485376
v 0.058176 -0.186857 1.311851
v -0.211261 -0.117724 1.334026
v -0.162326 -0.227107 1.322650
v 0.348407 -1.305941 1.669814
v 0.349509 -1.306908 1.666344
v 0.354362 -1.298841 1.659637
v 0.353726 -1.312324 1.647259
v 0.361892 -1.293158 1.642891
v 0.351938 -1.309707 1.656649
v 0.355264 -1.319379 1.621940
v 0.364872 -1.290950 1.632962
v 0.354713 -1.314793 1.638396
v 0.363352 -1.297661 1.620617
v 0.355031 -1.322282 1.611071
v 0.353689 -1.326761 1.595001
v 0.233864 -0.178323 0.450927
v 0.329019 -0.012589 0.748812
v 0.277834 -0.201288 0.690901
v 0.277609 -0.202926 0.699927
v 0.328955 -0.013636 0.758020
v 0.225864 -0.255547 0.916749
v 0.256000 0.192632 0.598185
v 0.211646 0.244768 0.798489
v 0.328102 0.007152 0.753761
v -0.229388 -0.267552 -0.943293
v -0.221011 -0.317592 -1.150632
v -0.302671 -0.381261 -0.824242
v -0.290871 -0.290728 -0.759508
v -0.026395 -1.267942 1.805422
v -0.022892 -1.278255 1.807053
v -0.012244 -1.267301 1.807721
v 0.008689 -1.283105 1.807243
v -0.015458 -1.267751 1.805999
v -0.045191 -1.267420 1.807188
v -0.308843 0.055896 0.789812
v -0.316513 0.131851 1.092965
v -0.305682 0.245268 1.121476
v -0.285867 0.301035 1.271351
v -0.313934 0.131508 1.105902
v -0.236595 0.111868 1.263756
v -0.289337 0.299687 1.257800
v -0.304907 0.251175 1.132496
v -0.315182 0.143582 1.105449
v -0.022260 0.624853 -0.727492
v -0.246590 0.651139 -0.656807
v -0.072165 0.630892 -0.129464
v -0.069923 0.629969 -0.090294
v -0.183973 0.611001 0.257149
v 0.067733 0.619069 0.429187
v -0.268188 -0.022466 1.312495
v -0.211536 0.126486 1.485644
v -0.234034 0.102958 1.273762
v -0.134987 -0.164855 -1.401937
v 0.112075 -0.213638 -1.403623
v -0.011917 -0.291608 -1.435084
v -0.201971 0.447445 -0.761917
v -0.196911 0.399398 -1.017829
v -0.151991 0.388201 -0.890483
v -0.217415 0.576072 -1.071499
v -0.200786 0.403677 -1.034864
v -0.206281 0.455852 -0.756965
v -0.199753 0.355798 -1.188619
v -0.200669 0.401440 -1.043869
v -0.216897 0.569667 -1.079619
v -0.207994 0.181784 -1.327821
v -0.201610 0.350166 -1.201184
v -0.214368 0.509321 -1.120070
v -0.254964 0.253193 -0.979061
v -0.206817 0.383477 -1.036652
v -0.292449 0.216891 -1.069030
v -0.213575 -0.245573 -1.365999
v -0.218521 -0.312473 -1.172382
v -0.233356 -0.164174 -1.079813
v -0.221284 -0.046858 -1.207088
v -0.213651 -0.236517 -1.368022
v -0.233617 -0.154362 -1.079177
v -0.209982 -0.409241 -1.216869
v -0.217750 -0.320757 -1.176717
v -0.212947 -0.255798 -1.364717
v 0.020740 0.353191 -1.384923
v 0.016012 0.073368 -1.388462
v -0.144566 -0.145064 -1.400058
v -0.187175 0.360720 -1.395199
v -0.145741 -0.056403 -0.965665
v -0.231738 -0.156598 -1.063204
v -0.224414 -0.254374 -0.948061
v -0.233778 -0.163426 -1.068416
v -0.219020 -0.310943 -1.160497
v -0.226429 -0.261522 -0.952896
v -0.214140 0.398283 1.562673
v -0.208913 0.139941 1.506055
v -0.213200 0.250892 1.795599
v -0.211628 0.379650 1.856043
v 0.029799 0.349748 -1.385917
v 0.240728 0.225399 -1.443594
v 0.025248 0.080444 -1.389292
v -0.234691 0.117760 1.272612
v -0.216943 0.393615 1.543659
v -0.284371 0.308494 1.280270
v -0.247201 0.203893 0.505350
v -0.214793 0.177173 0.703474
v -0.207203 0.349945 0.855651
v -0.207478 0.383756 0.636463
v -0.054668 0.143497 1.620198
v 0.154962 0.115139 1.596487
v 0.079177 0.240857 1.811772
v 0.208521 0.246734 0.816809
v 0.246163 0.268432 1.262160
v 0.197035 0.101527 1.002658
v 0.222713 0.402858 0.872743
v 0.225180 0.452854 1.284314
v 0.247506 0.279964 1.274777
v 0.148125 0.612513 1.043560
v -0.170117 0.607325 1.173046
v 0.207080 0.592496 1.297062
v -0.302456 0.055191 0.758406
v -0.210374 0.336353 0.854819
v -0.216709 0.172192 0.710134
v -0.278557 -1.248046 1.481543
v -0.269412 -1.445793 0.982850
v -0.275855 -1.464658 1.099789
v -0.269008 -1.448776 1.173571
v -0.277315 -1.393007 1.356412
v -0.250812 -0.182993 0.810878
v -0.297706 -0.080901 0.704166
v -0.254612 -0.176878 0.615729
v -0.303748 0.043179 0.739549
v -0.271219 0.064318 0.648619
v -0.267898 -0.010300 0.510719
v -0.300147 -0.069189 0.701386
v -0.307316 0.036631 0.750313
v -0.268343 -0.021507 0.501548
v -0.254643 -0.173813 0.606200
v -0.298072 -0.077090 0.695325
v -0.265821 -0.028737 0.492679
v -0.234926 -1.306418 0.985286
v -0.267576 -1.440772 0.970873
v -0.276913 -1.245683 1.462817
v -0.276113 -1.470490 1.078480
v -0.271485 -1.458432 1.003276
v -0.275596 -1.478221 1.050739
v 0.144748 -0.012353 0.117716
v 0.145151 0.129489 0.129976
v 0.190807 0.234623 0.174130
v 0.199813 -0.078200 0.237511
v -0.278080 -1.367093 1.449419
v -0.283750 -1.348206 1.517192
v -0.279115 -1.252277 1.496082
v 0.221754 0.358056 0.251285
v 0.228572 0.307065 0.536042
v 0.195210 0.253703 0.184536
v 0.231139 0.296871 0.561537
v 0.253936 0.196675 0.585442
v 0.205926 -0.056031 0.274008
v 0.253873 0.180070 0.579358
v 0.229839 -0.175100 0.433473
v 0.203402 -0.085588 0.251963
v 0.026958 -0.484077 -0.596665
v 0.079524 -0.527555 -0.288545
v -0.132452 -0.500063 -0.162675
v 0.033664 -0.482284 -0.611837
v 0.251107 -0.436388 -0.736687
v 0.086238 -0.525768 -0.303670
v -0.223810 -0.452504 -0.011664
v -0.193339 -0.271582 -0.190849
v -0.320469 -0.346419 -0.533793
v -0.221879 -0.475855 0.269709
v -0.301422 -0.368256 0.451049
v -0.223237 -0.359976 0.109266
v -0.188799 -0.134732 0.136002
v -0.221104 -0.343960 0.101730
v -0.261835 -0.032147 0.462311
v -0.187861 -0.138720 0.126180
v -0.191587 -0.266182 -0.176345
v -0.220373 -0.349285 0.091689
v -0.094758 -0.104709 -0.025392
v -0.187330 -0.257615 -0.175835
v -0.183680 -0.132759 0.120503
v -0.320391 -0.344218 -0.551735
v -0.192396 -0.268871 -0.206459
v -0.118549 -0.281070 -0.621250
v -0.190740 0.454012 0.250770
v -0.274125 0.451253 -0.221299
v -0.177490 0.307900 0.119556
v -0.191090 0.463870 0.256249
v -0.190502 0.605274 0.254546
v -0.303266 0.531367 -0.242732
v -0.227107 0.573036 -0.982538
v -0.280677 0.460913 -0.250592
v -0.308345 0.527175 -0.278845
v -0.014758 0.291411 -0.155429
v -0.099426 0.267464 -0.056597
v -0.059774 0.366602 -0.341347
v -0.175151 0.303406 0.110064
v -0.270826 0.445334 -0.227404
v -0.110383 0.266931 -0.040792
v 0.213111 -0.307232 0.473580
v 0.230729 -0.465509 0.716175
v 0.213720 -0.440978 0.543095
v 0.214298 -0.294942 0.471363
v 0.275502 -0.212427 0.690629
v 0.233086 -0.463741 0.730086
v 0.232604 -0.468501 0.740077
v 0.273087 -0.228639 0.702419
v 0.218021 -0.470771 0.849047
v 0.198041 0.072977 1.002335
v 0.218550 -0.125617 1.042293
v 0.221145 -0.246546 0.935047
v 0.229605 0.019065 1.344745
v 0.218720 -0.120238 1.050656
v 0.197016 0.089931 1.008369
v 0.218724 -0.233693 1.300676
v 0.219158 -0.131432 1.068951
v 0.221910 -0.129960 1.298677
v -0.205595 0.141806 -1.248459
v -0.222723 -0.034838 -1.204717
v -0.282679 -0.005205 -1.088368
v -0.235984 0.103221 1.259664
v -0.313787 0.122979 1.100863
v -0.250923 -0.102496 1.093970
v -0.308163 0.040845 0.767605
v -0.280911 -0.150764 0.965208
v -0.316285 0.121275 1.088619
v -0.279177 -0.151164 0.974776
v -0.251828 -0.111672 1.085068
v -0.312703 0.106670 1.091743
v 0.257647 -1.276428 1.774915
v 0.293562 -1.249828 1.758569
v 0.002696 -1.272183 1.804628
v -0.011177 -1.268134 1.804636
v -0.170153 0.379676 1.863036
v 0.213044 0.297126 1.860991
v 0.204379 0.383901 1.863189
v 0.111982 -0.401991 1.337813
v 0.121249 -0.439597 1.343953
v 0.106032 -0.356139 1.332307
v 0.223518 -0.289217 1.311217
v 0.236205 -0.552041 1.363612
v 0.249833 -0.457393 1.317896
v 0.309963 -1.250009 1.751012
v 0.306253 -1.281716 1.755949
v 0.311001 -1.286359 1.756362
v 0.339242 -1.299469 1.692261
v 0.363914 -1.276815 1.647122
v 0.272137 -1.276929 1.773014
v 0.276751 -1.277122 1.772319
v 0.283583 -1.268451 1.767804
v 0.288077 -1.277696 1.770195
v 0.287383 -1.277652 1.770350
v 0.286261 -1.280001 1.771395
v 0.297018 -1.278528 1.767211
v 0.293370 -1.278086 1.768798
v 0.286226 -1.301106 1.777258
v 0.301475 -1.279473 1.763933
v 0.297753 -1.278645 1.766904
v 0.290461 -1.314964 1.776976
v 0.304034 -1.280495 1.760349
v 0.301624 -1.279571 1.763664
v 0.298240 -1.309351 1.768351
v -0.279784 -1.289260 1.712368
v -0.279518 -1.286637 1.725706
v -0.262921 -1.160433 1.673616
v -0.278275 -1.235800 1.510485
v -0.280578 -1.292009 1.703400
v 0.345154 -1.303227 1.679246
v 0.344352 -1.302658 1.681287
v 0.339593 -1.308333 1.689421
v 0.288004 -1.066753 1.661570
v 0.309974 -1.241297 1.748195
v 0.366592 -1.269419 1.639216
v 0.245258 0.316863 1.743882
v 0.220560 0.289091 1.850691
v 0.255043 0.172382 1.703356
v 0.296211 0.253468 1.621534
v -0.278032 -1.284913 1.734773
v -0.277803 -1.284767 1.735532
v -0.276665 -1.274582 1.730509
v -0.274757 -1.283328 1.743043
v -0.276276 -1.301894 1.753330
v -0.274178 -1.283115 1.744069
v -0.270490 -1.282112 1.748941
v -0.271850 -1.316130 1.769280
v -0.269039 -1.281784 1.750249
v -0.262534 -1.280727 1.754106
v -0.262663 -1.276298 1.751293
v -0.262842 -1.280772 1.753968
v -0.247001 -1.278531 1.758229
v -0.255365 -1.225489 1.722601
v -0.253797 -1.279500 1.756904
v -0.251111 -1.193335 1.703193
v -0.237859 -1.277369 1.759637
v -0.217975 -1.275107 1.761880
v -0.243702 -1.187128 1.699936
v -0.208270 -1.274566 1.762689
v -0.180161 -1.275259 1.764708
v -0.170700 -0.246794 1.321939
v -0.228593 -0.327199 1.301897
v -0.194568 -0.446777 1.350033
v 0.218807 0.297115 1.856481
v 0.241054 0.323188 1.755376
v 0.210465 0.380657 1.858598
v -0.054067 -0.049708 1.355251
v -0.124724 0.053076 1.466050
v -0.211190 -0.104417 1.339209
v -0.213995 -0.091377 1.349398
v -0.130413 0.060861 1.472007
v -0.204539 0.123884 1.494999
v -0.126741 0.066452 1.478643
v -0.071229 0.138200 1.605612
v -0.201019 0.129603 1.501681
v -0.223528 -0.105691 1.336442
v -0.215217 0.083509 1.464415
v -0.255782 -0.095772 1.327269
v 0.122909 0.005980 1.448420
v 0.217125 -0.111667 1.315035
v 0.205592 0.087307 1.449886
v 0.222223 -0.092540 1.320299
v 0.228640 0.018063 1.362613
v 0.212518 0.074886 1.433770
v 0.142319 -0.032902 1.412541
v 0.187635 -0.119822 1.333118
v 0.212579 -0.120636 1.313071
v 0.219540 -0.122171 1.068164
v 0.229995 0.011634 1.350645
v 0.222317 -0.120685 1.300023
v -0.245535 -0.353665 1.181672
v -0.234095 -0.323124 1.294450
v -0.268118 -0.055928 1.304613
v -0.254212 -0.115274 1.322209
v -0.229910 -0.314426 1.300993
v -0.170718 -0.232216 1.321484
v -0.250069 -0.106003 1.325114
v -0.186226 -0.195421 1.324560
v -0.222426 -0.114503 1.332976
v -0.208645 0.241190 1.786046
v -0.204328 0.134885 1.508633
v -0.068596 0.143876 1.617322
v 0.296398 0.248497 1.614030
v 0.255126 0.168384 1.694700
v 0.214298 0.104306 1.467933
v 0.246794 0.160378 1.686685
v 0.166572 0.113271 1.590439
v 0.207877 0.099300 1.470534
v 0.214763 0.286919 1.855920
v 0.089479 0.245905 1.820120
v 0.247506 0.173275 1.712130
v 0.247900 0.166405 1.701971
v 0.089512 0.239201 1.810208
v 0.163331 0.116745 1.600509
v 0.314717 0.214609 -1.113596
v 0.289206 0.225756 -1.037709
v 0.280424 -0.111435 -1.057507
v 0.301799 -0.128239 -1.138330
v -0.218376 -0.481709 0.282927
v 0.012195 -0.482966 0.723067
v -0.260695 -0.495823 0.466738
v 0.086510 -0.431393 -1.330371
v 0.232539 -0.473259 -1.122720
v -0.181432 -0.466093 -1.167888
v 0.300576 -0.133878 -1.148112
v 0.222887 -0.363824 -1.267035
v 0.260714 0.124819 -1.291359
v 0.204968 0.433498 -0.969424
v 0.229194 0.577456 -0.862403
v 0.314374 0.469645 -0.675813
v 0.269155 0.404025 -0.767785
v 0.276768 -0.077012 -1.047759
v 0.284203 0.218267 -1.030501
v 0.242553 0.150137 -0.995135
v 0.339324 -0.300176 -0.892112
v 0.331285 -0.354247 -1.063254
v 0.301963 -0.221806 -1.012075
v 0.301819 -0.144771 -1.144059
v 0.329275 -0.357166 -1.076431
v 0.224171 -0.374597 -1.262920
v 0.277488 -0.124640 -1.046593
v 0.235391 -0.178084 -0.981089
v 0.294854 -0.208315 -1.013850
v 0.281354 -0.120985 -1.058216
v 0.328089 -0.337563 -1.073698
v 0.302220 -0.137445 -1.137417
v 0.207108 0.511219 -1.280237
v 0.226210 0.572816 -0.899592
v 0.210927 0.447890 -1.189356
v 0.193569 0.382474 -1.016063
v 0.286751 0.234657 -1.037142
v 0.313029 0.223335 -1.114636
v 0.212454 0.436384 -1.183380
v 0.203635 0.434704 -0.979831
v 0.210953 0.446026 -1.170442
v 0.226415 0.572413 -0.877290
v 0.192141 0.390240 -1.012860
v 0.208238 0.436067 -1.154978
v 0.201759 0.426044 -0.986229
v -0.176529 -1.312785 1.602634
v -0.229820 -1.288329 1.692314
v -0.149721 -1.278496 1.658318
v -0.262934 -0.010341 0.477749
v -0.248483 0.188410 0.491795
v -0.226869 0.085861 0.393838
v -0.246549 0.194512 0.485108
v -0.193533 0.167931 0.218177
v -0.224828 0.091459 0.386669
v -0.207309 0.382514 0.624299
v -0.178545 0.301479 0.141435
v -0.247256 0.205500 0.495259
v -0.186592 -0.120149 0.138542
v -0.219756 0.069745 0.362069
v -0.169431 -0.021262 0.156802
v 0.270505 0.402161 -0.755431
v 0.315075 0.465465 -0.666905
v 0.250156 0.378582 -0.471741
v 0.313020 0.462877 -0.641869
v 0.254065 0.384352 -0.048176
v 0.248615 0.376681 -0.448249
v 0.316476 0.475815 -0.649745
v 0.254329 0.697004 -0.298301
v 0.296982 0.504183 -0.245547
v 0.296653 0.495490 -0.240645
v 0.255770 0.389668 -0.025495
v 0.315083 0.468670 -0.622791
v 0.225014 0.537942 0.451674
v 0.224998 0.368432 0.249144
v 0.351894 0.493857 0.055292
v 0.195526 0.254301 0.174076
v 0.248829 0.376036 0.015941
v 0.222209 0.359202 0.241175
v 0.192447 0.251435 0.165290
v 0.098633 0.261854 -0.043861
v 0.246869 0.375725 0.003835
v 0.097543 0.264332 -0.052863
v 0.132803 0.324004 -0.146768
v 0.241407 0.374845 -0.006574
v 0.136324 0.327353 -0.155196
v 0.241898 0.371453 -0.427446
v 0.247562 0.379426 -0.011601
v 0.212207 -0.289143 0.449797
v 0.206779 -0.289462 -0.125198
v 0.202349 -0.092216 0.242683
v 0.213601 -0.298166 0.413196
v 0.249823 -0.417717 -0.238205
v 0.208366 -0.298474 -0.141383
v 0.333839 -0.305630 -0.836791
v 0.209482 -0.298755 -0.153414
v 0.251366 -0.419224 -0.251232
v 0.196554 -0.277633 -0.405943
v 0.209120 -0.293007 -0.181036
v 0.324042 -0.299361 -0.812570
v 0.022103 -0.236416 -0.400273
v 0.139041 -0.190896 -0.114060
v 0.186721 -0.273787 -0.401923
v 0.145476 -0.020595 0.113852
v 0.200201 -0.086685 0.234351
v 0.204513 -0.278652 -0.123683
v -0.180692 0.520342 -1.309410
v 0.157084 0.577291 -1.227971
v 0.149910 0.480659 -1.346912
v 0.078856 -0.428755 -1.335820
v -0.180397 -0.462330 -1.178606
v -0.033598 -0.379639 -1.386944
v 0.136016 0.466490 -1.354442
v 0.023633 0.362257 -1.383733
v -0.166225 0.369132 -1.393107
v 0.260892 0.150356 -1.289427
v 0.215007 0.429313 -1.190264
v 0.313205 0.220955 -1.123093
v -0.231392 -1.284382 1.710459
v -0.230505 -1.284211 1.711073
v -0.225257 -1.284463 1.704837
v -0.169277 -1.318342 1.587906
v -0.144029 -1.283566 1.645232
v -0.083485 -1.318197 1.563669
v -0.139230 -1.277254 1.662489
v -0.142642 -1.285665 1.698604
v -0.131376 -1.288751 1.697789
v -0.089034 -1.306680 1.629687
v -0.145898 -1.277940 1.679689
v -0.164283 -1.283383 1.708722
v -0.150685 -1.284735 1.701770
v -0.065728 -1.316983 1.563836
v -0.132202 -1.280332 1.651020
v -0.083281 -1.310120 1.618368
v 0.226872 0.310461 -1.411142
v 0.212342 0.432453 -1.198399
v 0.259150 0.149449 -1.299018
v 0.248468 0.227694 -1.440228
v -0.266120 -0.491628 0.463720
v -0.302918 -0.372208 0.462376
v -0.224818 -0.477853 0.284327
v 0.080831 0.618593 0.446192
v 0.150977 0.612900 0.997246
v 0.205590 0.606429 0.477859
v 0.155948 0.611721 1.036909
v 0.208849 0.593760 1.264377
v 0.206409 0.605742 0.557013
v 0.211499 0.601310 0.478326
v 0.213924 0.589398 1.181561
v 0.221756 0.548513 0.470187
v -0.242332 -0.638126 1.103333
v -0.258164 -0.653543 1.202195
v -0.217529 -0.525501 1.117093
v -0.242073 -0.637385 1.094142
v -0.216791 -0.522587 1.108168
v -0.256609 -0.637411 0.951591
v 0.359687 -1.184851 1.341687
v 0.364648 -1.348314 1.381851
v 0.370895 -1.260697 1.042168
v 0.246482 -0.720966 0.918501
v 0.240410 -0.803475 1.031759
v 0.247464 -0.790648 0.867315
v -0.191552 0.305095 -1.394498
v -0.157533 -0.098719 -1.398390
v -0.204256 0.099478 -1.386493
v -0.204671 0.062559 -1.385897
v -0.152986 -0.156686 -1.399057
v -0.208215 -0.231280 -1.382819
v -0.302211 -0.389708 -0.818618
v -0.271044 -0.442916 -0.834583
v -0.311410 -0.489959 -0.546135
v -0.325369 -0.351757 -0.558720
v 0.249449 0.217211 -1.440120
v 0.259409 0.140986 -1.302733
v 0.237702 -0.047409 -1.406000
v 0.258591 0.126195 -1.300275
v 0.221352 -0.354862 -1.276329
v 0.236871 -0.062323 -1.403610
v 0.229819 -0.063340 -1.408221
v 0.125410 -0.201907 -1.402218
v 0.029552 0.060815 -1.389175
v -0.186778 0.595800 1.257829
v -0.206225 0.560875 1.475027
v -0.182496 0.553653 1.619433
v -0.207121 0.568441 1.397227
v -0.187874 0.603009 1.182254
v -0.207442 0.584933 1.197026
v 0.188560 0.548715 1.637404
v 0.141804 0.523303 1.746385
v 0.189202 0.470689 1.730248
v -0.189096 0.606105 0.947664
v -0.193088 0.608217 0.332553
v -0.209006 0.598835 0.483293
v -0.211578 0.592948 0.468343
v -0.189966 0.605686 0.263677
v -0.190542 0.466827 0.265349
v 0.209729 -0.448541 0.524693
v 0.062907 -0.533739 0.263514
v 0.240404 -0.509034 0.022573
v 0.213472 -0.441426 0.532922
v 0.243852 -0.501338 0.035620
v 0.212828 -0.299875 0.459350
v -0.301590 -0.494454 -0.507106
v -0.146107 -0.498153 -0.152566
v -0.221102 -0.461515 -0.012900
v 0.223760 0.585203 -0.855946
v -0.011518 0.624640 -0.731792
v 0.132913 0.732331 -0.293837
v 0.247889 0.704328 -0.299786
v -0.311332 -0.490551 -0.536894
v -0.229386 -0.457015 -0.033737
v -0.324854 -0.352237 -0.549435
v 0.262972 0.743586 0.012917
v 0.081678 0.619883 0.437023
v 0.206628 0.607701 0.468738
v 0.274799 0.749219 -0.022820
v 0.341538 0.693755 -0.010762
v 0.257992 0.706017 -0.267724
v 0.212726 0.602201 0.469253
v 0.222964 0.549508 0.461130
v 0.328063 0.673599 0.063525
v 0.345711 0.685856 -0.008715
v 0.355840 0.506274 0.035576
v 0.258213 0.698698 -0.277832
v 0.261990 -0.430646 -0.756387
v 0.245383 -0.470014 -1.110498
v 0.329174 -0.363749 -1.067265
v 0.338847 -0.306341 -0.883167
v -0.264024 0.617908 -0.215794
v -0.255338 0.645416 -0.625606
v -0.308135 0.536082 -0.277585
v -0.199088 0.607509 0.208525
v -0.263417 0.617117 -0.205021
v -0.306573 0.537062 -0.265474
v 0.088349 -0.528378 -0.269719
v 0.240243 -0.510049 0.007628
v 0.062941 -0.534728 0.248305
v 0.241563 -0.508959 -0.008791
v 0.089480 -0.527311 -0.286484
v 0.255105 -0.437521 -0.721487
v 0.246598 -0.500528 -0.033379
v 0.258678 -0.436800 -0.669158
v 0.251921 -0.428853 -0.250007
v 0.195820 -0.357211 -1.348831
v -0.001915 -0.295833 -1.433274
v 0.122196 -0.217788 -1.401782
v -0.208027 -0.253458 -1.379223
v -0.048143 -0.371532 -1.389053
v -0.200882 -0.362114 -1.325846
v -0.199132 0.530106 -1.293931
v -0.210446 0.579564 -1.206545
v -0.154389 0.596274 -1.193588
v 0.195553 0.597717 -1.152076
v 0.201689 0.525886 -1.276324
v 0.166531 0.578950 -1.221644
v 0.201226 0.515054 -1.292418
v 0.159551 0.485701 -1.339291
v 0.165710 0.568658 -1.237182
v -0.213746 0.405255 -1.352141
v -0.214032 0.565031 -1.221851
v -0.202989 0.516754 -1.307149
v -0.187927 0.371233 -1.392484
v -0.196612 0.515164 -1.313498
v 0.135240 0.475331 -1.351143
v 0.018001 -0.481373 -0.628126
v -0.262869 -0.446869 -0.842246
v -0.194014 -0.466502 -1.149511
v -0.269444 -0.442179 -0.844037
v -0.299878 -0.392113 -0.828966
v -0.208579 -0.459534 -1.115645
v -0.211180 -0.412134 -1.208127
v -0.296033 -0.384298 -0.856428
v -0.218980 -0.323281 -1.167807
v -0.147683 -0.164752 -1.400484
v -0.027281 -0.288757 -1.432913
v -0.205150 -0.242368 -1.383588
v 0.127652 -1.436597 0.955665
v 0.299354 -1.402308 0.934227
v 0.268311 -1.502305 0.964222
v 0.185624 -1.504039 0.975275
v 0.171857 -1.500673 0.970088
v 0.225090 0.581831 -0.901078
v 0.206634 0.522315 -1.268860
v 0.199970 0.600330 -1.133917
v -0.211095 0.581993 -1.197705
v -0.213330 0.584368 -1.093382
v -0.153991 0.599016 -1.184506
v -0.179721 0.461739 1.752270
v -0.212123 0.405958 1.581336
v -0.209697 0.388950 1.849133
v -0.179746 0.466579 1.738398
v -0.209909 0.551019 1.484475
v -0.213342 0.408742 1.561166
v -0.215290 0.405898 1.552412
v -0.211795 0.550786 1.474312
v -0.282642 0.320872 1.289319
v -0.254588 -1.151131 0.912580
v -0.243096 -0.982011 0.887321
v 0.001230 -1.068146 0.880210
v 0.028031 -0.485396 0.749013
v 0.106139 -0.513739 0.784504
v -0.195901 -0.501701 0.777507
v -0.248330 -0.816775 0.855088
v -0.235880 -0.715787 0.820891
v -0.213707 -0.814182 0.840232
v 0.247549 -0.983771 1.167050
v 0.261785 -1.103040 1.033928
v 0.269618 -1.076967 0.915810
v 0.280980 -1.179234 0.958108
v 0.265229 -1.112290 1.035823
v 0.319452 -1.129942 1.130759
v 0.279334 -1.179460 0.945285
v 0.270970 -1.084457 0.906958
v 0.263125 -1.110571 1.025258
v 0.290442 -1.501264 0.968073
v 0.306672 -1.413468 0.940225
v 0.331197 -1.496522 0.994302
v 0.332861 -1.493950 0.994330
v 0.294557 -1.506370 0.966908
v 0.310389 -1.397304 0.936375
v 0.353947 -1.358154 0.960430
v 0.334713 -1.479769 0.990131
v 0.230075 -0.584082 1.375834
v 0.152457 -0.582777 1.368731
v -0.107558 -0.708092 1.486653
v 0.217119 -0.749799 1.523996
v 0.223605 -0.478186 0.786261
v 0.217879 -0.479077 0.829042
v 0.217580 -0.483329 0.813587
v 0.212114 -1.199505 0.919978
v 0.031002 -1.073483 0.881254
v 0.263962 -1.082382 0.899812
v -0.253502 -0.482809 1.342109
v -0.198592 -0.464273 1.352873
v -0.231866 -0.347335 1.305800
v -0.129867 -0.627625 1.460814
v -0.221322 -0.754168 1.478268
v -0.124590 -0.707409 1.486568
v -0.266789 -0.947719 1.586389
v -0.227581 -0.924209 1.625538
v -0.236601 -0.788602 1.495779
v -0.123294 -0.714732 1.491748
v -0.225660 -0.764214 1.482965
v -0.100497 -0.799843 1.603928
v -0.221356 -0.934952 1.632589
v -0.246625 -1.072806 1.627300
v -0.140896 -1.012522 1.651390
v -0.251243 -1.148292 1.677185
v -0.043588 -1.112776 1.740764
v -0.133698 -1.019719 1.656251
v -0.268557 -0.519249 1.298243
v -0.247734 -0.681068 1.434595
v -0.259558 -0.495574 1.340591
v -0.240918 -0.838704 1.416216
v -0.268279 -0.939929 1.573057
v -0.245017 -0.725288 1.457256
v -0.254597 -1.075770 1.532806
v -0.253544 -1.076972 1.619571
v -0.268889 -0.966209 1.584751
v 0.284020 -0.884653 1.553892
v 0.286252 -1.036187 1.644672
v 0.326793 -0.918068 1.488394
v -0.253485 -1.075966 1.514820
v -0.212244 -0.875505 1.313934
v -0.269642 -0.953445 1.040967
v -0.270709 -1.081310 1.210486
v 0.225828 -0.750602 1.521561
v 0.269079 -0.755134 1.492298
v 0.237004 -0.607382 1.393853
v 0.277959 -0.901311 1.571245
v 0.225819 -1.041271 1.691760
v 0.280112 -1.047505 1.658826
v 0.282528 -0.617920 0.957190
v 0.248054 -0.702941 0.918437
v 0.221432 -0.493681 0.865762
v -0.245360 -0.646278 1.086996
v -0.259987 -0.646304 0.943549
v -0.296657 -0.753324 0.973561
v -0.258843 -0.663334 1.206414
v -0.242896 -0.647806 1.106839
v -0.226775 -0.779640 1.183793
v -0.268027 -0.522308 1.283629
v -0.217360 -0.517434 1.122766
v -0.259761 -0.651041 1.211567
v -0.204760 -0.813587 0.838375
v -0.231533 -0.694778 0.815021
v 0.134859 -0.662090 0.810493
v 0.224098 -0.793678 0.836726
v -0.217998 -0.514137 1.104941
v -0.286964 -0.471776 0.988724
v -0.258756 -0.631674 0.944665
v 0.093939 -0.409895 1.339781
v -0.186876 -0.469616 1.357605
v -0.124380 -0.607850 1.453226
v 0.105788 -0.413329 1.339491
v -0.105046 -0.697690 1.480449
v 0.146117 -0.576989 1.366212
v -0.114257 -0.713489 1.492860
v -0.090527 -0.802082 1.609628
v 0.201821 -0.754165 1.529135
v -0.090586 -0.810973 1.614666
v -0.127352 -1.006703 1.651009
v 0.263320 -0.879927 1.558677
v 0.274609 -0.884872 1.560037
v -0.115669 -1.011521 1.652276
v 0.216519 -1.040801 1.694303
v 0.200024 -1.046426 1.698368
v -0.123137 -1.017941 1.657483
v -0.032876 -1.111153 1.742137
v 0.236699 -0.584910 1.370676
v 0.271512 -0.745273 1.477523
v 0.259838 -0.571224 1.191530
v 0.262746 -0.577561 1.185051
v 0.274849 -0.758022 1.481581
v 0.315546 -0.813304 1.308965
v 0.329401 -0.923739 1.481425
v 0.287618 -1.045473 1.642486
v 0.325563 -1.019908 1.421864
v 0.350993 -1.380928 1.401473
v 0.362807 -1.357293 1.393891
v 0.368547 -1.284246 1.620592
v 0.352901 -1.331363 1.579116
v 0.354794 -1.375924 1.434983
v 0.014790 -1.073249 0.880746
v 0.197413 -1.200323 0.919794
v -0.238427 -1.155391 0.912786
v 0.264054 -1.105383 1.043774
v 0.249361 -0.982289 1.181165
v 0.321553 -1.124101 1.144445
v 0.226640 -0.474102 0.740945
v 0.211980 -0.486620 0.807444
v 0.051890 -0.482269 0.748697
v 0.263577 -0.573896 1.173048
v 0.315308 -0.804865 1.294453
v 0.308069 -0.669876 1.101026
v 0.307793 -0.675858 1.092860
v 0.303591 -0.786823 1.167709
v 0.251499 -0.715052 0.934372
v 0.292051 -0.493288 1.028008
v 0.226943 -0.273180 0.936160
v 0.305075 -0.368695 1.104556
v 0.370331 -1.275351 1.619282
v 0.364682 -1.348798 1.391516
v 0.359750 -1.186264 1.351580
v 0.373819 -1.428166 1.231547
v 0.398689 -1.396400 1.173769
v 0.363421 -1.359590 1.384907
v 0.351689 -1.383380 1.392578
v 0.359691 -1.395117 1.366113
v 0.340305 -1.496833 1.001127
v 0.336958 -1.492581 0.999850
v 0.337176 -1.495251 1.007394
v 0.398953 -1.400587 1.158646
v 0.377543 -1.442817 1.179456
v 0.378119 -1.440258 1.188348
v 0.395852 -1.405281 1.171112
v 0.375184 -1.431679 1.219128
v -0.255032 -1.087090 1.529038
v -0.277441 -1.228870 1.503534
v -0.262187 -1.154098 1.665383
v -0.238982 -0.846188 1.408384
v -0.212730 -0.872683 1.323737
v -0.251392 -1.058672 1.510262
v -0.269370 -0.955235 1.579767
v -0.241805 -0.853257 1.421760
v -0.254443 -1.069659 1.525517
v -0.233135 -0.622796 0.821405
v -0.257751 -0.636262 0.928757
v -0.260293 -0.487261 0.834611
v -0.246238 -0.505371 0.785638
v -0.284505 -1.318890 1.622313
v -0.284518 -1.307697 1.661214
v -0.280226 -1.256053 1.532901
v -0.285091 -1.303474 1.675506
v -0.285413 -1.302100 1.679310
v -0.283833 -1.288335 1.637893
v -0.283605 -1.297640 1.692572
v -0.283615 -1.297897 1.693452
v -0.283583 -1.297618 1.692615
v -0.267612 -0.513228 1.286900
v -0.233784 -0.337750 1.294028
v -0.216436 -0.508305 1.124424
v -0.233240 -0.335242 1.284144
v -0.244080 -0.364182 1.177282
v -0.217077 -0.494156 1.126117
v 0.228438 -0.606089 0.838515
v 0.215963 -0.490917 0.818825
v 0.216605 -0.481785 0.852014
v -0.288260 -0.471206 0.979877
v -0.262464 -0.485495 0.844143
v -0.260107 -0.630791 0.935905
v 0.369112 -1.252826 1.036890
v 0.328298 -1.132208 1.149982
v 0.327481 -1.031863 1.405571
v 0.358474 -1.175386 1.341726
v -0.244223 -0.944890 0.879332
v -0.248890 -0.825938 0.857550
v -0.214210 -0.823342 0.842669
v -0.235075 -1.184096 1.282716
v -0.258470 -1.162659 0.921367
v -0.234170 -1.296636 0.983517
v -0.270721 -0.947884 1.025042
v -0.297302 -0.775563 0.970756
v -0.249395 -0.969817 0.894038
v -0.295898 -0.771661 0.962525
v -0.254827 -0.824310 0.863446
v -0.249513 -0.959740 0.888246
v 0.326178 -1.135929 1.135895
v 0.367264 -1.254911 1.023921
v 0.285122 -1.188532 0.951646
v 0.120601 -0.523336 0.789721
v 0.132094 -0.652294 0.808984
v -0.207385 -0.624328 0.816767
v -0.205109 -0.824099 0.841024
v 0.213744 -0.961228 0.882374
v -0.241409 -0.971105 0.885366
v -0.183826 -0.821648 0.840413
v 0.228062 -0.802527 0.838831
v 0.234984 -0.958764 0.881759
v -0.121986 -1.253155 0.943184
v 0.206733 -1.212015 0.922597
v 0.117969 -1.426377 0.954545
v 0.245771 -0.968915 1.180455
v 0.270105 -1.071763 0.903199
v 0.247939 -0.799677 0.864050
v 0.240110 -0.813833 1.045487
v 0.303791 -0.800045 1.183139
v 0.315148 -0.821659 1.298635
v 0.250453 -0.958440 1.192191
v 0.261554 -0.560158 1.173034
v 0.292499 -0.500692 1.033833
v 0.305703 -0.372691 1.112427
v 0.254078 -0.459400 1.305242
v 0.290739 -0.506423 1.020288
v 0.284433 -0.609389 0.961480
v 0.221721 -0.481863 0.867633
v 0.292338 -0.511062 1.035155
v 0.263387 -0.567201 1.166515
v 0.307165 -0.661640 1.095650
v -0.227352 -0.795616 1.176520
v -0.297576 -0.767401 0.977609
v -0.270476 -0.943083 1.032953
v 0.224966 -1.218404 0.922759
v 0.308974 -1.268772 0.932047
v 0.302488 -1.378457 0.931674
v 0.316900 -1.280772 0.934839
v 0.353520 -1.347892 0.958152
v 0.310652 -1.386422 0.934479
v 0.324060 -1.017095 1.405942
v 0.249099 -0.968149 1.196258
v 0.315920 -0.826874 1.306199
v -0.235967 -1.185444 1.304502
v -0.235099 -1.293399 1.017493
v -0.275388 -1.235120 1.475711
v -0.132997 -1.256572 0.943950
v 0.106424 -1.429408 0.955286
v -0.259730 -1.442753 0.964831
v -0.269104 -1.090178 1.219702
v -0.236064 -1.175449 1.305579
v -0.253763 -1.085055 1.504358
v 0.228012 -0.783243 0.836376
v 0.144835 -0.660594 0.811925
v 0.227442 -0.645109 0.838079
v -0.118680 -0.280838 -0.630923
v -0.226233 -0.265099 -0.929044
v -0.288811 -0.290585 -0.751664
v -0.320364 -0.343379 -0.561400
v 0.180662 0.374138 -1.004504
v 0.023233 0.286641 -0.922723
v 0.155547 0.319183 -0.980353
v -0.004331 0.270443 -0.909830
v 0.028098 0.024746 -0.944976
v 0.151297 0.308718 -0.977615
v -0.154357 0.370059 -0.896002
v -0.249113 0.250865 -0.969829
v -0.183660 0.182877 -0.939958
v -0.172831 0.173453 -0.938869
v 0.019832 0.019689 -0.944194
v -0.012745 0.266506 -0.908889
v -0.259625 0.054919 -1.007111
v -0.145857 -0.036155 -0.963494
v -0.183040 0.163399 -0.942899
v -0.136303 -0.040235 -0.961371
v 0.016386 0.010718 -0.945686
v -0.174128 0.162767 -0.940421
v -0.042114 -0.168384 -0.866499
v 0.019040 0.002568 -0.943665
v -0.132745 -0.048084 -0.959257
v -0.219036 -0.255937 -0.941198
v -0.047629 -0.176239 -0.865455
v -0.139110 -0.054812 -0.959082
v 0.159002 0.304357 -0.980201
v 0.036294 0.021518 -0.947692
v 0.233100 0.152832 -0.990407
v 0.136124 0.132244 0.120724
v -0.017080 0.074235 0.017571
v 0.090672 0.250977 -0.043971
v 0.138959 -0.008175 0.111359
v -0.012726 0.067608 0.023283
v 0.137446 0.124469 0.124393
v 0.137345 -0.176977 -0.089525
v -0.016689 0.061704 0.016868
v 0.139220 -0.016189 0.107397
v -0.008825 -0.148417 -0.143558
v -0.018959 0.053873 0.007633
v 0.133061 -0.181687 -0.097370
v -0.181505 -0.257643 -0.183214
v -0.089810 -0.106186 -0.034196
v -0.019138 -0.152075 -0.144933
v -0.086219 -0.098014 -0.029098
v -0.026699 0.053387 0.009035
v -0.016857 -0.143052 -0.137782
v -0.161284 -0.018117 0.144228
v -0.029245 0.061494 0.018358
v -0.090454 -0.094202 -0.020857
v -0.013896 0.284528 -0.146415
v -0.026757 0.082922 0.008634
v -0.101305 0.259806 -0.044383
v 0.086789 0.256090 -0.052041
v -0.019149 0.082325 0.008465
v -0.006236 0.284739 -0.147206
v -0.219402 -0.261877 -0.935227
v -0.113373 -0.276680 -0.640876
v -0.046072 -0.181285 -0.858634
v -0.106536 -0.278465 -0.628912
v 0.188047 -0.275276 -0.415045
v 0.223694 -0.180845 -0.965288
v 0.024150 -0.218692 -0.810490
v -0.016397 -0.155192 -0.153207
v 0.010207 -0.234651 -0.393650
v -0.182939 -0.263475 -0.192473
v 0.178856 -0.274567 -0.410776
v -0.098973 -0.277847 -0.612561
v 0.017979 -0.238045 -0.409163
v -0.017821 0.359472 -0.816180
v 0.188127 0.388200 -1.005218
v 0.199069 0.425788 -0.976324
v 0.009651 0.400671 -0.678579
v -0.026406 0.360154 -0.815064
v -0.000428 0.398393 -0.685750
v -0.134188 0.384025 -0.877352
v -0.054738 0.376226 -0.372384
v 0.010259 0.401010 -0.658589
v 0.236507 0.373480 -0.451646
v 0.033491 0.338511 -1.468523
v 0.074828 0.282573 -1.341234
v 0.112350 0.285719 -1.468507
v 0.134591 0.172128 -1.468477
v 0.096739 0.148326 -1.340483
v 0.081772 0.093251 -1.468481
v -0.032627 0.070157 -1.468485
v -0.056424 0.108012 -1.340480
v -0.111498 0.122973 -1.468480
v -0.133920 0.238334 -1.471386
v -0.087574 0.297052 -1.382951
v -0.073846 0.310901 -1.514056
v -0.077877 0.301515 -1.372917
v -0.011920 0.310717 -1.336630
v 0.019536 0.339187 -1.459620
v -0.002182 0.314184 -1.557710
v 0.027851 0.338376 -1.483890
v 0.064140 0.292487 -1.557728
v 0.071785 0.290492 -1.553080
v 0.034683 0.337408 -1.477589
v 0.111074 0.286268 -1.477574
v 0.075763 0.283650 -1.557731
v 0.114196 0.279518 -1.483871
v 0.107394 0.221423 -1.557731
v 0.111393 0.214615 -1.553077
v 0.118347 0.274003 -1.477573
v 0.136188 0.183848 -1.477574
v 0.109366 0.206965 -1.557732
v 0.133621 0.176868 -1.483873
v 0.087722 0.140599 -1.557733
v 0.085736 0.132957 -1.553080
v 0.132656 0.170033 -1.477575
v 0.081519 0.093669 -1.477578
v 0.078894 0.128978 -1.557733
v 0.074769 0.090548 -1.483879
v 0.016714 0.097331 -1.557723
v 0.009906 0.093332 -1.553070
v 0.069256 0.086397 -1.477579
v -0.020903 0.068560 -1.477583
v 0.002255 0.095353 -1.557721
v -0.027882 0.071122 -1.483881
v -0.064093 0.116928 -1.557715
v -0.071735 0.118913 -1.553063
v -0.034716 0.072086 -1.477583
v -0.111073 0.123219 -1.477578
v -0.075712 0.125753 -1.557716
v -0.114206 0.129966 -1.483851
v -0.107437 0.188146 -1.557720
v -0.111436 0.194956 -1.553069
v -0.118353 0.135499 -1.477578
v -0.136185 0.225685 -1.477583
v -0.109415 0.202611 -1.557716
v -0.133620 0.232664 -1.483891
v -0.087865 0.268871 -1.557691
v -0.084746 0.277491 -1.554972
v -0.128379 0.242964 -1.484596
v -0.074065 0.308573 -1.523176
v -0.077466 0.282237 -1.558173
v -0.067215 0.312066 -1.527658
v -0.020390 0.311256 -1.558189
v -0.010717 0.315721 -1.555196
v -0.061022 0.316592 -1.522395
v 0.018808 0.339504 -1.482624
v -0.003415 0.309671 -1.334186
v 0.068592 0.283323 -1.332481
v 0.028066 0.338164 -1.457274
v -0.049547 0.109165 -1.331542
v -0.023971 0.068304 -1.468667
v 0.074315 0.088036 -1.468766
v 0.090421 0.146789 -1.331476
v -0.104496 0.210000 -1.334368
v -0.136685 0.227296 -1.468531
v -0.116712 0.130429 -1.468764
v -0.058879 0.114125 -1.331682
v -0.012652 0.305398 -1.330251
v -0.082638 0.296016 -1.367886
v -0.100323 0.217407 -1.330035
v -0.004834 0.209580 -1.287951
v -0.003806 0.303901 -1.327752
v 0.003722 0.214923 -1.289143
v 0.066859 0.278044 -1.326079
v -0.047385 0.161258 -1.480280
v -0.008708 0.133809 -1.491793
v 0.003144 0.098945 -1.557707
v -0.065925 0.121887 -1.557928
v -0.054713 0.118490 -1.325300
v -0.007425 0.200832 -1.288185
v -0.098378 0.208528 -1.327651
v 0.084575 0.151139 -1.324904
v 0.001596 0.198810 -1.287500
v -0.046056 0.115835 -1.324901
v 0.072101 0.270525 -1.325740
v 0.007262 0.205702 -1.287809
v 0.089993 0.158173 -1.325102
v -0.134175 0.235233 -1.460669
v -0.105623 0.219016 -1.337284
v -0.088591 0.292985 -1.373688
v -0.066345 0.316052 -1.514854
v -0.080125 0.302151 -1.383258
v 0.019613 0.340723 -1.472030
v -0.105289 0.204133 -1.557608
v -0.084068 0.269380 -1.557584
v -0.069547 0.239918 -1.494940
v 0.045949 0.250852 -1.487658
v -0.036245 0.183607 -1.477292
v 0.007290 0.270266 -1.487660
v 0.065796 0.202735 -1.487667
v -0.030348 0.176458 -1.477266
v 0.052130 0.243935 -1.487669
v 0.044456 0.155476 -1.487494
v -0.028447 0.167384 -1.477614
v 0.062974 0.192369 -1.487504
v -0.004221 0.138079 -1.486794
v -0.032292 0.158759 -1.478623
v 0.028318 0.148859 -1.486838
v 0.096072 0.155331 -1.331593
v 0.136445 0.180784 -1.468659
v 0.117235 0.278525 -1.468617
v 0.076885 0.275127 -1.332306
v -0.005242 0.265943 -1.487045
v -0.048361 0.180114 -1.476776
v -0.060537 0.237610 -1.484852
v 0.051115 0.153568 -1.492212
v 0.071716 0.195931 -1.492493
v 0.105774 0.207848 -1.557716
v 0.082833 0.138719 -1.557899
v 0.051184 0.255862 -1.492225
v 0.008830 0.276473 -1.492496
v -0.003063 0.310590 -1.557697
v 0.066027 0.287594 -1.557896
v 0.000316 0.276440 -1.492079
v -0.062626 0.244127 -1.489611
v -0.078471 0.276274 -1.557830
v -0.011850 0.310086 -1.557877
v -0.066938 0.233337 -1.488400
v -0.052170 0.168743 -1.479807
v -0.072504 0.127763 -1.557735
v -0.105263 0.194209 -1.558287
v 0.000009 0.132450 -1.492146
v 0.044473 0.147805 -1.492477
v 0.076979 0.132143 -1.557717
v 0.011932 0.099459 -1.557889
v 0.072336 0.204703 -1.492224
v 0.056947 0.249219 -1.492495
v 0.072598 0.281734 -1.557716
v 0.105266 0.216636 -1.557898
v 0.071546 -0.843200 0.755129
v -0.000010 -0.842922 0.484256
v -0.070126 -0.839648 0.747149
v 0.002071 -0.841770 0.458577
v 0.058080 -0.933467 0.282435
v 0.055310 -0.590788 0.208527
v -0.056930 -0.573766 0.194947
v -0.049978 -0.542043 -0.074282
v -0.053694 -0.909182 0.234910
v -0.079412 -0.964274 0.790686
v 0.078022 -0.960307 0.784829
v 0.073211 -0.847758 0.760811
v -0.071726 -0.844003 0.753112
v 0.054972 -0.939856 0.282748
v 0.078002 -0.964619 0.781154
v -0.079438 -0.968332 0.787448
v -0.049418 -0.925062 0.247665
v -0.001877 -0.841087 0.457908
v -0.055918 -0.582336 0.205185
v -0.052682 -0.917732 0.245146
v -0.052112 -0.921632 0.259645
v -0.083767 -0.963647 0.785778
v -0.075118 -0.844149 0.748228
v -0.004001 -0.845706 0.466591
v 0.057605 -0.937096 0.294272
v 0.003741 -0.846179 0.466986
v 0.076646 -0.847960 0.756505
v 0.082427 -0.959809 0.779828
v 0.059685 -0.581253 -0.070155
v 0.054889 -0.936144 0.274406
v -0.049076 -0.920960 0.239750
v -0.045225 -0.541560 -0.081721
v 0.056654 -0.581482 0.197222
v 0.059435 -0.925546 0.271429
v 0.064030 -0.584019 -0.062174
v 0.000024 -0.820759 0.444220
v 0.051142 -0.579775 0.204131
v -0.051671 -0.573240 0.202467
v -0.045530 -0.538267 -0.080271
v -0.052351 -0.569340 0.194588
v 0.051986 -0.576559 0.196245
v 0.059820 -0.577797 -0.068898
v 0.417377 0.215388 -0.012554
v 0.393097 0.130823 0.218870
v 0.446974 0.055141 -0.004908
v 0.366020 -0.120076 0.206310
v 0.414346 -0.118270 -0.004613
v 0.446924 0.045628 -0.004736
v 0.391332 0.124111 0.227567
v 0.240556 0.432915 -0.004800
v 0.005393 0.497985 -0.004567
v 0.033618 0.484391 0.157794
v 0.010759 -0.398278 -0.009080
v 0.252311 -0.327135 -0.004924
v 0.192287 -0.330907 0.185437
v 0.386855 0.121543 0.235395
v 0.238621 -0.030268 0.383622
v 0.362285 -0.117782 0.214623
v 0.278059 0.366971 0.165936
v 0.142819 0.332097 0.341058
v 0.382986 0.140525 0.233084
v 0.038106 0.479192 0.170000
v 0.135950 0.338368 0.340085
v 0.270880 0.373162 0.165365
v 0.002178 -0.399423 -0.004780
v 0.184627 -0.331710 0.190725
v -0.060700 -0.356264 0.218435
v -0.004286 0.217328 0.420933
v -0.222995 0.129543 0.392563
v 0.006878 -0.032217 0.452383
v 0.028209 0.480546 0.170390
v -0.217154 0.379914 0.234620
v 0.126608 0.338923 0.341440
v -0.233651 0.367436 0.237543
v -0.381626 0.153555 0.233535
v -0.236127 0.135453 0.384242
v 0.023844 0.485110 0.154307
v -0.003775 0.498412 -0.004568
v -0.159788 0.470203 -0.003768
v -0.234710 -0.284772 0.211499
v -0.243287 -0.331543 0.003532
v -0.076009 -0.353034 0.218747
v -0.006021 -0.399570 -0.009172
v -0.068861 -0.356436 0.213913
v -0.238969 -0.334581 -0.004942
v -0.177224 0.463985 -0.003783
v -0.307259 0.374143 -0.004743
v -0.230717 0.380501 0.220251
v -0.448675 0.035151 -0.013313
v -0.455020 -0.024347 -0.061188
v -0.417423 -0.110923 -0.013434
v 0.418582 -0.110878 -0.013459
v 0.448655 -0.056284 -0.061170
v 0.447276 0.031954 -0.013489
v 0.038755 -0.391504 -0.017740
v 0.239790 -0.344112 -0.061280
v 0.252452 -0.328565 -0.014064
v 0.256851 0.425994 -0.014218
v 0.390394 0.256177 -0.020758
v 0.258336 0.428347 -0.060988
v 0.250632 0.428771 -0.001628
v 0.043293 0.480347 0.161282
v 0.273972 0.375272 0.156688
v 0.280501 0.368601 0.157229
v 0.389079 0.137138 0.226192
v 0.413587 0.224066 -0.012888
v 0.257523 0.424033 -0.005025
v 0.198586 -0.326027 0.189997
v 0.259855 -0.322020 -0.004931
v 0.410567 -0.126536 -0.004578
v 0.362580 -0.128252 0.205615
v 0.015406 -0.044867 0.450370
v -0.061289 -0.351630 0.225895
v 0.190062 -0.326296 0.197262
v 0.227638 -0.035406 0.389482
v 0.359033 -0.126490 0.213609
v 0.235320 -0.038941 0.382675
v 0.199311 -0.318717 0.198366
v 0.384425 0.130616 0.236950
v 0.141548 0.324348 0.346141
v 0.234261 -0.023171 0.387107
v 0.016114 -0.036595 0.452487
v 0.226861 -0.027039 0.391505
v 0.132609 0.326733 0.350153
v 0.004368 0.221620 0.419391
v -0.296616 -0.132577 0.310934
v -0.235393 -0.279587 0.218979
v -0.070274 -0.350321 0.226183
v 0.005585 -0.047441 0.448644
v -0.225445 0.373562 0.238175
v -0.228117 0.136448 0.388747
v -0.001725 0.225739 0.416728
v 0.126071 0.332118 0.348086
v 0.001618 -0.039482 0.450637
v -0.229927 0.123454 0.390382
v -0.295950 -0.123424 0.315235
v -0.447390 0.044379 -0.004598
v -0.411495 -0.123567 -0.004726
v -0.305281 -0.125426 0.305393
v -0.387594 0.143872 0.227027
v 0.021311 0.482573 0.163724
v -0.169297 0.467099 -0.000355
v -0.223795 0.382047 0.227887
v -0.237141 0.126539 0.385891
v -0.382726 0.144652 0.235096
v -0.302505 -0.117871 0.311496
v -0.410862 0.226847 -0.004743
v -0.385642 0.155193 0.225537
v -0.234174 0.374109 0.229637
v -0.313961 0.367489 -0.004866
v -0.407528 -0.131812 -0.004650
v -0.250813 -0.327889 -0.004814
v -0.241064 -0.278389 0.212937
v -0.302235 -0.133957 0.304199
v -0.390217 0.149302 0.216790
v -0.414477 0.218209 -0.004640
v -0.447364 0.054270 -0.004419
v 0.447488 0.049727 -0.013695
v 0.448752 -0.031149 -0.057398
v 0.423096 0.181794 -0.019997
v -0.271877 -0.322101 -0.062128
v -0.252946 -0.328215 -0.013893
v -0.409570 -0.127739 -0.013246
v -0.448468 -0.040637 -0.062006
v 0.000050 -0.397962 -0.016935
v -0.268306 -0.321757 -0.065359
v -0.452227 -0.023318 -0.066466
v -0.378554 0.302548 -0.066478
v -0.090010 0.502190 -0.066479
v 0.252997 0.428292 -0.065299
v 0.413229 0.220435 -0.020187
v 0.445868 -0.056059 -0.065314
v 0.240556 -0.340440 -0.065116
v 0.443299 -0.068531 -0.061890
v 0.412769 -0.123508 -0.013691
v 0.260222 -0.323212 -0.014081
v 0.247276 -0.338868 -0.061902
v -0.075431 0.504748 -0.061941
v 0.001037 0.497986 -0.013643
v 0.249516 0.430874 -0.014074
v 0.250972 0.433025 -0.061947
v -0.104079 0.499445 -0.061975
v -0.369946 0.315527 -0.061983
v -0.311045 0.371073 -0.013836
v -0.172567 0.466817 -0.012828
v -0.454940 -0.011273 -0.061874
v -0.448712 0.048797 -0.013592
v -0.413175 0.222706 -0.013708
v -0.386971 0.290908 -0.061951
v -0.158179 0.472807 -0.012679
v -0.014620 0.498764 -0.013416
v -0.090571 0.505034 -0.061205
v -0.407119 0.237100 -0.013606
v -0.322994 0.359181 -0.013715
v -0.381065 0.304393 -0.061188
v -0.245114 -0.333362 -0.014081
v -0.263811 -0.327779 -0.060453
v -0.044026 -0.389462 -0.017732
v -0.125948 0.578794 1.020708
v -0.084095 0.608198 1.020257
v -0.084071 0.609855 1.050380
v -0.149582 0.579559 1.049590
v -0.141195 0.573651 1.030380
v -0.132798 0.586795 1.064191
v -0.113514 0.600445 0.992896
v -0.160150 0.684013 0.986498
v -0.087698 0.612313 1.011565
v -0.082459 0.615029 1.021221
v -0.129068 0.704761 1.040148
v -0.082433 0.616792 1.053250
v -0.165284 0.677507 0.986878
v -0.119868 0.596125 0.993109
v -0.138201 0.577140 1.011757
v -0.176784 0.693662 1.077945
v -0.214858 0.680919 1.039611
v -0.161103 0.595330 1.052027
v -0.166312 0.673686 1.078411
v -0.152268 0.585616 1.055198
v -0.130059 0.595192 1.074517
v -0.113847 0.593590 0.996158
v -0.092995 0.603176 1.011238
v -0.129054 0.577843 1.011626
v -0.132958 0.575293 1.026821
v -0.089397 0.607603 1.057687
v -0.121901 0.592599 1.071339
v -0.209977 0.689023 1.040910
v -0.174985 0.700734 1.076141
v -0.151314 0.724411 1.044848
v -0.177678 0.706517 0.989456
v -0.211987 0.688780 1.031653
v -0.150665 0.725772 1.035769
v -0.088294 0.614370 1.061267
v -0.161090 0.681354 1.079872
v -0.122798 0.598443 1.075759
v -0.143013 0.724076 1.044903
v -0.168380 0.698704 1.078437
v -0.092595 0.628970 1.059067
v -0.171439 0.704712 0.987198
v -0.142860 0.725083 1.036196
v -0.090855 0.624965 1.015079
v -0.155758 0.582160 1.045951
v -0.201247 0.654588 1.035444
v -0.145273 0.574774 1.021933
v -0.215156 0.681481 1.031583
v -0.178773 0.700290 0.986835
v -0.147769 0.585392 1.015317
v 0.168999 0.575053 1.006878
v 0.109817 0.597457 1.060426
v 0.120396 0.597300 0.989245
v 0.124643 0.600759 0.984955
v 0.218456 0.699048 0.993658
v 0.175106 0.577660 1.003264
v 0.165515 0.743169 1.042745
v 0.117779 0.603482 0.989543
v 0.106362 0.603651 1.066365
v 0.234235 0.709766 1.051370
v 0.178280 0.753065 1.048998
v 0.188620 0.727373 1.078411
v 0.116713 0.594883 1.066310
v 0.173559 0.573363 1.014876
v 0.175547 0.575875 1.062513
v 0.183078 0.729735 0.991049
v 0.178054 0.752800 1.033135
v 0.219630 0.721462 0.996255
v 0.241727 0.706645 1.042825
v 0.227922 0.718226 1.000651
v 0.183174 0.751955 1.040344
v 0.175753 0.580965 1.067698
v 0.180733 0.709264 1.082280
v 0.110994 0.601886 1.071878
v 0.241303 0.699580 1.050598
v 0.189847 0.719443 1.081103
v 0.184920 0.592525 1.066678
v 0.180004 0.575877 1.011353
v 0.236732 0.682255 1.046029
v 0.182101 0.578527 1.061609
v 0.229423 0.711448 0.998254
v 0.243764 0.699417 1.042069
v 0.187340 0.593609 1.007579
v 0.181606 0.723198 0.986896
v 0.220622 0.714368 0.992454
v 0.133685 0.623284 0.984388
v 0.182087 0.724900 1.080061
v 0.171376 0.751514 1.049592
v 0.118734 0.627355 1.070612
v 0.127166 0.623842 0.988086
v 0.170841 0.751646 1.036761
v 0.176344 0.726379 0.990659
v 0.020178 0.558273 -1.032398
v -0.015277 0.559159 -1.028553
v -0.028463 0.559925 -1.078395
v -0.002156 0.741686 -1.030931
v 0.010337 0.741707 -1.031514
v 0.006455 0.742796 -1.074993
v -0.031273 0.564778 -1.092732
v 0.007851 0.723200 -1.105682
v 0.042290 0.563441 -1.083387
v -0.023604 0.559938 -1.086564
v 0.041882 0.558748 -1.078246
v 0.028521 0.558167 -1.037273
v 0.009572 0.738943 -1.102613
v 0.015767 0.737205 -1.033229
v 0.043785 0.580234 -1.080465
v 0.045694 0.563264 -1.076118
v 0.019417 0.710479 -1.031818
v 0.031711 0.562656 -1.033236
v -0.013851 0.563723 -1.024077
v 0.025635 0.562735 -1.028323
v 0.011124 0.736955 -1.026936
v -0.003476 0.736930 -1.026177
v -0.019649 0.563904 -1.028060
v -0.010482 0.717261 -1.030172
v -0.035099 0.564802 -1.086459
v -0.007637 0.737193 -1.032426
v 0.006150 0.738971 -1.102971
v -0.032844 0.581076 -1.090064
v 0.330606 -1.497286 0.999541
v 0.330668 -1.497222 0.999715
v 0.330848 -1.496988 1.000597
v 0.331174 -1.496391 1.002718
v 0.371908 -1.445319 1.185978
v 0.367694 -1.433001 1.230177
v 0.350519 -1.395496 1.364756
v 0.344165 -1.386244 1.397954
v 0.345520 -1.375873 1.435165
v 0.346377 -1.334985 1.581883
v 0.349118 -1.325833 1.614723
v 0.348159 -1.317858 1.643338
v 0.344323 -1.312244 1.663484
v 0.339459 -1.307974 1.678807
v 0.335050 -1.304848 1.690022
v 0.302650 -1.287446 1.752473
v 0.299738 -1.285771 1.758476
v 0.297032 -1.284733 1.762197
v 0.293949 -1.284048 1.764658
v 0.288823 -1.283426 1.766888
v 0.278256 -1.282767 1.769253
v 0.258761 -1.281950 1.772189
v -0.012107 -1.273623 1.802066
v -0.017057 -1.273573 1.802265
v -0.019818 -1.273523 1.802428
v -0.022770 -1.273650 1.801947
v -0.030625 -1.272536 1.800371
v -0.171072 -1.280903 1.763654
v -0.205648 -1.278634 1.760885
v -0.197471 -1.280450 1.732418
v -0.169854 -1.282533 1.720027
v -0.147469 -1.285689 1.707026
v -0.126172 -1.286268 1.706733
v -0.073431 -1.309866 1.622060
v -0.061725 -1.322960 1.546292
v -0.177174 -1.320993 1.582132
v -0.246437 -1.288237 1.704489
v -0.276298 -1.294107 1.708468
v -0.276858 -1.295501 1.701791
v -0.281676 -1.301246 1.692252
v -0.281191 -1.311212 1.676485
v -0.282931 -1.319845 1.620299
v -0.279705 -1.351441 1.522836
v -0.272924 -1.374030 1.441779
v -0.272788 -1.397085 1.359052
v -0.269008 -1.448776 1.173571
v -0.272344 -1.469284 1.099982
v -0.271422 -1.483066 1.050530
v -0.270293 -1.492314 1.017347
v -0.268908 -1.497902 0.997295
v -0.267211 -1.500706 0.987233
v -0.265256 -1.501754 0.983472
v -0.261940 -1.502341 0.981368
v -0.253976 -1.502791 0.979752
v -0.238012 -1.503152 0.978457
v -0.212756 -1.503408 0.977539
v -0.177885 -1.503559 0.976993
v -0.137251 -1.503609 0.976814
v 0.053783 -1.504629 0.973156
v 0.099240 -1.504572 0.973363
v 0.139034 -1.504414 0.973928
v 0.169311 -1.503916 0.975714
v 0.185624 -1.504039 0.975275
v 0.271535 -1.505583 0.969736
v 0.283982 -1.505031 0.971713
v 0.289895 -1.504214 0.974645
v 0.331434 -1.496970 1.000655
v 0.330788 -1.497167 0.999906
v -0.272629 -1.288224 1.740286
v -0.275322 -1.290250 1.731405
v -0.275903 -1.291842 1.717448
v -0.244491 -1.286445 1.713143
v -0.241226 -1.284023 1.714791
v -0.232146 -1.282273 1.721069
v -0.222291 -1.280909 1.725963
v -0.206921 -1.280285 1.731889
v -0.215027 -1.279043 1.760064
v -0.241005 -1.283183 1.757370
v -0.256798 -1.283920 1.754058
v -0.264591 -1.285880 1.750598
v -0.269112 -1.286818 1.746513
v -0.236285 -1.286136 1.707209
v -0.237464 -1.286308 1.706591
v -0.170423 -1.319120 1.588854
v -0.068025 -1.319201 1.559547
v -0.083251 -1.310299 1.620490
v -0.131413 -1.288763 1.697782
v -0.149042 -1.287782 1.698326
v -0.174160 -1.284627 1.712265
v -0.201454 -1.281402 1.724197
v -0.218472 -1.283182 1.717808
v -0.227291 -1.284403 1.713428
v -0.286402 0.311701 1.275958
v 0.224275 0.458117 1.289243
v 0.195707 0.095901 1.002414
v -0.206734 0.353213 0.864764
v -0.193134 -0.467088 1.355074
v 0.252280 -0.458356 1.313977
v -0.282126 -1.306688 1.725315
v -0.151892 -1.309344 1.787041
v -0.266777 -1.305847 1.765794
v 0.155151 -1.320567 1.806176
v 0.312454 -1.344129 1.733397
v 0.284477 -1.320247 1.781898
v 0.080670 0.246502 1.821375
v -0.219540 -0.110779 1.334704
v -0.154060 -1.563975 0.981282
v -0.282485 -1.515472 1.128987
v -0.268607 -1.559196 0.995834
v 0.329370 -1.538005 1.131381
v 0.155123 -1.566303 0.981587
v 0.283120 -1.576184 0.996431
v -0.192057 0.365522 -1.395103
v -0.212603 -0.245115 -1.381189
v 0.057606 -0.535194 0.263305
v -0.217854 0.583231 -1.077782
v -0.304039 -0.386265 -0.822302
v -0.204622 -0.365857 -1.321923
v 0.214053 -1.206364 0.921851
v 0.358604 -1.348913 0.961480
v 0.261538 -1.108139 1.035205
v -0.270801 -1.085979 1.208942
v -0.299724 -0.761833 0.971189
v -0.268485 -1.447669 0.965752
v 0.325314 -1.411154 1.514198
v -0.284740 -1.370499 1.526510
v -0.245515 -0.502091 0.780108
v -0.254513 0.250774 -0.973440
v 0.142669 -0.015164 0.113296
v -0.012942 -0.151389 -0.147552
v -0.009806 0.290629 -0.154372
v 0.304534 -0.794646 1.178333
v -0.260462 -0.659619 1.211832
v -0.277090 -1.308332 1.751880
v 0.161581 0.112254 1.591488
v -0.205996 0.454622 -0.740066
v -0.112888 -0.280064 -0.628053
v 0.158548 0.315464 -0.980778
v -0.220766 -0.040345 -1.207576
v -0.242276 -0.641953 1.098220
v 0.245435 -0.509146 0.008007
v 0.251713 -0.424387 -0.249341
v -0.017120 0.623925 -0.733949
v 0.316074 0.218623 -1.117672
v 0.270657 -1.078098 0.899676
v -0.284294 -1.311456 1.682617
v -0.237082 -1.301363 1.772973
v 0.000120 -1.331989 1.815981
v -0.213165 0.247433 1.798866
v -0.167053 -0.018228 0.153087
v 0.245698 0.373237 -0.449391
v 0.301366 -1.570777 1.029279
v -0.009227 0.274145 -0.907613
v 0.236342 -0.062029 -1.408527
v 0.265606 -1.318869 1.785359
v 0.222839 -1.569791 0.986269
v 0.259890 -0.433354 -0.747156
v -0.133291 -1.013596 1.652834
v 0.371117 -1.260752 1.023523
v -0.306192 -0.364266 0.466805
v -0.234080 -0.156477 -1.069567
v -0.186683 -0.131361 0.132185
v 0.250333 -1.576155 0.986388
v 0.212952 -0.445011 0.540132
v 0.222380 0.363165 0.248957
v -0.223085 -0.459154 0.000948
v -0.012591 -0.297321 -1.436617
v 0.231554 -0.639545 0.839691
v 0.221630 -0.262644 0.926938
v 0.255312 0.194969 0.590508
v -0.239763 -0.840556 1.410768
v -0.258729 -0.489315 1.342294
v 0.251363 -1.316059 1.791307
v -0.253742 -1.080274 1.525620
v -0.189841 0.170870 0.200695
v -0.252560 -0.180800 0.606031
v -0.281147 -1.324992 1.650801
v 0.222375 0.543734 0.464721
v -0.177311 0.548797 1.675352
v 0.335084 -1.479060 1.317065
v -0.195067 -0.466557 -1.164750
v 0.314190 -1.449832 1.423275
v 0.298567 -1.327712 1.766958
v -0.206362 0.301044 1.853055
v 0.117361 0.005678 1.451233
v -0.265741 -1.307434 1.763499
v -0.311417 -0.495210 -0.541046
v 0.206366 0.513743 -1.292117
v -0.308250 0.043238 0.758495
v -0.206209 0.388700 0.634350
v 0.330087 -1.369709 1.655749
v 0.330185 -0.917074 1.480196
v -0.211302 0.383757 1.862917
v -0.124889 0.061528 1.473474
v 0.141022 0.130897 0.127676
v 0.278860 -0.115337 -1.053446
v -0.189772 0.458654 0.260821
v -0.310390 0.531173 -0.275711
v 0.252374 0.703944 -0.295420
v -0.270404 -0.030491 1.310137
v 0.225339 0.313239 -1.414712
v -0.300263 -0.074513 0.703979
v -0.268889 0.068752 0.648402
v -0.284352 -1.456334 1.315521
v 0.079802 -0.187577 1.310116
v -0.247075 -0.975642 0.886973
v -0.134200 -1.249894 0.943646
v -0.265283 0.054306 -1.010692
v -0.239768 -1.562472 0.985858
v 0.000000 -1.564461 0.979801
v 0.129845 0.734235 -0.289208
v 0.161938 0.580908 -1.222867
v 0.140805 -0.187424 -0.097435
v -0.231237 -0.626863 0.818226
v -0.260610 -0.097961 1.323165
v 0.192238 -0.276517 -0.406453
v -0.278016 -1.548483 1.028459
v -0.212909 0.596395 0.483126
v 0.015534 -1.068291 0.879414
v -0.304721 0.254574 1.128611
v 0.209013 0.095976 1.453054
v 0.124765 -0.516651 0.788865
v -0.280023 -1.308293 1.740542
v -0.273014 -1.307282 1.759994
v 0.137193 -0.657231 0.809887
v -0.226086 -0.264086 -0.942990
v -0.105780 0.263251 -0.041982
v 0.268335 0.399509 -0.766367
v 0.107636 -0.474683 0.527444
v -0.271785 -1.555646 1.006643
v -0.146679 0.600747 -1.187490
v -0.244407 -0.714060 1.456187
v 0.248077 0.273844 1.279109
v 0.221654 0.404835 0.850636
v -0.283533 -1.305643 1.706689
v -0.284649 -1.329904 1.630624
v -0.289713 -0.465891 0.986082
v -0.203458 -1.297092 1.775159
v -0.256437 -1.304063 1.770115
v -0.081378 -1.335200 1.809386
v 0.082182 -1.334714 1.811326
v 0.190322 0.385014 -1.011257
v 0.131308 0.325445 -0.154288
v 0.314483 -1.560700 1.068990
v 0.291753 -1.574618 1.007396
v 0.232202 -0.472806 0.736155
v 0.234772 -0.580857 1.372995
v -0.261728 -1.154383 1.675888
v 0.198562 0.604707 -1.134861
v 0.245183 -0.970962 1.188387
v 0.207953 0.250662 0.804294
v 0.229900 0.306683 0.563840
v 0.184929 -0.123910 1.332802
v 0.108025 -0.403009 1.336009
v 0.292691 -0.502869 1.027218
v 0.325926 -1.023686 1.414229
v 0.212232 -1.572601 0.983747
v 0.271504 -1.576796 0.990218
v 0.227864 0.583133 -0.863312
v 0.191368 0.555459 1.623833
v 0.283929 -1.052129 1.658650
v -0.279066 -1.305215 1.723905
v -0.126116 -0.615186 1.457530
v 0.120036 -1.433485 0.955698
v 0.359065 -1.179273 1.345075
v 0.332281 -0.003000 0.756555
v -0.236980 -0.690717 0.814438
v 0.232309 -0.797817 0.837851
v 0.212746 -1.314837 1.797270
v 0.272839 -1.318008 1.786726
v -0.232722 -0.326667 1.298768
v 0.218063 0.291370 1.860634
v -0.208421 -0.818249 0.839596
v -0.047686 -0.050855 1.352342
v 0.221824 -0.125302 1.303055
v 0.171183 -1.318416 1.801044
v -0.040880 -0.177896 -0.861235
v 0.241953 -0.474093 -1.117031
v 0.087786 -0.429866 -1.336323
v 0.345205 -1.506098 1.215826
v 0.315236 -1.450934 1.421978
v -0.267833 -0.445782 -0.840327
v 0.277177 -0.206087 0.694237
v 0.229835 -0.181394 0.435907
v -0.248710 0.200328 0.497082
v 0.304967 -1.334428 1.753688
v 0.292227 -1.323240 1.775764
v 0.240604 -0.964993 0.883897
v -0.258657 -0.642021 0.937542
v 0.208342 0.388457 1.863111
v -0.196577 -1.297104 1.772019
v -0.175619 0.302539 0.120684
v 0.215898 -0.475594 0.857322
v -0.210311 0.558748 1.474936
v -0.189203 0.610422 0.258975
v 0.075416 0.618790 0.440012
v 0.284130 -1.576244 1.000349
v 0.331887 -0.361235 -1.070789
v 0.123973 -0.211471 -1.401958
v -0.261254 -0.481700 0.836409
v 0.370493 -1.275399 1.634109
v 0.273506 -0.759490 1.492078
v 0.247423 -0.794675 0.858661
v 0.321259 -1.356670 1.702439
v 0.333899 -1.383467 1.591824
v 0.151293 -0.579773 1.364836
v 0.034057 0.040507 1.552477
v 0.294080 -1.326624 1.770735
v 0.228864 -0.179117 -0.975471
v 0.287586 0.231059 -1.033212
v -0.224595 0.085898 0.387814
v -0.183379 0.607193 1.173505
v -0.269558 -0.517887 1.291180
v 0.249123 0.225636 -1.445618
v 0.020682 0.071819 -1.387900
v 0.192092 0.463920 1.732883
v 0.317157 -0.818766 1.306784
v 0.317321 -1.554326 1.089087
v -0.034941 -0.376267 -1.392109
v -0.270275 -0.953552 1.585558
v 0.280308 -1.187282 0.943704
v -0.248366 -0.187489 0.822110
v -0.316806 0.128077 1.096734
v -0.283676 -1.487430 1.214386
v -0.284666 -1.432540 1.422888
v -0.281732 -1.374946 1.525349
v -0.210135 -0.870496 1.315196
v -0.278484 -1.236859 1.497393
v -0.165186 -0.232288 1.322094
v 0.218370 -0.240974 1.305200
v 0.313586 -1.266292 0.932835
v -0.270459 -0.951551 1.030913
v -0.208471 0.132707 1.499566
v -0.206140 -1.563358 0.983160
v -0.258774 -1.561219 0.989673
v -0.082499 -1.564340 0.980169
v 0.082499 -1.564340 0.980169
v -0.208491 0.099069 -1.384736
v 0.259836 0.142779 -1.296482
v -0.177250 0.466290 1.753046
v 0.136606 0.525568 1.751666
v -0.261843 0.621201 -0.207560
v 0.271501 0.752653 -0.018895
v -0.215229 0.580326 -1.203344
v 0.281427 -0.878960 1.554855
v -0.259438 -1.157550 0.914136
v -0.234057 -1.180807 1.304487
v -0.213786 -0.512529 1.114020
v -0.147674 0.385464 -0.890103
v -0.291762 -0.287396 -0.751782
v 0.230259 0.020879 1.359050
v -0.201281 0.519733 -1.310527
v -0.280633 -1.535632 1.067595
v -0.274354 -1.555617 1.006733
v 0.309216 -0.670695 1.094627
v -0.281078 -1.474683 1.251800
v -0.074263 0.497571 1.811159
v 0.243897 0.321506 1.743059
v 0.325831 -1.367369 1.669533
v 0.330947 -1.383726 1.587506
v -0.210683 0.581979 1.194226
v -0.021024 -1.269884 1.806220
v -0.069409 0.630261 -0.106593
v 0.306903 -0.366900 1.110738
v -0.233025 0.106803 1.267736
v -0.198971 0.348372 -1.198240
v -0.199936 0.398288 -1.038468
v -0.217909 -0.318037 -1.170393
v -0.148193 -0.157791 -1.400093
v 0.025474 0.357630 -1.384315
v -0.213952 0.403156 1.558984
v -0.062268 0.142520 1.616793
v 0.299401 0.254603 1.614006
v -0.213740 0.172157 0.705276
v 0.193031 0.247768 0.175257
v 0.201812 -0.086569 0.243511
v 0.028575 -0.482172 -0.614235
v 0.084571 -0.528457 -0.286202
v -0.221239 -0.355324 0.095410
v -0.190722 -0.267091 -0.189679
v -0.325932 -0.346669 -0.554554
v -0.278931 0.455836 -0.243510
v 0.212178 -0.293799 0.461424
v 0.218724 -0.126988 1.047312
v -0.201855 0.154593 -1.255894
v -0.296897 0.209653 -1.075128
v -0.279523 -0.158619 0.966689
v -0.249116 -0.114711 1.089297
v -0.038236 -1.337491 1.814551
v 0.080862 -1.336646 1.808543
v 0.308192 -1.244469 1.754061
v 0.254072 0.166608 1.702719
v -0.219870 -0.480921 0.269777
v 0.028928 -0.482259 0.745387
v -0.286935 -0.007580 -1.079269
v 0.302493 -0.133966 -1.143174
v 0.340770 -0.301577 -0.881703
v 0.299536 -0.215067 -1.014409
v 0.202457 0.430220 -0.977692
v 0.210517 0.442669 -1.189932
v -0.264840 -0.021483 0.481435
v 0.318054 0.470065 -0.667481
v 0.297418 0.500097 -0.239620
v 0.357560 0.496783 0.042468
v 0.251748 0.381819 0.001303
v 0.206484 -0.294213 -0.143680
v 0.154249 0.476988 -1.350789
v -0.151974 -1.395693 1.501523
v -0.176116 -1.286492 1.654010
v 0.034936 -1.360351 1.594411
v 0.023856 -1.415746 1.420874
v 0.131282 -1.468330 1.309807
v 0.213204 0.591675 1.304018
v -0.265571 -0.496168 0.468300
v 0.151425 0.612616 1.037235
v 0.210344 0.605732 0.474292
v -0.216438 0.597315 0.733057
v -0.141131 -0.499178 -0.152231
v 0.346655 0.690183 -0.005298
v -0.242279 -1.561875 0.987679
v -0.252206 0.651599 -0.659775
v 0.219283 -0.380263 -1.270507
v -0.209185 -0.417335 -1.215415
v 0.204740 -0.364781 -1.343854
v -0.214810 0.379610 -1.367049
v 0.325637 -1.129053 1.147477
v 0.335298 -1.496227 0.997452
v 0.305937 -1.396332 0.932414
v -0.236334 -0.765754 1.478093
v -0.224151 -0.925880 1.631601
v -0.252580 -1.081778 1.625752
v 0.221359 -0.754048 1.527371
v 0.219794 -1.044768 1.697547
v -0.119820 -0.710144 1.488202
v -0.034628 -1.115501 1.745368
v 0.260426 -0.565465 1.173543
v -0.253153 -0.821611 0.858805
v 0.364392 -1.354687 1.388173
v 0.402164 -1.394276 1.160532
v 0.343051 -1.506035 1.217481
v -0.245370 -0.360486 1.173886
v 0.215229 -0.487232 0.813650
v -0.233170 -1.302512 0.981327
v 0.239335 -0.809305 1.047774
v 0.285684 -0.617403 0.961842
v 0.246305 -0.714483 0.917522
v -0.223893 -0.792264 1.185967
v -0.180850 0.174166 -0.939857
v -0.139740 -0.046351 -0.962589
v 0.025850 0.008979 -0.945590
v 0.238832 0.151194 -0.991810
v -0.090138 -0.100938 -0.026206
v -0.023934 0.068261 0.016583
v 0.092025 0.259059 -0.049950
v 0.015485 -0.236363 -0.404654
v 0.020779 -0.217078 -0.813300
v -0.022654 0.357798 -0.817775
v 0.007550 0.402259 -0.667398
v -0.060895 0.376146 -0.365857
v -0.094214 -0.805778 1.614269
v -0.008473 0.314222 -1.561638
v -0.008907 0.309999 -1.330065
v -0.085539 0.299312 -1.372233
v 0.027660 0.343080 -1.473181
v -0.069901 0.315029 -1.521892
v 0.117376 0.283004 -1.473181
v 0.074666 0.279412 -1.328081
v 0.138334 0.177086 -1.473181
v 0.078259 0.087370 -1.473181
v 0.095274 0.150015 -1.327339
v -0.027660 0.066411 -1.473181
v -0.117375 0.126486 -1.473181
v -0.054731 0.109472 -1.327339
v -0.138334 0.232405 -1.473181
v -0.105254 0.213653 -1.330065
v 0.071421 0.288148 -1.561638
v 0.109477 0.213218 -1.561638
v 0.083403 0.133325 -1.561638
v 0.008472 0.095269 -1.561638
v -0.071421 0.121343 -1.561638
v -0.109477 0.196273 -1.561638
v -0.083403 0.276166 -1.561638
v 0.072197 0.199512 -1.488121
v -0.005233 0.132548 -1.488121
v -0.066266 0.240302 -1.485339
v 0.005233 0.276943 -1.488121
v -0.050503 0.166004 -1.474837
v 0.047351 0.149994 -1.488121
v 0.054752 0.252096 -1.488121
v -0.000000 0.204745 -1.284416
v -0.075945 -0.839763 0.751362
v -0.084159 -0.968735 0.792022
v 0.082660 -0.964645 0.785341
v 0.077533 -0.843610 0.760002
v 0.000000 -0.843387 0.466474
v 0.059200 -0.940051 0.279381
v -0.056916 -0.569816 0.198974
v 0.056262 -0.577007 0.200825
v -0.053470 -0.923811 0.241480
v 0.064024 -0.579546 -0.072876
v -0.049659 -0.536279 -0.085142
v 0.253689 0.429131 -0.009627
v 0.448617 0.048831 -0.009218
v 0.258162 -0.325466 -0.009610
v 0.278788 0.371548 0.160959
v 0.390459 0.130555 0.232430
v 0.364255 -0.124589 0.210303
v 0.134855 0.334449 0.347346
v 0.232430 -0.031292 0.390459
v 0.194034 -0.329470 0.194034
v 0.030482 0.484656 0.165925
v -0.000000 0.223852 0.420605
v 0.011857 -0.041326 0.454035
v -0.066869 -0.355584 0.223494
v -0.232430 0.130555 0.390459
v -0.238605 -0.281696 0.215678
v -0.000000 -0.401488 -0.013756
v -0.229778 0.377915 0.234050
v -0.387547 0.149866 0.229790
v -0.302072 -0.129888 0.311196
v -0.171872 0.468240 -0.008377
v 0.255481 0.431986 -0.066469
v 0.416678 0.221869 -0.017310
v 0.450214 -0.057085 -0.066469
v 0.242889 -0.344178 -0.066469
v -0.382354 0.305113 -0.066469
v -0.456782 -0.024065 -0.066469
v -0.270883 -0.325474 -0.066469
v -0.090930 0.506770 -0.066469
v -0.312595 0.371013 -0.009415
v 0.414197 -0.122619 -0.009278
v -0.449237 0.047256 -0.009085
v -0.411763 -0.127936 -0.009283
v -0.247898 -0.332316 -0.009578
v 0.000000 0.499314 -0.009315
v -0.413724 0.224267 -0.009310
v -0.124760 0.592583 1.076915
v -0.139870 0.569027 1.016297
v -0.080588 0.610694 1.015714
v -0.080554 0.613018 1.058358
v -0.154925 0.579629 1.050724
v -0.114937 0.594928 0.990891
v -0.142885 0.730558 1.040874
v -0.174145 0.699325 1.082193
v -0.177029 0.706226 0.982378
v -0.220353 0.683844 1.035644
v 0.229373 0.716984 0.993762
v 0.246999 0.702224 1.047612
v 0.186022 0.725776 1.083733
v 0.179094 0.728358 0.986629
v 0.172163 0.760087 1.044456
v 0.117167 0.599275 0.983370
v 0.177421 0.571698 1.005200
v 0.179975 0.574922 1.066693
v 0.104052 0.599461 1.071560
v 0.015264 0.741384 -1.027331
v 0.008136 0.743302 -1.107809
v -0.018649 0.559393 -1.023775
v -0.007753 0.741362 -1.026296
v 0.030492 0.558162 -1.029072
v 0.047757 0.558919 -1.082090
v -0.036878 0.560457 -1.092819
vt 0.667857 0.162129
vt 0.847664 0.354474
vt 0.847664 0.354474
vt 0.667857 0.162129
vt 0.745185 0.392933
vt 0.745185 0.392933
vt 0.667857 0.162129
vt 0.892933 0.254815
vt 0.892933 0.254815
vt 0.847664 0.354474
vt 0.667857 0.162129
vt 0.854474 0.152336
vt 0.854474 0.152336
vt 0.892933 0.254815
vt 0.854474 0.152336
vt 0.667857 0.162129
vt 0.667857 0.162129
vt 0.745185 0.392933
vt 0.592501 0.768328
vt 0.617819 0.771076
vt 0.569810 0.762796
vt 0.551633 0.750098
vt 0.579931 0.738488
vt 0.628572 0.749059
vt 0.634449 0.738585
vt 0.539899 0.762207
vt 0.564031 0.995338
vt 0.537772 0.991513
vt 0.515363 0.825798
vt 0.508924 0.990638
vt 0.625880 0.017335
vt 0.613841 0.052762
vt 0.564570 0.040301
vt 0.544674 0.019480
vt 0.574153 0.059381
vt 0.621873 0.068898
vt 0.132348 0.703667
vt 0.250000 0.703667
vt 0.195992 0.703667
vt 0.141984 0.703667
vt 0.132520 0.703667
vt 0.871342 0.749828
vt 0.862559 0.670819
vt 0.853400 0.732565
vt 0.673224 0.722571
vt 0.412060 0.015813
vt 0.384159 0.030293
vt 0.376221 0.014181
vt 0.454553 0.021481
vt 0.444337 0.032048
vt 0.440548 0.045662
vt 0.381876 0.044447
vt 0.440688 0.063338
vt 0.398463 0.075315
vt 0.478090 0.907303
vt 0.435679 0.838264
vt 0.454956 0.770533
vt 0.461355 0.979407
vt 0.509815 0.687004
vt 0.483772 0.699880
vt 0.455392 0.673602
vt 0.546991 0.685009
vt 0.567276 0.710096
vt 0.535327 0.704426
vt 0.501514 0.720748
vt 0.375003 0.883320
vt 0.375001 0.881655
vt 0.375037 0.770822
vt 0.375000 0.996337
vt 0.375000 0.875000
vt 0.375000 0.822054
vt 0.497508 0.049702
vt 0.742022 0.564089
vt 0.769697 0.619653
vt 0.691068 0.602831
vt 0.865722 0.558217
vt 0.851669 0.520127
vt 0.868729 0.614430
vt 0.658978 0.629212
vt 0.696900 0.669843
vt 0.400537 0.732736
vt 0.451341 0.728569
vt 0.427679 0.754208
vt 0.386094 0.744584
vt 0.474073 0.003095
vt 0.495083 0.005924
vt 0.393615 0.345254
vt 0.422292 0.365276
vt 0.378255 0.452412
vt 0.389295 0.495010
vt 0.507877 0.256867
vt 0.616890 0.224518
vt 0.618385 0.231978
vt 0.582637 0.230490
vt 0.567708 0.239449
vt 0.539752 0.237345
vt 0.560646 0.232935
vt 0.582524 0.229475
vt 0.499037 0.413122
vt 0.437524 0.450503
vt 0.448150 0.291501
vt 0.498742 0.000106
vt 0.567599 0.001974
vt 0.533586 0.000039
vt 0.499999 0.854663
vt 0.501329 0.784095
vt 0.500533 0.918988
vt 0.547149 0.739924
vt 0.501624 0.753865
vt 0.536456 0.749242
vt 0.522687 0.055297
vt 0.500932 0.059777
vt 0.531585 0.074374
vt 0.476314 0.075578
vt 0.375000 0.012050
vt 0.375000 0.027178
vt 0.375000 0.018756
vt 0.465367 0.647164
vt 0.546985 0.643866
vt 0.416667 0.671974
vt 0.258763 0.571471
vt 0.178691 0.614768
vt 0.136133 0.572616
vt 0.291157 0.604297
vt 0.283662 0.652986
vt 0.404396 0.176678
vt 0.408534 0.203153
vt 0.389366 0.198635
vt 0.375000 0.744135
vt 0.375000 0.741103
vt 0.375000 0.741242
vt 0.375000 0.743453
vt 0.407639 0.112949
vt 0.417533 0.132667
vt 0.378126 0.114638
vt 0.594845 0.097679
vt 0.562088 0.110954
vt 0.604743 0.146456
vt 0.587364 0.143702
vt 0.588077 0.205291
vt 0.582234 0.145302
vt 0.572887 0.115201
vt 0.435264 0.696120
vt 0.422562 0.714494
vt 0.380606 0.706403
vt 0.499713 0.799609
vt 0.502498 0.748732
vt 0.499912 0.963710
vt 0.493540 0.233230
vt 0.520810 0.243223
vt 0.477512 0.237338
vt 0.468128 0.054879
vt 0.375000 0.010788
vt 0.375000 0.010334
vt 0.640149 0.526779
vt 0.662728 0.510405
vt 0.375000 0.927946
vt 0.375000 0.983446
vt 0.375000 0.901239
vt 0.375253 0.772443
vt 0.376264 0.753523
vt 0.375016 0.753579
vt 0.375052 0.751330
vt 0.408076 0.001090
vt 0.375028 0.004709
vt 0.375308 0.001063
vt 0.535024 0.000000
vt 0.566229 0.000006
vt 0.504739 0.000000
vt 0.457324 0.000304
vt 0.455343 0.749399
vt 0.308942 0.679747
vt 0.135234 0.670009
vt 0.276063 0.698192
vt 0.130094 0.683163
vt 0.134698 0.703140
vt 0.474684 0.242224
vt 0.437916 0.234681
vt 0.143220 0.521895
vt 0.365630 0.526437
vt 0.402957 0.542210
vt 0.420506 0.518459
vt 0.423133 0.518085
vt 0.398254 0.525282
vt 0.448266 0.515161
vt 0.547954 0.515084
vt 0.580121 0.518226
vt 0.572523 0.517065
vt 0.529442 0.108238
vt 0.505172 0.085332
vt 0.441622 0.111106
vt 0.473653 0.111371
vt 0.597025 0.634629
vt 0.575981 0.625547
vt 0.597898 0.607761
vt 0.628802 0.602978
vt 0.569628 0.653495
vt 0.372956 0.631266
vt 0.391950 0.605465
vt 0.416586 0.592194
vt 0.423745 0.630492
vt 0.419254 0.619133
vt 0.467872 0.634799
vt 0.857694 0.502493
vt 0.129670 0.501425
vt 0.238611 0.500000
vt 0.603874 0.465632
vt 0.553207 0.489332
vt 0.566956 0.392941
vt 0.516482 0.505647
vt 0.536656 0.511082
vt 0.451668 0.511343
vt 0.000000 0.000000
vt 0.000000 0.000000
vt 0.000000 0.000000
vt 0.000000 0.000000
vt 0.000000 0.000000
vt 0.000000 0.000000
vt 0.000000 0.000000
vt 0.000000 0.000000
vt 0.000000 0.000000
vt 0.000000 0.000000
vt 0.000000 0.000000
vt 0.000000 0.000000
vt 0.000000 0.000000
vt 0.000000 0.000000
vt 0.000000 0.000000
vt 0.000000 0.000000
vt 0.000000 0.000000
vt 0.000000 0.000000
vt 0.000000 0.000000
vt 0.000000 0.000000
vt 0.000000 0.000000
vt 0.000000 0.000000
vt 0.000000 0.000000
vt 0.000000 0.000000
vt 0.000000 0.000000
vt 0.000000 0.000000
vt 0.000000 0.000000
vt 0.000000 0.000000
vt 0.000000 0.000000
vt 0.000000 0.000000
vt 0.000000 0.000000
vt 0.000000 0.000000
vt 0.000000 0.000000
vt 0.000000 0.000000
vt 0.000000 0.000000
vt 0.000000 0.000000
vt 0.000000 0.000000
vt 0.000000 0.000000
vt 0.000000 0.000000
vt 0.000000 0.000000
vt 0.000000 0.000000
vt 0.376816 0.067740
vt 0.871236 0.706676
vt 0.875000 0.733382
vt 0.374982 0.712884
vt 0.374742 0.709928
vt 0.375000 0.730356
vt 0.127338 0.703667
vt 0.175547 0.703667
vt 0.568158 0.248941
vt 0.566848 0.262248
vt 0.430772 0.253880
vt 0.469164 0.493492
vt 0.531073 0.491649
vt 0.399210 0.512989
vt 0.398296 0.506320
vt 0.623493 0.000083
vt 0.608539 0.004508
vt 0.593633 0.000145
vt 0.874173 0.684667
vt 0.373869 0.697899
vt 0.371923 0.681461
vt 0.145114 0.546391
vt 0.128664 0.637426
vt 0.377901 0.081628
vt 0.627714 0.673524
vt 0.621248 0.629693
vt 0.630667 0.549227
vt 0.605776 0.568481
vt 0.601094 0.672382
vt 0.137799 0.703667
vt 0.133614 0.703667
vt 0.129428 0.703667
vt 0.375000 0.045976
vt 0.375000 0.045755
vt 0.375000 0.046333
vt 0.375000 0.045177
vt 0.375000 0.044600
vt 0.375000 0.705978
vt 0.374977 0.705604
vt 0.374985 0.705402
vt 0.374970 0.704825
vt 0.373718 0.703913
vt 0.374954 0.704249
vt 0.374939 0.703672
vt 0.370708 0.703671
vt 0.360331 0.703671
vt 0.362247 0.703668
vt 0.366477 0.703670
vt 0.358016 0.703667
vt 0.623361 0.194014
vt 0.367429 0.560205
vt 0.369158 0.501604
vt 0.319138 0.502869
vt 0.125000 0.519925
vt 0.406513 0.245532
vt 0.383478 0.232090
vt 0.594665 0.245402
vt 0.602605 0.507960
vt 0.580709 0.514153
vt 0.621837 0.502330
vt 0.375554 0.226094
vt 0.873864 0.525639
vt 0.125000 0.703667
vt 0.129246 0.703667
vt 0.133492 0.703667
vt 0.137738 0.703667
vt 0.375000 0.044022
vt 0.375000 0.046058
vt 0.375000 0.027692
vt 0.375000 0.035861
vt 0.375000 0.045851
vt 0.375000 0.045899
vt 0.375000 0.036427
vt 0.375000 0.038965
vt 0.375000 0.045789
vt 0.375000 0.045891
vt 0.375000 0.046113
vt 0.373100 0.704618
vt 0.373571 0.705553
vt 0.375000 0.728641
vt 0.374988 0.716428
vt 0.374858 0.712313
vt 0.370372 0.704264
vt 0.372784 0.705168
vt 0.321520 0.703671
vt 0.361519 0.703821
vt 0.355181 0.703701
vt 0.370141 0.704248
vt 0.370266 0.704497
vt 0.370631 0.704227
vt 0.363811 0.703956
vt 0.375000 0.998944
vt 0.380040 0.976883
vt 0.375000 0.999522
vt 0.375000 0.961366
vt 0.375000 0.997135
vt 0.375000 0.987099
vt 0.375002 0.945629
vt 0.375000 1.000000
vt 0.375000 0.998195
vt 0.375000 0.957504
vt 0.375000 0.000957
vt 0.375000 0.000528
vt 0.375000 0.001719
vt 0.375000 0.002145
vt 0.375000 0.000392
vt 0.375000 0.009116
vt 0.375100 0.758375
vt 0.375019 0.744036
vt 0.375129 0.751151
vt 0.375106 0.773873
vt 0.374995 0.716658
vt 0.376568 0.724588
vt 0.375000 0.726209
vt 0.375000 0.021886
vt 0.375000 0.024124
vt 0.375000 0.012754
vt 0.375000 0.015143
vt 0.375001 0.950301
vt 0.385498 0.811425
vt 0.375000 0.737353
vt 0.375001 0.737587
vt 0.375001 0.738297
vt 0.375000 0.732150
vt 0.375001 0.743940
vt 0.374998 0.720622
vt 0.374999 0.724665
vt 0.368348 0.703425
vt 0.316377 0.703468
vt 0.379053 0.726645
vt 0.375000 0.730768
vt 0.375000 0.730871
vt 0.375000 0.722505
vt 0.375000 0.005762
vt 0.375000 0.004178
vt 0.375000 0.002547
vt 0.375000 0.002126
vt 0.375000 0.008282
vt 0.375000 0.007850
vt 0.375000 0.006230
vt 0.331275 0.703676
vt 0.128422 0.703667
vt 0.366646 0.704390
vt 0.128725 0.703667
vt 0.374993 0.706596
vt 0.135679 0.703667
vt 0.125000 0.703667
vt 0.263019 0.703681
vt 0.129221 0.703667
vt 0.375000 0.021811
vt 0.623980 0.315338
vt 0.549994 0.336220
vt 0.625000 0.345169
vt 0.602663 0.376848
vt 0.489758 0.315338
vt 0.591809 0.315338
vt 0.437237 0.336015
vt 0.401712 0.315338
vt 0.384852 0.437752
vt 0.477696 0.388927
vt 0.381967 0.366586
vt 0.417117 0.434663
vt 0.526759 0.426117
vt 0.604446 0.428532
vt 0.592853 0.434663
vt 0.536754 0.823662
vt 0.587223 0.831494
vt 0.589669 0.815338
vt 0.462018 0.929414
vt 0.412151 0.916723
vt 0.409305 0.934663
vt 0.538194 0.934663
vt 0.503947 0.879975
vt 0.593249 0.934663
vt 0.587362 0.919032
vt 0.600832 0.879921
vt 0.619384 0.820087
vt 0.241315 0.502559
vt 0.257393 0.534433
vt 0.315580 0.501776
vt 0.218901 0.585098
vt 0.255638 0.680167
vt 0.190338 0.692164
vt 0.237803 0.750000
vt 0.287692 0.750000
vt 0.809663 0.507348
vt 0.748754 0.582899
vt 0.802135 0.550242
vt 0.775964 0.674166
vt 0.690338 0.505423
vt 0.755526 0.529004
vt 0.746457 0.500000
vt 0.690338 0.521577
vt 0.690338 0.511017
vt 0.691146 0.633799
vt 0.760206 0.750000
vt 0.708561 0.749829
vt 0.595582 1.000000
vt 0.610015 0.929132
vt 0.621491 0.994339
vt 0.375000 0.739032
vt 0.375000 0.749407
vt 0.375000 0.745663
vt 0.375000 0.747874
vt 0.553600 0.007494
vt 0.304008 0.703667
vt 0.375000 0.980892
vt 0.619767 0.767676
vt 0.431106 0.963166
vt 0.414352 0.226257
vt 0.404679 0.233121
vt 0.375000 0.769108
vt 0.514020 0.021360
vt 0.427550 0.232935
vt 0.375000 0.035600
vt 0.375000 0.045951
vt 0.528773 0.634799
vt 0.375000 0.032800
vt 0.427550 0.115201
vt 0.417091 0.165210
vt 0.622821 0.080440
vt 0.582545 0.115201
vt 0.478726 0.739780
vt 0.375000 0.768654
vt 0.375000 0.822368
vt 0.375000 0.764345
vt 0.375000 0.748419
vt 0.375000 0.748965
vt 0.375000 0.759582
vt 0.375000 0.754818
vt 0.375000 0.750055
vt 0.375000 0.749510
vt 0.375000 0.001595
vt 0.508741 0.758572
vt 0.375000 0.001063
vt 0.375000 0.000532
vt 0.375000 0.000000
vt 0.375000 1.000000
vt 0.375000 0.995223
vt 0.375000 0.990446
vt 0.375000 0.985669
vt 0.409062 0.996970
vt 0.375000 0.997108
vt 0.375000 0.985608
vt 0.375000 0.990325
vt 0.499948 0.996453
vt 0.463912 0.995853
vt 0.375000 0.000322
vt 0.375000 0.995041
vt 0.375000 0.999757
vt 0.375000 0.756043
vt 0.588915 0.529314
vt 0.590513 0.545234
vt 0.507524 0.517065
vt 0.000000 0.000000
vt 0.584262 0.587392
vt 0.572348 0.634799
vt 0.579196 0.631427
vt 0.417599 0.607562
vt 0.649152 0.500041
vt 0.000000 0.000000
vt 0.000000 0.000000
vt 0.000000 0.000000
vt 0.000000 0.000000
vt 0.000000 0.000000
vt 0.000000 0.000000
vt 0.000000 0.000000
vt 0.000000 0.000000
vt 0.000000 0.000000
vt 0.000000 0.000000
vt 0.000000 0.000000
vt 0.000000 0.000000
vt 0.000000 0.000000
vt 0.000000 0.000000
vt 0.000000 0.000000
vt 0.000000 0.000000
vt 0.000000 0.000000
vt 0.000000 0.000000
vt 0.000000 0.000000
vt 0.375419 0.222914
vt 0.376895 0.179704
vt 0.875000 0.750000
vt 0.625000 0.000000
vt 0.125243 0.703667
vt 0.125243 0.703667
vt 0.623923 0.135234
vt 0.388486 0.256850
vt 0.872047 0.516162
vt 0.618310 0.260614
vt 0.126219 0.703667
vt 0.147346 0.703667
vt 0.374814 0.712089
vt 0.379876 0.027591
vt 0.375000 0.714242
vt 0.375000 0.714274
vt 0.375000 0.043242
vt 0.375266 0.046031
vt 0.375000 0.035280
vt 0.190338 0.505827
vt 0.190338 0.518655
vt 0.190338 0.576491
vt 0.624081 0.434663
vt 0.380235 0.315338
vt 0.459644 0.824325
vt 0.396003 0.831748
vt 0.399943 0.880670
vt 0.382541 0.934663
vt 0.299521 0.627692
vt 0.972911 0.614354
vt 0.880963 1.000000
vt 0.847910 0.614354
vt 0.722910 0.614354
vt 0.659525 1.000000
vt 0.597910 0.614354
vt 0.472910 0.614354
vt 0.409525 1.000000
vt 0.347910 0.614354
vt 0.222910 0.614354
vt 0.117600 0.894280
vt 0.089825 0.500000
vt 0.020451 1.000000
vt 0.000000 0.614354
vt 0.734746 0.414367
vt 0.797756 0.470219
vt 0.855438 0.377011
vt 0.939487 0.371950
vt 0.914367 0.265255
vt 0.970219 0.202244
vt 0.877011 0.144562
vt 0.871950 0.060513
vt 0.765255 0.085633
vt 0.702244 0.029781
vt 0.644562 0.122989
vt 0.560513 0.128050
vt 0.585633 0.234745
vt 0.529781 0.297756
vt 0.622989 0.355438
vt 0.628050 0.439487
vt 1.000000 1.000000
vt 0.229549 1.000000
vt 0.222235 0.478499
vt 0.080294 0.419706
vt 0.021501 0.277765
vt 0.250000 0.250000
vt 0.402929 0.414377
vt 0.667857 0.162129
vt 0.754815 0.107067
vt 0.136279 0.069990
vt 0.430010 0.136279
vt 0.627728 0.300238
vt 0.847664 0.354474
vt 0.745185 0.392933
vt 0.892933 0.254815
vt 0.854474 0.152336
vt 0.625000 0.707091
vt 0.750000 0.500000
vt 0.875000 0.691398
vt 0.375000 0.500000
vt 0.524112 0.500000
vt 0.454944 0.250000
vt 0.375000 0.250000
vt 0.375000 0.250000
vt 0.375000 1.000000
vt 0.375000 0.706226
vt 0.625000 1.000000
vt 0.125000 0.718077
vt 0.125000 0.500000
vt 0.625000 0.250000
vt 0.375000 0.031923
vt 0.625000 0.058602
vt 0.375000 0.500000
vt 0.125000 0.500000
vt 0.875000 0.500000
vt 0.500000 0.625000
vt 0.416667 0.555975
vt 0.500000 0.500000
vt 0.416667 0.375000
vt 0.500000 0.375000
vt 0.500000 0.812818
vt 0.458333 1.000000
vt 0.278740 0.875000
vt 0.458333 0.000000
vt 0.500000 0.188178
vt 0.372771 0.199673
vt 0.333333 0.444025
vt 0.416667 0.750000
vt 0.308852 0.703095
vt 0.291667 0.000000
vt 0.195421 0.168095
vt 0.250000 0.625000
vt 0.166667 0.555975
vt 0.250000 0.437055
vt 0.126511 0.750000
vt 0.083333 0.569830
vt 0.125000 1.000000
vt 0.001270 0.875000
vt 0.116893 0.250000
vt 0.000000 0.183949
vt 0.041667 0.000000
vt 0.000000 0.750000
vt 0.000000 0.500000
vt 0.000000 0.449346
vt 0.000000 0.375000
vt 0.500000 0.425654
vt 0.500000 0.175654
vt 0.500000 0.812500
vt 0.127469 0.375000
vt 0.000000 0.625000
vt 0.000000 0.199346
vt 0.000000 0.687500
vt 0.020833 0.937500
vt 0.458333 1.000000
vt 0.041667 1.000000
vt 0.221755 0.521098
vt 0.343338 0.712528
vt 0.221891 0.732605
vt 0.125000 0.527751
vt 0.125000 0.689814
vt 0.398543 0.529645
vt 0.598064 0.520311
vt 0.393370 0.691213
vt 0.603280 0.781716
vt 0.412472 0.853410
vt 0.408910 0.344630
vt 0.565052 0.023035
vt 0.596502 0.257010
vt 0.418528 0.200799
vt 0.404251 0.049140
vt 0.794423 0.525255
vt 0.858412 0.699227
vt 0.670406 0.723485
vt 0.595339 0.967203
vt 0.395955 1.000000
vt 0.374890 0.541107
vt 0.166333 0.729731
vt 0.152249 0.559020
vt 0.402164 0.302040
vt 0.596651 0.454075
vt 0.599790 0.115074
vt 0.405778 0.053554
vt 0.597045 0.665491
vt 0.625000 0.905298
vt 0.578977 0.914332
vt 0.402810 0.732923
vt 0.847139 0.500000
vt 0.803432 0.669034
vt 0.619505 0.483040
vt 0.397609 0.965153
vt 0.581145 0.301864
vt 0.590567 0.000000
vt 0.371733 0.766517
vt 0.135519 0.737982
vt 0.133991 0.542337
vt 0.768623 0.740213
vt 0.660213 0.713126
vt 0.787463 0.509087
vt 0.374912 0.220974
vt 0.610901 0.390315
vt 0.377525 0.565285
vt 0.606775 0.776588
vt 0.375281 0.965253
vt 0.374148 0.782517
vt 0.604359 0.920401
vt 0.374964 0.020532
vt 0.603437 0.030983
vt 0.592501 0.768328
vt 0.617819 0.771076
vt 0.617819 0.771076
vt 0.592501 0.768328
vt 0.592501 0.768328
vt 0.617819 0.771076
vt 0.569810 0.762796
vt 0.569810 0.762796
vt 0.569810 0.762796
vt 0.551633 0.750098
vt 0.592501 0.768328
vt 0.551633 0.750098
vt 0.551633 0.750098
vt 0.569810 0.762796
vt 0.592501 0.768328
vt 0.551633 0.750098
vt 0.579931 0.738488
vt 0.579931 0.738488
vt 0.579931 0.738488
vt 0.628572 0.749059
vt 0.592501 0.768328
vt 0.628572 0.749059
vt 0.628572 0.749059
vt 0.634449 0.738585
vt 0.634449 0.738585
vt 0.634449 0.738585
vt 0.592501 0.768328
vt 0.579931 0.738488
vt 0.634449 0.738585
vt 0.539899 0.762207
vt 0.564031 0.995338
vt 0.564031 0.995338
vt 0.539899 0.762207
vt 0.539899 0.762207
vt 0.564031 0.995338
vt 0.537772 0.991513
vt 0.537772 0.991513
vt 0.537772 0.991513
vt 0.515363 0.825798
vt 0.537772 0.991513
vt 0.515363 0.825798
vt 0.515363 0.825798
vt 0.508924 0.990638
vt 0.508924 0.990638
vt 0.508924 0.990638
vt 0.625880 0.017335
vt 0.613841 0.052762
vt 0.613841 0.052762
vt 0.625880 0.017335
vt 0.625880 0.017335
vt 0.613841 0.052762
vt 0.564570 0.040301
vt 0.564570 0.040301
vt 0.564570 0.040301
vt 0.625880 0.017335
vt 0.564570 0.040301
vt 0.544674 0.019480
vt 0.544674 0.019480
vt 0.544674 0.019480
vt 0.613841 0.052762
vt 0.574153 0.059381
vt 0.574153 0.059381
vt 0.574153 0.059381
vt 0.564570 0.040301
vt 0.613841 0.052762
vt 0.621873 0.068898
vt 0.621873 0.068898
vt 0.621873 0.068898
vt 0.574153 0.059381
vt 0.132348 0.703667
vt 0.189886 0.703667
vt 0.189886 0.703667
vt 0.132348 0.703667
vt 0.132348 0.703667
vt 0.189886 0.703667
vt 0.163380 0.703667
vt 0.163380 0.703667
vt 0.163380 0.703667
vt 0.132348 0.703667
vt 0.163380 0.703667
vt 0.137041 0.703667
vt 0.137041 0.703667
vt 0.137041 0.703667
vt 0.871342 0.749828
vt 0.628572 0.749059
vt 0.871342 0.749828
vt 0.871342 0.749828
vt 0.634449 0.738585
vt 0.862559 0.670819
vt 0.853400 0.732565
vt 0.853400 0.732565
vt 0.862559 0.670819
vt 0.862559 0.670819
vt 0.853400 0.732565
vt 0.673224 0.722571
vt 0.673224 0.722571
vt 0.673224 0.722571
vt 0.412060 0.015813
vt 0.384159 0.030293
vt 0.384159 0.030293
vt 0.412060 0.015813
vt 0.412060 0.015813
vt 0.384159 0.030293
vt 0.376221 0.014181
vt 0.376221 0.014181
vt 0.376221 0.014181
vt 0.454553 0.021481
vt 0.444337 0.032048
vt 0.444337 0.032048
vt 0.454553 0.021481
vt 0.454553 0.021481
vt 0.444337 0.032048
vt 0.384159 0.030293
vt 0.384159 0.030293
vt 0.440548 0.045662
vt 0.440548 0.045662
vt 0.440548 0.045662
vt 0.381876 0.044447
vt 0.381876 0.044447
vt 0.381876 0.044447
vt 0.381876 0.044447
vt 0.440688 0.063338
vt 0.440688 0.063338
vt 0.440688 0.063338
vt 0.398463 0.075315
vt 0.398463 0.075315
vt 0.398463 0.075315
vt 0.478090 0.907303
vt 0.435679 0.838264
vt 0.435679 0.838264
vt 0.478090 0.907303
vt 0.478090 0.907303
vt 0.435679 0.838264
vt 0.454956 0.770533
vt 0.454956 0.770533
vt 0.454956 0.770533
vt 0.478090 0.907303
vt 0.461355 0.979407
vt 0.461355 0.979407
vt 0.461355 0.979407
vt 0.435679 0.838264
vt 0.509815 0.687004
vt 0.483772 0.699880
vt 0.483772 0.699880
vt 0.509815 0.687004
vt 0.509815 0.687004
vt 0.483772 0.699880
vt 0.455392 0.673602
vt 0.455392 0.673602
vt 0.455392 0.673602
vt 0.546991 0.685009
vt 0.567276 0.710096
vt 0.567276 0.710096
vt 0.546991 0.685009
vt 0.546991 0.685009
vt 0.567276 0.710096
vt 0.535327 0.704426
vt 0.535327 0.704426
vt 0.535327 0.704426
vt 0.546991 0.685009
vt 0.535327 0.704426
vt 0.509815 0.687004
vt 0.535327 0.704426
vt 0.501514 0.720748
vt 0.501514 0.720748
vt 0.501514 0.720748
vt 0.483772 0.699880
vt 0.375003 0.883320
vt 0.375001 0.881655
vt 0.375001 0.881655
vt 0.375003 0.883320
vt 0.375003 0.883320
vt 0.375001 0.881655
vt 0.375037 0.770822
vt 0.375037 0.770822
vt 0.375037 0.770822
vt 0.375003 0.883320
vt 0.375000 0.996337
vt 0.375000 0.996337
vt 0.375000 0.996337
vt 0.375001 0.881655
vt 0.375001 0.881655
vt 0.375001 0.881383
vt 0.375001 0.881383
vt 0.375001 0.881383
vt 0.375001 0.879281
vt 0.375001 0.879281
vt 0.375001 0.879281
vt 0.497508 0.049702
vt 0.544674 0.019480
vt 0.497508 0.049702
vt 0.497508 0.049702
vt 0.564570 0.040301
vt 0.742022 0.564089
vt 0.769697 0.619653
vt 0.769697 0.619653
vt 0.742022 0.564089
vt 0.742022 0.564089
vt 0.769697 0.619653
vt 0.691068 0.602831
vt 0.691068 0.602831
vt 0.691068 0.602831
vt 0.865722 0.558217
vt 0.742022 0.564089
vt 0.865722 0.558217
vt 0.865722 0.558217
vt 0.851669 0.520127
vt 0.851669 0.520127
vt 0.851669 0.520127
vt 0.868729 0.614430
vt 0.862559 0.670819
vt 0.868729 0.614430
vt 0.868729 0.614430
vt 0.769697 0.619653
vt 0.691068 0.602831
vt 0.769697 0.619653
vt 0.658978 0.629212
vt 0.658978 0.629212
vt 0.658978 0.629212
vt 0.769697 0.619653
vt 0.696900 0.669843
vt 0.696900 0.669843
vt 0.696900 0.669843
vt 0.658978 0.629212
vt 0.400537 0.732736
vt 0.451341 0.728569
vt 0.451341 0.728569
vt 0.400537 0.732736
vt 0.400537 0.732736
vt 0.451341 0.728569
vt 0.427679 0.754208
vt 0.427679 0.754208
vt 0.427679 0.754208
vt 0.400537 0.732736
vt 0.427679 0.754208
vt 0.386094 0.744584
vt 0.386094 0.744584
vt 0.386094 0.744584
vt 0.474073 0.003095
vt 0.495083 0.005924
vt 0.495083 0.005924
vt 0.474073 0.003095
vt 0.474073 0.003095
vt 0.495083 0.005924
vt 0.454553 0.021481
vt 0.393615 0.345254
vt 0.422292 0.365276
vt 0.422292 0.365276
vt 0.393615 0.345254
vt 0.393615 0.345254
vt 0.422292 0.365276
vt 0.378255 0.452412
vt 0.378255 0.452412
vt 0.378255 0.452412
vt 0.378255 0.452412
vt 0.422292 0.365276
vt 0.389295 0.495010
vt 0.389295 0.495010
vt 0.389295 0.495010
vt 0.507877 0.256867
vt 0.616890 0.224518
vt 0.616890 0.224518
vt 0.507877 0.256867
vt 0.507877 0.256867
vt 0.616890 0.224518
vt 0.618385 0.231978
vt 0.618385 0.231978
vt 0.618385 0.231978
vt 0.582637 0.230490
vt 0.567708 0.239449
vt 0.567708 0.239449
vt 0.582637 0.230490
vt 0.582637 0.230490
vt 0.567708 0.239449
vt 0.539752 0.237345
vt 0.539752 0.237345
vt 0.539752 0.237345
vt 0.582637 0.230490
vt 0.560646 0.232935
vt 0.560646 0.232935
vt 0.560646 0.232935
vt 0.582524 0.229475
vt 0.582524 0.229475
vt 0.582524 0.229475
vt 0.499037 0.413122
vt 0.437524 0.450503
vt 0.437524 0.450503
vt 0.499037 0.413122
vt 0.499037 0.413122
vt 0.437524 0.450503
vt 0.448150 0.291501
vt 0.448150 0.291501
vt 0.448150 0.291501
vt 0.498742 0.000106
vt 0.567599 0.001974
vt 0.567599 0.001974
vt 0.498742 0.000106
vt 0.498742 0.000106
vt 0.567599 0.001974
vt 0.533586 0.000039
vt 0.533586 0.000039
vt 0.533586 0.000039
vt 0.499999 0.854663
vt 0.501329 0.784095
vt 0.501329 0.784095
vt 0.499999 0.854663
vt 0.499999 0.854663
vt 0.501329 0.784095
vt 0.500533 0.918988
vt 0.500533 0.918988
vt 0.500533 0.918988
vt 0.567276 0.710096
vt 0.547149 0.739924
vt 0.547149 0.739924
vt 0.547149 0.739924
vt 0.535327 0.704426
vt 0.501514 0.720748
vt 0.547149 0.739924
vt 0.501624 0.753865
vt 0.501624 0.753865
vt 0.501624 0.753865
vt 0.501624 0.753865
vt 0.547149 0.739924
vt 0.536456 0.749242
vt 0.536456 0.749242
vt 0.536456 0.749242
vt 0.579931 0.738488
vt 0.536456 0.749242
vt 0.547149 0.739924
vt 0.567276 0.710096
vt 0.634449 0.738585
vt 0.579931 0.738488
vt 0.522687 0.055297
vt 0.500932 0.059777
vt 0.500932 0.059777
vt 0.522687 0.055297
vt 0.522687 0.055297
vt 0.500932 0.059777
vt 0.497508 0.049702
vt 0.522687 0.055297
vt 0.531585 0.074374
vt 0.531585 0.074374
vt 0.531585 0.074374
vt 0.500932 0.059777
vt 0.500932 0.059777
vt 0.531585 0.074374
vt 0.476314 0.075578
vt 0.476314 0.075578
vt 0.476314 0.075578
vt 0.375000 0.012050
vt 0.375000 0.023453
vt 0.375000 0.023453
vt 0.375000 0.012050
vt 0.375000 0.012050
vt 0.375000 0.023453
vt 0.375000 0.016929
vt 0.375000 0.016929
vt 0.375000 0.016929
vt 0.546991 0.685009
vt 0.465367 0.647164
vt 0.465367 0.647164
vt 0.465367 0.647164
vt 0.546985 0.643866
vt 0.546985 0.643866
vt 0.546985 0.643866
vt 0.416667 0.671974
vt 0.465367 0.647164
vt 0.416667 0.671974
vt 0.416667 0.671974
vt 0.455392 0.673602
vt 0.258763 0.571471
vt 0.178691 0.614768
vt 0.178691 0.614768
vt 0.258763 0.571471
vt 0.258763 0.571471
vt 0.178691 0.614768
vt 0.136133 0.572616
vt 0.136133 0.572616
vt 0.136133 0.572616
vt 0.291157 0.604297
vt 0.283662 0.652986
vt 0.283662 0.652986
vt 0.291157 0.604297
vt 0.291157 0.604297
vt 0.283662 0.652986
vt 0.178691 0.614768
vt 0.404396 0.176678
vt 0.408534 0.203153
vt 0.408534 0.203153
vt 0.404396 0.176678
vt 0.404396 0.176678
vt 0.408534 0.203153
vt 0.389366 0.198635
vt 0.389366 0.198635
vt 0.389366 0.198635
vt 0.407639 0.112949
vt 0.417533 0.132667
vt 0.417533 0.132667
vt 0.407639 0.112949
vt 0.407639 0.112949
vt 0.417533 0.132667
vt 0.378126 0.114638
vt 0.378126 0.114638
vt 0.378126 0.114638
vt 0.407639 0.112949
vt 0.398463 0.075315
vt 0.476314 0.075578
vt 0.594845 0.097679
vt 0.562088 0.110954
vt 0.562088 0.110954
vt 0.594845 0.097679
vt 0.594845 0.097679
vt 0.562088 0.110954
vt 0.574153 0.059381
vt 0.604743 0.146456
vt 0.587364 0.143702
vt 0.587364 0.143702
vt 0.604743 0.146456
vt 0.604743 0.146456
vt 0.587364 0.143702
vt 0.594845 0.097679
vt 0.588077 0.205291
vt 0.587364 0.143702
vt 0.588077 0.205291
vt 0.588077 0.205291
vt 0.616890 0.224518
vt 0.582234 0.145302
vt 0.587364 0.143702
vt 0.582234 0.145302
vt 0.582234 0.145302
vt 0.588077 0.205291
vt 0.572887 0.115201
vt 0.587364 0.143702
vt 0.572887 0.115201
vt 0.572887 0.115201
vt 0.582234 0.145302
vt 0.455392 0.673602
vt 0.435264 0.696120
vt 0.435264 0.696120
vt 0.435264 0.696120
vt 0.416667 0.671974
vt 0.435264 0.696120
vt 0.422562 0.714494
vt 0.422562 0.714494
vt 0.422562 0.714494
vt 0.380606 0.706403
vt 0.380606 0.706403
vt 0.380606 0.706403
vt 0.478090 0.907303
vt 0.454956 0.770533
vt 0.499713 0.799609
vt 0.499713 0.799609
vt 0.499713 0.799609
vt 0.501624 0.753865
vt 0.502498 0.748732
vt 0.502498 0.748732
vt 0.502498 0.748732
vt 0.501514 0.720748
vt 0.501329 0.784095
vt 0.499999 0.854663
vt 0.499713 0.799609
vt 0.500533 0.918988
vt 0.499912 0.963710
vt 0.499912 0.963710
vt 0.499912 0.963710
vt 0.499999 0.854663
vt 0.499912 0.963710
vt 0.478090 0.907303
vt 0.499999 0.854663
vt 0.478090 0.907303
vt 0.499713 0.799609
vt 0.499999 0.854663
vt 0.501514 0.720748
vt 0.422562 0.714494
vt 0.483772 0.699880
vt 0.560646 0.232935
vt 0.539752 0.237345
vt 0.493540 0.233230
vt 0.493540 0.233230
vt 0.493540 0.233230
vt 0.567708 0.239449
vt 0.520810 0.243223
vt 0.520810 0.243223
vt 0.520810 0.243223
vt 0.539752 0.237345
vt 0.507877 0.256867
vt 0.520810 0.243223
vt 0.567708 0.239449
vt 0.539752 0.237345
vt 0.520810 0.243223
vt 0.477512 0.237338
vt 0.477512 0.237338
vt 0.477512 0.237338
vt 0.539752 0.237345
vt 0.477512 0.237338
vt 0.493540 0.233230
vt 0.468128 0.054879
vt 0.444337 0.032048
vt 0.468128 0.054879
vt 0.468128 0.054879
vt 0.497508 0.049702
vt 0.444337 0.032048
vt 0.468128 0.054879
vt 0.440548 0.045662
vt 0.474073 0.003095
vt 0.454553 0.021481
vt 0.412060 0.015813
vt 0.851669 0.520127
vt 0.640149 0.526779
vt 0.640149 0.526779
vt 0.640149 0.526779
vt 0.662728 0.510405
vt 0.662728 0.510405
vt 0.662728 0.510405
vt 0.640149 0.526779
vt 0.851669 0.520127
vt 0.742022 0.564089
vt 0.375253 0.772443
vt 0.427679 0.754208
vt 0.375253 0.772443
vt 0.375253 0.772443
vt 0.435679 0.838264
vt 0.375253 0.772443
vt 0.376264 0.753523
vt 0.376264 0.753523
vt 0.376264 0.753523
vt 0.427679 0.754208
vt 0.375037 0.770822
vt 0.375001 0.881655
vt 0.375016 0.753579
vt 0.375016 0.753579
vt 0.375016 0.753579
vt 0.375052 0.751330
vt 0.375037 0.770822
vt 0.375052 0.751330
vt 0.375052 0.751330
vt 0.375016 0.753579
vt 0.408076 0.001090
vt 0.375028 0.004709
vt 0.375028 0.004709
vt 0.408076 0.001090
vt 0.408076 0.001090
vt 0.375028 0.004709
vt 0.375308 0.001063
vt 0.375308 0.001063
vt 0.375308 0.001063
vt 0.535024 0.000000
vt 0.566229 0.000006
vt 0.566229 0.000006
vt 0.535024 0.000000
vt 0.535024 0.000000
vt 0.566229 0.000006
vt 0.504739 0.000000
vt 0.504739 0.000000
vt 0.504739 0.000000
vt 0.498742 0.000106
vt 0.474073 0.003095
vt 0.457324 0.000304
vt 0.457324 0.000304
vt 0.457324 0.000304
vt 0.499713 0.799609
vt 0.501624 0.753865
vt 0.501329 0.784095
vt 0.455343 0.749399
vt 0.454956 0.770533
vt 0.455343 0.749399
vt 0.455343 0.749399
vt 0.427679 0.754208
vt 0.427679 0.754208
vt 0.454956 0.770533
vt 0.435679 0.838264
vt 0.408076 0.001090
vt 0.457324 0.000304
vt 0.474073 0.003095
vt 0.508924 0.990638
vt 0.500533 0.918988
vt 0.515363 0.825798
vt 0.283662 0.652986
vt 0.308942 0.679747
vt 0.308942 0.679747
vt 0.308942 0.679747
vt 0.135234 0.670009
vt 0.135234 0.670009
vt 0.135234 0.670009
vt 0.308942 0.679747
vt 0.276063 0.698192
vt 0.276063 0.698192
vt 0.276063 0.698192
vt 0.135234 0.670009
vt 0.130094 0.683163
vt 0.276063 0.698192
vt 0.130094 0.683163
vt 0.130094 0.683163
vt 0.134698 0.703140
vt 0.134698 0.703140
vt 0.134698 0.703140
vt 0.474684 0.242224
vt 0.437916 0.234681
vt 0.437916 0.234681
vt 0.474684 0.242224
vt 0.474684 0.242224
vt 0.437916 0.234681
vt 0.477512 0.237338
vt 0.477512 0.237338
vt 0.437916 0.234681
vt 0.493540 0.233230
vt 0.143220 0.521895
vt 0.365630 0.526437
vt 0.365630 0.526437
vt 0.143220 0.521895
vt 0.143220 0.521895
vt 0.365630 0.526437
vt 0.258763 0.571471
vt 0.402957 0.542210
vt 0.420506 0.518459
vt 0.420506 0.518459
vt 0.402957 0.542210
vt 0.402957 0.542210
vt 0.420506 0.518459
vt 0.423133 0.518085
vt 0.423133 0.518085
vt 0.423133 0.518085
vt 0.420506 0.518459
vt 0.398254 0.525282
vt 0.398254 0.525282
vt 0.398254 0.525282
vt 0.448266 0.515161
vt 0.448266 0.515161
vt 0.448266 0.515161
vt 0.547954 0.515084
vt 0.580121 0.518226
vt 0.580121 0.518226
vt 0.547954 0.515084
vt 0.547954 0.515084
vt 0.580121 0.518226
vt 0.572523 0.517065
vt 0.572523 0.517065
vt 0.572523 0.517065
vt 0.562088 0.110954
vt 0.529442 0.108238
vt 0.529442 0.108238
vt 0.529442 0.108238
vt 0.531585 0.074374
vt 0.476314 0.075578
vt 0.505172 0.085332
vt 0.505172 0.085332
vt 0.505172 0.085332
vt 0.441622 0.111106
vt 0.441622 0.111106
vt 0.441622 0.111106
vt 0.505172 0.085332
vt 0.529442 0.108238
vt 0.473653 0.111371
vt 0.473653 0.111371
vt 0.473653 0.111371
vt 0.597025 0.634629
vt 0.575981 0.625547
vt 0.575981 0.625547
vt 0.597025 0.634629
vt 0.597025 0.634629
vt 0.575981 0.625547
vt 0.597898 0.607761
vt 0.597898 0.607761
vt 0.597898 0.607761
vt 0.597025 0.634629
vt 0.597898 0.607761
vt 0.628802 0.602978
vt 0.628802 0.602978
vt 0.628802 0.602978
vt 0.575981 0.625547
vt 0.597025 0.634629
vt 0.569628 0.653495
vt 0.569628 0.653495
vt 0.569628 0.653495
vt 0.372956 0.631266
vt 0.391950 0.605465
vt 0.391950 0.605465
vt 0.372956 0.631266
vt 0.372956 0.631266
vt 0.391950 0.605465
vt 0.416667 0.671974
vt 0.416586 0.592194
vt 0.402957 0.542210
vt 0.416586 0.592194
vt 0.416586 0.592194
vt 0.423133 0.518085
vt 0.423745 0.630492
vt 0.419254 0.619133
vt 0.419254 0.619133
vt 0.423745 0.630492
vt 0.423745 0.630492
vt 0.419254 0.619133
vt 0.416586 0.592194
vt 0.419254 0.619133
vt 0.423745 0.630492
vt 0.467872 0.634799
vt 0.467872 0.634799
vt 0.467872 0.634799
vt 0.662728 0.510405
vt 0.857694 0.502493
vt 0.857694 0.502493
vt 0.857694 0.502493
vt 0.851669 0.520127
vt 0.143220 0.521895
vt 0.129670 0.501425
vt 0.129670 0.501425
vt 0.129670 0.501425
vt 0.238611 0.500000
vt 0.238611 0.500000
vt 0.238611 0.500000
vt 0.603874 0.465632
vt 0.553207 0.489332
vt 0.553207 0.489332
vt 0.603874 0.465632
vt 0.603874 0.465632
vt 0.553207 0.489332
vt 0.566956 0.392941
vt 0.566956 0.392941
vt 0.566956 0.392941
vt 0.516482 0.505647
vt 0.536656 0.511082
vt 0.536656 0.511082
vt 0.516482 0.505647
vt 0.516482 0.505647
vt 0.536656 0.511082
vt 0.451668 0.511343
vt 0.451668 0.511343
vt 0.451668 0.511343
vt 0.000000 0.000000
vt 0.000000 0.000000
vt 0.000000 0.000000
vt 0.000000 0.000000
vt 0.000000 0.000000
vt 0.000000 0.000000
vt 0.000000 0.000000
vt 0.000000 0.000000
vt 0.000000 0.000000
vt 0.000000 0.000000
vt 0.000000 0.000000
vt 0.000000 0.000000
vt 0.000000 0.000000
vt 0.000000 0.000000
vt 0.000000 0.000000
vt 0.000000 0.000000
vt 0.000000 0.000000
vt 0.000000 0.000000
vt 0.000000 0.000000
vt 0.000000 0.000000
vt 0.000000 0.000000
vt 0.000000 0.000000
vt 0.000000 0.000000
vt 0.000000 0.000000
vt 0.000000 0.000000
vt 0.000000 0.000000
vt 0.381876 0.044447
vt 0.398463 0.075315
vt 0.376816 0.067740
vt 0.376816 0.067740
vt 0.376816 0.067740
vt 0.853400 0.732565
vt 0.871236 0.706676
vt 0.871236 0.706676
vt 0.871236 0.706676
vt 0.875000 0.733382
vt 0.875000 0.733382
vt 0.875000 0.733382
vt 0.375000 0.730356
vt 0.374982 0.712884
vt 0.374982 0.712884
vt 0.375000 0.730356
vt 0.375000 0.730356
vt 0.374982 0.712884
vt 0.374742 0.709928
vt 0.374742 0.709928
vt 0.374742 0.709928
vt 0.127338 0.703667
vt 0.175547 0.703667
vt 0.175547 0.703667
vt 0.127338 0.703667
vt 0.127338 0.703667
vt 0.175547 0.703667
vt 0.132348 0.703667
vt 0.507877 0.256867
vt 0.568158 0.248941
vt 0.568158 0.248941
vt 0.568158 0.248941
vt 0.566848 0.262248
vt 0.566848 0.262248
vt 0.566848 0.262248
vt 0.430772 0.253880
vt 0.474684 0.242224
vt 0.430772 0.253880
vt 0.430772 0.253880
vt 0.507877 0.256867
vt 0.507877 0.256867
vt 0.474684 0.242224
vt 0.520810 0.243223
vt 0.469164 0.493492
vt 0.499037 0.413122
vt 0.469164 0.493492
vt 0.469164 0.493492
vt 0.531073 0.491649
vt 0.531073 0.491649
vt 0.531073 0.491649
vt 0.553207 0.489332
vt 0.531073 0.491649
vt 0.566956 0.392941
vt 0.399210 0.512989
vt 0.398296 0.506320
vt 0.398296 0.506320
vt 0.399210 0.512989
vt 0.399210 0.512989
vt 0.398296 0.506320
vt 0.469164 0.493492
vt 0.623493 0.000083
vt 0.608539 0.004508
vt 0.608539 0.004508
vt 0.623493 0.000083
vt 0.623493 0.000083
vt 0.608539 0.004508
vt 0.593633 0.000145
vt 0.593633 0.000145
vt 0.593633 0.000145
vt 0.853400 0.732565
vt 0.874173 0.684667
vt 0.874173 0.684667
vt 0.874173 0.684667
vt 0.871236 0.706676
vt 0.276063 0.698192
vt 0.308942 0.679747
vt 0.373869 0.697899
vt 0.373869 0.697899
vt 0.373869 0.697899
vt 0.308942 0.679747
vt 0.371923 0.681461
vt 0.371923 0.681461
vt 0.371923 0.681461
vt 0.373869 0.697899
vt 0.308942 0.679747
vt 0.283662 0.652986
vt 0.371923 0.681461
vt 0.136133 0.572616
vt 0.145114 0.546391
vt 0.145114 0.546391
vt 0.145114 0.546391
vt 0.258763 0.571471
vt 0.135234 0.670009
vt 0.178691 0.614768
vt 0.283662 0.652986
vt 0.135234 0.670009
vt 0.128664 0.637426
vt 0.128664 0.637426
vt 0.128664 0.637426
vt 0.178691 0.614768
vt 0.377901 0.081628
vt 0.407639 0.112949
vt 0.377901 0.081628
vt 0.377901 0.081628
vt 0.378126 0.114638
vt 0.658978 0.629212
vt 0.628802 0.602978
vt 0.691068 0.602831
vt 0.658978 0.629212
vt 0.627714 0.673524
vt 0.627714 0.673524
vt 0.627714 0.673524
vt 0.621248 0.629693
vt 0.621248 0.629693
vt 0.621248 0.629693
vt 0.630667 0.549227
vt 0.628802 0.602978
vt 0.630667 0.549227
vt 0.630667 0.549227
vt 0.605776 0.568481
vt 0.605776 0.568481
vt 0.605776 0.568481
vt 0.601094 0.672382
vt 0.597025 0.634629
vt 0.601094 0.672382
vt 0.601094 0.672382
vt 0.621248 0.629693
vt 0.865722 0.558217
vt 0.868729 0.614430
vt 0.769697 0.619653
vt 0.623361 0.194014
vt 0.616890 0.224518
vt 0.623361 0.194014
vt 0.623361 0.194014
vt 0.604743 0.146456
vt 0.367429 0.560205
vt 0.402957 0.542210
vt 0.367429 0.560205
vt 0.367429 0.560205
vt 0.391950 0.605465
vt 0.398254 0.525282
vt 0.365630 0.526437
vt 0.399210 0.512989
vt 0.399210 0.512989
vt 0.365630 0.526437
vt 0.398296 0.506320
vt 0.369158 0.501604
vt 0.365630 0.526437
vt 0.369158 0.501604
vt 0.369158 0.501604
vt 0.319138 0.502869
vt 0.319138 0.502869
vt 0.319138 0.502869
vt 0.125000 0.519925
vt 0.129670 0.501425
vt 0.125000 0.519925
vt 0.125000 0.519925
vt 0.143220 0.521895
vt 0.430772 0.253880
vt 0.406513 0.245532
vt 0.406513 0.245532
vt 0.406513 0.245532
vt 0.383478 0.232090
vt 0.383478 0.232090
vt 0.383478 0.232090
vt 0.430772 0.253880
vt 0.422292 0.365276
vt 0.393615 0.345254
vt 0.568158 0.248941
vt 0.594665 0.245402
vt 0.594665 0.245402
vt 0.594665 0.245402
vt 0.566848 0.262248
vt 0.553207 0.489332
vt 0.602605 0.507960
vt 0.602605 0.507960
vt 0.602605 0.507960
vt 0.580709 0.514153
vt 0.580709 0.514153
vt 0.580709 0.514153
vt 0.553207 0.489332
vt 0.603874 0.465632
vt 0.621837 0.502330
vt 0.621837 0.502330
vt 0.621837 0.502330
vt 0.375554 0.226094
vt 0.389366 0.198635
vt 0.375554 0.226094
vt 0.375554 0.226094
vt 0.383478 0.232090
vt 0.398296 0.506320
vt 0.437524 0.450503
vt 0.469164 0.493492
vt 0.367429 0.560205
vt 0.258763 0.571471
vt 0.365630 0.526437
vt 0.640149 0.526779
vt 0.742022 0.564089
vt 0.630667 0.549227
vt 0.873864 0.525639
vt 0.865722 0.558217
vt 0.873864 0.525639
vt 0.873864 0.525639
vt 0.851669 0.520127
vt 0.618385 0.231978
vt 0.568158 0.248941
vt 0.507877 0.256867
vt 0.130832 0.703667
vt 0.128749 0.703667
vt 0.128749 0.703667
vt 0.130832 0.703667
vt 0.130832 0.703667
vt 0.128749 0.703667
vt 0.132348 0.703667
vt 0.132348 0.703667
vt 0.132904 0.703667
vt 0.132904 0.703667
vt 0.132904 0.703667
vt 0.130832 0.703667
vt 0.132348 0.703667
vt 0.134970 0.703667
vt 0.134970 0.703667
vt 0.134970 0.703667
vt 0.132904 0.703667
vt 0.132348 0.703667
vt 0.137041 0.703667
vt 0.134970 0.703667
vt 0.375000 0.045001
vt 0.375000 0.046058
vt 0.375000 0.046058
vt 0.375000 0.045001
vt 0.375000 0.045001
vt 0.375000 0.046058
vt 0.375000 0.045322
vt 0.375000 0.045322
vt 0.375000 0.045322
vt 0.375000 0.045322
vt 0.375000 0.046058
vt 0.375000 0.045622
vt 0.375000 0.045622
vt 0.375000 0.045622
vt 0.375000 0.045622
vt 0.375000 0.046058
vt 0.375000 0.045909
vt 0.375000 0.045909
vt 0.375000 0.045909
vt 0.375000 0.045909
vt 0.375000 0.046058
vt 0.375000 0.046192
vt 0.375000 0.046192
vt 0.375000 0.046192
vt 0.375000 0.027692
vt 0.375000 0.035861
vt 0.375000 0.035861
vt 0.375000 0.027692
vt 0.375000 0.027692
vt 0.375000 0.035861
vt 0.375000 0.045851
vt 0.375000 0.045851
vt 0.375000 0.045851
vt 0.375000 0.035861
vt 0.375000 0.045899
vt 0.375000 0.045899
vt 0.375000 0.045899
vt 0.375000 0.045851
vt 0.375000 0.036427
vt 0.375000 0.038965
vt 0.375000 0.038965
vt 0.375000 0.036427
vt 0.375000 0.036427
vt 0.375000 0.038965
vt 0.375000 0.045789
vt 0.375000 0.045789
vt 0.375000 0.045789
vt 0.375000 0.045789
vt 0.375000 0.045891
vt 0.375000 0.045891
vt 0.375000 0.045891
vt 0.375000 0.036427
vt 0.375000 0.038965
vt 0.375000 0.046113
vt 0.375000 0.046113
vt 0.375000 0.046113
vt 0.375000 0.045789
vt 0.373135 0.704600
vt 0.373100 0.704618
vt 0.373100 0.704618
vt 0.373135 0.704600
vt 0.373135 0.704600
vt 0.373100 0.704618
vt 0.373135 0.704612
vt 0.373135 0.704612
vt 0.373135 0.704612
vt 0.373134 0.704622
vt 0.373135 0.704612
vt 0.373134 0.704622
vt 0.373134 0.704622
vt 0.373100 0.704618
vt 0.374982 0.712884
vt 0.373100 0.704618
vt 0.373571 0.705553
vt 0.373571 0.705553
vt 0.373571 0.705553
vt 0.373134 0.704632
vt 0.373134 0.704622
vt 0.373134 0.704632
vt 0.373134 0.704632
vt 0.373100 0.704618
vt 0.373136 0.704644
vt 0.373134 0.704632
vt 0.373136 0.704644
vt 0.373136 0.704644
vt 0.373100 0.704618
vt 0.375000 0.728641
vt 0.374988 0.716428
vt 0.374988 0.716428
vt 0.375000 0.728641
vt 0.375000 0.728641
vt 0.374988 0.716428
vt 0.374858 0.712313
vt 0.374858 0.712313
vt 0.374858 0.712313
vt 0.370372 0.704264
vt 0.374858 0.712313
vt 0.370372 0.704264
vt 0.370372 0.704264
vt 0.372784 0.705168
vt 0.372784 0.705168
vt 0.372784 0.705168
vt 0.321520 0.703671
vt 0.343471 0.703670
vt 0.343471 0.703670
vt 0.321520 0.703671
vt 0.321520 0.703671
vt 0.343471 0.703670
vt 0.341407 0.703669
vt 0.341407 0.703669
vt 0.341407 0.703669
vt 0.367091 0.703730
vt 0.364562 0.703728
vt 0.364562 0.703728
vt 0.367091 0.703730
vt 0.367091 0.703730
vt 0.364562 0.703728
vt 0.361519 0.703821
vt 0.361519 0.703821
vt 0.361519 0.703821
vt 0.355181 0.703701
vt 0.370141 0.704248
vt 0.370141 0.704248
vt 0.355181 0.703701
vt 0.355181 0.703701
vt 0.370141 0.704248
vt 0.370266 0.704497
vt 0.370266 0.704497
vt 0.370266 0.704497
vt 0.374742 0.709928
vt 0.373571 0.705553
vt 0.370631 0.704227
vt 0.370631 0.704227
vt 0.370631 0.704227
vt 0.374742 0.709928
vt 0.374982 0.712884
vt 0.373571 0.705553
vt 0.370372 0.704264
vt 0.372784 0.705168
vt 0.363811 0.703956
vt 0.363811 0.703956
vt 0.363811 0.703956
vt 0.375000 0.998944
vt 0.380040 0.976883
vt 0.380040 0.976883
vt 0.375000 0.998944
vt 0.375000 0.998944
vt 0.380040 0.976883
vt 0.375000 0.999522
vt 0.375000 0.999522
vt 0.375000 0.999522
vt 0.375000 0.998944
vt 0.375000 0.961366
vt 0.375000 0.961366
vt 0.375000 0.961366
vt 0.380040 0.976883
vt 0.375000 0.997135
vt 0.375000 0.961366
vt 0.375000 0.997135
vt 0.375000 0.997135
vt 0.375000 0.998944
vt 0.375000 0.987099
vt 0.375002 0.945629
vt 0.375002 0.945629
vt 0.375000 0.987099
vt 0.375000 0.987099
vt 0.375002 0.945629
vt 0.375000 0.997135
vt 0.375000 1.000000
vt 0.375000 0.998195
vt 0.375000 0.998195
vt 0.375000 1.000000
vt 0.375000 1.000000
vt 0.375000 0.998195
vt 0.375000 0.987099
vt 0.375000 0.996337
vt 0.375000 0.957504
vt 0.375000 0.957504
vt 0.375000 0.957504
vt 0.375000 0.998195
vt 0.375000 0.000957
vt 0.375000 0.000528
vt 0.375000 0.000528
vt 0.375000 0.000957
vt 0.375000 0.000957
vt 0.375000 0.000528
vt 0.375000 0.001719
vt 0.375000 0.001719
vt 0.375000 0.001719
vt 0.375000 0.002145
vt 0.375000 0.000392
vt 0.375000 0.000392
vt 0.375000 0.002145
vt 0.375000 0.002145
vt 0.375000 0.000392
vt 0.375000 0.009116
vt 0.375000 0.009116
vt 0.375000 0.009116
vt 0.375100 0.758375
vt 0.375019 0.744036
vt 0.375019 0.744036
vt 0.375100 0.758375
vt 0.375100 0.758375
vt 0.375019 0.744036
vt 0.375129 0.751151
vt 0.375129 0.751151
vt 0.375129 0.751151
vt 0.375100 0.758375
vt 0.375129 0.751151
vt 0.375106 0.773873
vt 0.375106 0.773873
vt 0.375106 0.773873
vt 0.374995 0.716658
vt 0.376568 0.724588
vt 0.376568 0.724588
vt 0.374995 0.716658
vt 0.374995 0.716658
vt 0.376568 0.724588
vt 0.375000 0.726209
vt 0.375000 0.726209
vt 0.375000 0.726209
vt 0.375000 0.021886
vt 0.375000 0.036427
vt 0.375000 0.021886
vt 0.375000 0.021886
vt 0.375000 0.024124
vt 0.375000 0.024124
vt 0.375000 0.024124
vt 0.375000 0.012754
vt 0.375000 0.024124
vt 0.375000 0.012754
vt 0.375000 0.012754
vt 0.375000 0.015143
vt 0.375000 0.015143
vt 0.375000 0.015143
vt 0.375000 0.961366
vt 0.375001 0.950301
vt 0.375001 0.950301
vt 0.375001 0.950301
vt 0.385498 0.811425
vt 0.385498 0.811425
vt 0.385498 0.811425
vt 0.375106 0.773873
vt 0.375002 0.945629
vt 0.375100 0.758375
vt 0.375002 0.945629
vt 0.375000 0.987099
vt 0.375000 0.957504
vt 0.376264 0.753523
vt 0.375000 0.737353
vt 0.375000 0.737353
vt 0.375000 0.737353
vt 0.386094 0.744584
vt 0.375129 0.751151
vt 0.375019 0.744036
vt 0.375001 0.737587
vt 0.375001 0.737587
vt 0.375001 0.737587
vt 0.375019 0.744036
vt 0.375001 0.738297
vt 0.375001 0.738297
vt 0.375001 0.738297
vt 0.375001 0.737587
vt 0.375052 0.751330
vt 0.375000 0.732150
vt 0.375000 0.732150
vt 0.375000 0.732150
vt 0.375001 0.738297
vt 0.375052 0.751330
vt 0.375001 0.743940
vt 0.375001 0.743940
vt 0.375001 0.743940
vt 0.375000 0.732150
vt 0.375001 0.738297
vt 0.374998 0.720622
vt 0.374998 0.720622
vt 0.374998 0.720622
vt 0.374999 0.724665
vt 0.374999 0.724665
vt 0.374999 0.724665
vt 0.368348 0.703425
vt 0.316377 0.703468
vt 0.316377 0.703468
vt 0.368348 0.703425
vt 0.368348 0.703425
vt 0.316377 0.703468
vt 0.276063 0.698192
vt 0.375000 0.726209
vt 0.374858 0.712313
vt 0.374995 0.716658
vt 0.375001 0.737587
vt 0.375000 0.728641
vt 0.375000 0.726209
vt 0.380606 0.706403
vt 0.422562 0.714494
vt 0.379053 0.726645
vt 0.379053 0.726645
vt 0.379053 0.726645
vt 0.422562 0.714494
vt 0.451341 0.728569
vt 0.400537 0.732736
vt 0.375028 0.004709
vt 0.375000 0.012754
vt 0.375000 0.005762
vt 0.375000 0.005762
vt 0.375000 0.005762
vt 0.375000 0.012754
vt 0.375000 0.015143
vt 0.375000 0.005762
vt 0.375028 0.004709
vt 0.375000 0.005762
vt 0.375000 0.001719
vt 0.375000 0.010585
vt 0.375000 0.008550
vt 0.375000 0.008550
vt 0.375000 0.010585
vt 0.375000 0.010585
vt 0.375000 0.008550
vt 0.375000 0.012050
vt 0.316377 0.703468
vt 0.368348 0.703425
vt 0.331275 0.703676
vt 0.331275 0.703676
vt 0.331275 0.703676
vt 0.331275 0.703676
vt 0.368348 0.703425
vt 0.370372 0.704264
vt 0.128422 0.703667
vt 0.175547 0.703667
vt 0.128422 0.703667
vt 0.128422 0.703667
vt 0.127338 0.703667
vt 0.370266 0.704497
vt 0.374742 0.709928
vt 0.370631 0.704227
vt 0.372784 0.705168
vt 0.370141 0.704248
vt 0.366646 0.704390
vt 0.366646 0.704390
vt 0.366646 0.704390
vt 0.370266 0.704497
vt 0.370631 0.704227
vt 0.355181 0.703701
vt 0.363811 0.703956
vt 0.372784 0.705168
vt 0.366646 0.704390
vt 0.375000 0.035861
vt 0.375000 0.015143
vt 0.375000 0.024124
vt 0.316377 0.703468
vt 0.128725 0.703667
vt 0.128725 0.703667
vt 0.128725 0.703667
vt 0.134698 0.703140
vt 0.375000 0.728641
vt 0.374999 0.724665
vt 0.374988 0.716428
vt 0.374858 0.712313
vt 0.370372 0.704264
vt 0.374993 0.706596
vt 0.374993 0.706596
vt 0.374993 0.706596
vt 0.135679 0.703667
vt 0.128725 0.703667
vt 0.135679 0.703667
vt 0.135679 0.703667
vt 0.331275 0.703676
vt 0.130094 0.683163
vt 0.134698 0.703140
vt 0.125000 0.703667
vt 0.125000 0.703667
vt 0.125000 0.703667
vt 0.355181 0.703701
vt 0.361519 0.703821
vt 0.321520 0.703671
vt 0.263019 0.703681
vt 0.129221 0.703667
vt 0.129221 0.703667
vt 0.263019 0.703681
vt 0.263019 0.703681
vt 0.129221 0.703667
vt 0.366646 0.704390
vt 0.263019 0.703681
vt 0.366646 0.704390
vt 0.370141 0.704248
vt 0.128422 0.703667
vt 0.355181 0.703701
vt 0.175547 0.703667
vt 0.375000 0.009116
vt 0.375000 0.021811
vt 0.375000 0.021811
vt 0.375000 0.021811
vt 0.375000 0.012050
vt 0.375000 0.027692
vt 0.375000 0.045851
vt 0.375000 0.021811
vt 0.623980 0.315338
vt 0.549994 0.336220
vt 0.549994 0.336220
vt 0.623980 0.315338
vt 0.623980 0.315338
vt 0.549994 0.336220
vt 0.625000 0.345169
vt 0.625000 0.345169
vt 0.625000 0.345169
vt 0.549994 0.336220
vt 0.602663 0.376848
vt 0.602663 0.376848
vt 0.602663 0.376848
vt 0.625000 0.345169
vt 0.489758 0.315338
vt 0.549994 0.336220
vt 0.489758 0.315338
vt 0.489758 0.315338
vt 0.591809 0.315338
vt 0.591809 0.315338
vt 0.591809 0.315338
vt 0.437237 0.336015
vt 0.489758 0.315338
vt 0.437237 0.336015
vt 0.437237 0.336015
vt 0.401712 0.315338
vt 0.401712 0.315338
vt 0.401712 0.315338
vt 0.384852 0.437752
vt 0.477696 0.388927
vt 0.477696 0.388927
vt 0.384852 0.437752
vt 0.384852 0.437752
vt 0.477696 0.388927
vt 0.381967 0.366586
vt 0.381967 0.366586
vt 0.381967 0.366586
vt 0.477696 0.388927
vt 0.384852 0.437752
vt 0.417117 0.434663
vt 0.417117 0.434663
vt 0.417117 0.434663
vt 0.526759 0.426117
vt 0.477696 0.388927
vt 0.526759 0.426117
vt 0.526759 0.426117
vt 0.417117 0.434663
vt 0.604446 0.428532
vt 0.526759 0.426117
vt 0.604446 0.428532
vt 0.604446 0.428532
vt 0.592853 0.434663
vt 0.592853 0.434663
vt 0.592853 0.434663
vt 0.536754 0.823662
vt 0.587223 0.831494
vt 0.587223 0.831494
vt 0.536754 0.823662
vt 0.536754 0.823662
vt 0.587223 0.831494
vt 0.589669 0.815338
vt 0.589669 0.815338
vt 0.589669 0.815338
vt 0.462018 0.929414
vt 0.412151 0.916723
vt 0.412151 0.916723
vt 0.462018 0.929414
vt 0.462018 0.929414
vt 0.412151 0.916723
vt 0.409305 0.934663
vt 0.409305 0.934663
vt 0.409305 0.934663
vt 0.538194 0.934663
vt 0.503947 0.879975
vt 0.503947 0.879975
vt 0.538194 0.934663
vt 0.538194 0.934663
vt 0.503947 0.879975
vt 0.462018 0.929414
vt 0.593249 0.934663
vt 0.587362 0.919032
vt 0.587362 0.919032
vt 0.593249 0.934663
vt 0.593249 0.934663
vt 0.587362 0.919032
vt 0.503947 0.879975
vt 0.503947 0.879975
vt 0.538194 0.934663
vt 0.593249 0.934663
vt 0.587223 0.831494
vt 0.600832 0.879921
vt 0.600832 0.879921
vt 0.600832 0.879921
vt 0.619384 0.820087
vt 0.619384 0.820087
vt 0.619384 0.820087
vt 0.241315 0.502559
vt 0.257393 0.534433
vt 0.257393 0.534433
vt 0.241315 0.502559
vt 0.241315 0.502559
vt 0.257393 0.534433
vt 0.315580 0.501776
vt 0.315580 0.501776
vt 0.315580 0.501776
vt 0.218901 0.585098
vt 0.257393 0.534433
vt 0.218901 0.585098
vt 0.218901 0.585098
vt 0.241315 0.502559
vt 0.255638 0.680167
vt 0.218901 0.585098
vt 0.255638 0.680167
vt 0.255638 0.680167
vt 0.190338 0.692164
vt 0.190338 0.692164
vt 0.190338 0.692164
vt 0.255638 0.680167
vt 0.237803 0.750000
vt 0.237803 0.750000
vt 0.237803 0.750000
vt 0.287692 0.750000
vt 0.287692 0.750000
vt 0.287692 0.750000
vt 0.809663 0.507348
vt 0.748754 0.582899
vt 0.748754 0.582899
vt 0.809663 0.507348
vt 0.809663 0.507348
vt 0.748754 0.582899
vt 0.802135 0.550242
vt 0.802135 0.550242
vt 0.802135 0.550242
vt 0.802135 0.550242
vt 0.748754 0.582899
vt 0.775964 0.674166
vt 0.775964 0.674166
vt 0.775964 0.674166
vt 0.690338 0.505423
vt 0.755526 0.529004
vt 0.755526 0.529004
vt 0.690338 0.505423
vt 0.690338 0.505423
vt 0.755526 0.529004
vt 0.746457 0.500000
vt 0.746457 0.500000
vt 0.746457 0.500000
vt 0.690338 0.521577
vt 0.748754 0.582899
vt 0.690338 0.521577
vt 0.690338 0.521577
vt 0.690338 0.511017
vt 0.690338 0.511017
vt 0.690338 0.511017
vt 0.690338 0.521577
vt 0.691146 0.633799
vt 0.691146 0.633799
vt 0.691146 0.633799
vt 0.748754 0.582899
vt 0.760206 0.750000
vt 0.775964 0.674166
vt 0.760206 0.750000
vt 0.760206 0.750000
vt 0.708561 0.749829
vt 0.708561 0.749829
vt 0.708561 0.749829
vt 0.775964 0.674166
vt 0.691146 0.633799
vt 0.708561 0.749829
vt 0.595582 1.000000
vt 0.610015 0.929132
vt 0.610015 0.929132
vt 0.595582 1.000000
vt 0.595582 1.000000
vt 0.610015 0.929132
vt 0.621491 0.994339
vt 0.621491 0.994339
vt 0.621491 0.994339
vt 0.595582 1.000000
vt 0.564031 0.995338
vt 0.610015 0.929132
vt 0.569810 0.762796
vt 0.610015 0.929132
vt 0.564031 0.995338
vt 0.617819 0.771076
vt 0.610015 0.929132
vt 0.569810 0.762796
vt 0.621491 0.994339
vt 0.610015 0.929132
vt 0.617819 0.771076
vt 0.579931 0.738488
vt 0.551633 0.750098
vt 0.536456 0.749242
vt 0.515363 0.825798
vt 0.539899 0.762207
vt 0.537772 0.991513
vt 0.625880 0.017335
vt 0.544674 0.019480
vt 0.553600 0.007494
vt 0.553600 0.007494
vt 0.553600 0.007494
vt 0.608539 0.004508
vt 0.132348 0.703667
vt 0.321520 0.703671
vt 0.311848 0.703669
vt 0.311848 0.703669
vt 0.311848 0.703669
vt 0.287289 0.703669
vt 0.287289 0.703669
vt 0.287289 0.703669
vt 0.189885 0.703667
vt 0.621873 0.068898
vt 0.594845 0.097679
vt 0.574153 0.059381
vt 0.341407 0.703669
vt 0.311848 0.703669
vt 0.321520 0.703671
vt 0.375001 0.888627
vt 0.375001 0.883796
vt 0.375001 0.883796
vt 0.375001 0.888627
vt 0.375001 0.888627
vt 0.375001 0.883796
vt 0.375001 0.881655
vt 0.375000 0.996337
vt 0.375000 0.983409
vt 0.375000 0.983409
vt 0.375000 0.983409
vt 0.853400 0.732565
vt 0.871342 0.749828
vt 0.634449 0.738585
vt 0.628572 0.749059
vt 0.871342 0.749828
vt 0.619767 0.767676
vt 0.619767 0.767676
vt 0.619767 0.767676
vt 0.546991 0.685009
vt 0.569628 0.653495
vt 0.567276 0.710096
vt 0.569628 0.653495
vt 0.601094 0.672382
vt 0.567276 0.710096
vt 0.567276 0.710096
vt 0.601094 0.672382
vt 0.634449 0.738585
vt 0.696900 0.669843
vt 0.862559 0.670819
vt 0.673224 0.722571
vt 0.385498 0.811425
vt 0.435679 0.838264
vt 0.431106 0.963166
vt 0.431106 0.963166
vt 0.431106 0.963166
vt 0.385498 0.811425
vt 0.431106 0.963166
vt 0.380040 0.976883
vt 0.412060 0.015813
vt 0.454553 0.021481
vt 0.384159 0.030293
vt 0.384159 0.030293
vt 0.444337 0.032048
vt 0.440548 0.045662
vt 0.381876 0.044447
vt 0.440548 0.045662
vt 0.440688 0.063338
vt 0.398463 0.075315
vt 0.440688 0.063338
vt 0.476314 0.075578
vt 0.435679 0.838264
vt 0.461355 0.979407
vt 0.431106 0.963166
vt 0.375001 0.745755
vt 0.375001 0.744702
vt 0.375001 0.744702
vt 0.375001 0.745755
vt 0.375001 0.745755
vt 0.375001 0.744702
vt 0.375001 0.743940
vt 0.375001 0.743725
vt 0.375001 0.743940
vt 0.375001 0.743725
vt 0.375001 0.743725
vt 0.375001 0.744702
vt 0.375001 0.742698
vt 0.375001 0.743940
vt 0.375001 0.742698
vt 0.375001 0.742698
vt 0.375001 0.743725
vt 0.375001 0.743940
vt 0.375001 0.742698
vt 0.375001 0.741792
vt 0.375001 0.741792
vt 0.375001 0.741792
vt 0.455392 0.673602
vt 0.483772 0.699880
vt 0.435264 0.696120
vt 0.435264 0.696120
vt 0.483772 0.699880
vt 0.422562 0.714494
vt 0.509815 0.687004
vt 0.535327 0.704426
vt 0.483772 0.699880
vt 0.414352 0.226257
vt 0.404679 0.233121
vt 0.404679 0.233121
vt 0.414352 0.226257
vt 0.414352 0.226257
vt 0.404679 0.233121
vt 0.389366 0.198635
vt 0.408534 0.203153
vt 0.375001 0.881383
vt 0.375001 0.881655
vt 0.375001 0.883796
vt 0.375001 0.881655
vt 0.375001 0.879280
vt 0.375001 0.875794
vt 0.375001 0.875794
vt 0.375001 0.875794
vt 0.497508 0.049702
vt 0.514020 0.021360
vt 0.514020 0.021360
vt 0.514020 0.021360
vt 0.544674 0.019480
vt 0.553600 0.007494
vt 0.514020 0.021360
vt 0.533586 0.000039
vt 0.553600 0.007494
vt 0.544674 0.019480
vt 0.514020 0.021360
vt 0.742022 0.564089
vt 0.865722 0.558217
vt 0.769697 0.619653
vt 0.769697 0.619653
vt 0.862559 0.670819
vt 0.696900 0.669843
vt 0.474073 0.003095
vt 0.498742 0.000106
vt 0.495083 0.005924
vt 0.448150 0.291501
vt 0.437524 0.450503
vt 0.422292 0.365276
vt 0.588077 0.205291
vt 0.582637 0.230490
vt 0.582524 0.229475
vt 0.616890 0.224518
vt 0.582637 0.230490
vt 0.588077 0.205291
vt 0.567708 0.239449
vt 0.582637 0.230490
vt 0.616890 0.224518
vt 0.507877 0.256867
vt 0.567708 0.239449
vt 0.616890 0.224518
vt 0.560646 0.232935
vt 0.582637 0.230490
vt 0.539752 0.237345
vt 0.430772 0.253880
vt 0.404679 0.233121
vt 0.437916 0.234681
vt 0.474684 0.242224
vt 0.430772 0.253880
vt 0.437916 0.234681
vt 0.383478 0.232090
vt 0.404679 0.233121
vt 0.430772 0.253880
vt 0.566956 0.392941
vt 0.499037 0.413122
vt 0.448150 0.291501
vt 0.566848 0.262248
vt 0.427550 0.232935
vt 0.437916 0.234681
vt 0.427550 0.232935
vt 0.427550 0.232935
vt 0.414352 0.226257
vt 0.437916 0.234681
vt 0.404679 0.233121
vt 0.414352 0.226257
vt 0.567599 0.001974
vt 0.498742 0.000106
vt 0.504739 0.000000
vt 0.566229 0.000006
vt 0.566956 0.392941
vt 0.531073 0.491649
vt 0.499037 0.413122
vt 0.533586 0.000039
vt 0.567599 0.001974
vt 0.553600 0.007494
vt 0.531585 0.074374
vt 0.522687 0.055297
vt 0.564570 0.040301
vt 0.574153 0.059381
vt 0.500533 0.918988
vt 0.501329 0.784095
vt 0.515363 0.825798
vt 0.535327 0.704426
vt 0.547149 0.739924
vt 0.501514 0.720748
vt 0.567276 0.710096
vt 0.579931 0.738488
vt 0.547149 0.739924
vt 0.673224 0.722571
vt 0.853400 0.732565
vt 0.634449 0.738585
vt 0.497508 0.049702
vt 0.564570 0.040301
vt 0.522687 0.055297
vt 0.375000 0.012050
vt 0.375000 0.046058
vt 0.375000 0.040404
vt 0.375000 0.040404
vt 0.375000 0.040404
vt 0.375000 0.035925
vt 0.375000 0.035925
vt 0.375000 0.035925
vt 0.375000 0.023453
vt 0.440548 0.045662
vt 0.468128 0.054879
vt 0.440688 0.063338
vt 0.497508 0.049702
vt 0.500932 0.059777
vt 0.476314 0.075578
vt 0.468128 0.054879
vt 0.497508 0.049702
vt 0.476314 0.075578
vt 0.440688 0.063338
vt 0.468128 0.054879
vt 0.476314 0.075578
vt 0.375000 0.045951
vt 0.375000 0.046058
vt 0.375000 0.045951
vt 0.375000 0.045951
vt 0.375000 0.012050
vt 0.375000 0.040404
vt 0.375000 0.046058
vt 0.375000 0.045001
vt 0.467872 0.634799
vt 0.528773 0.634799
vt 0.528773 0.634799
vt 0.528773 0.634799
vt 0.546985 0.643866
vt 0.465367 0.647164
vt 0.375000 0.016929
vt 0.375000 0.010585
vt 0.375000 0.012050
vt 0.569628 0.653495
vt 0.546991 0.685009
vt 0.546985 0.643866
vt 0.546991 0.685009
vt 0.509815 0.687004
vt 0.465367 0.647164
vt 0.509815 0.687004
vt 0.455392 0.673602
vt 0.465367 0.647164
vt 0.258763 0.571471
vt 0.291157 0.604297
vt 0.178691 0.614768
vt 0.258763 0.571471
vt 0.367429 0.560205
vt 0.291157 0.604297
vt 0.378126 0.114638
vt 0.417533 0.132667
vt 0.404396 0.176678
vt 0.377901 0.081628
vt 0.398463 0.075315
vt 0.407639 0.112949
vt 0.441622 0.111106
vt 0.407639 0.112949
vt 0.476314 0.075578
vt 0.441622 0.111106
vt 0.417533 0.132667
vt 0.407639 0.112949
vt 0.427550 0.115201
vt 0.417533 0.132667
vt 0.427550 0.115201
vt 0.427550 0.115201
vt 0.441622 0.111106
vt 0.404396 0.176678
vt 0.417533 0.132667
vt 0.417091 0.165210
vt 0.417091 0.165210
vt 0.417091 0.165210
vt 0.594845 0.097679
vt 0.587364 0.143702
vt 0.562088 0.110954
vt 0.594845 0.097679
vt 0.622821 0.080440
vt 0.622821 0.080440
vt 0.622821 0.080440
vt 0.604743 0.146456
vt 0.616890 0.224518
vt 0.587364 0.143702
vt 0.604743 0.146456
vt 0.582545 0.115201
vt 0.572887 0.115201
vt 0.582545 0.115201
vt 0.582545 0.115201
vt 0.582234 0.145302
vt 0.562088 0.110954
vt 0.587364 0.143702
vt 0.572887 0.115201
vt 0.416667 0.671974
vt 0.373869 0.697899
vt 0.371923 0.681461
vt 0.416667 0.671974
vt 0.435264 0.696120
vt 0.373869 0.697899
vt 0.373869 0.697899
vt 0.435264 0.696120
vt 0.380606 0.706403
vt 0.501514 0.720748
vt 0.451341 0.728569
vt 0.422562 0.714494
vt 0.478726 0.739780
vt 0.451341 0.728569
vt 0.478726 0.739780
vt 0.478726 0.739780
vt 0.501514 0.720748
vt 0.427679 0.754208
vt 0.451341 0.728569
vt 0.455343 0.749399
vt 0.520810 0.243223
vt 0.474684 0.242224
vt 0.477512 0.237338
vt 0.495083 0.005924
vt 0.514020 0.021360
vt 0.454553 0.021481
vt 0.497508 0.049702
vt 0.444337 0.032048
vt 0.514020 0.021360
vt 0.444337 0.032048
vt 0.454553 0.021481
vt 0.514020 0.021360
vt 0.375008 0.759102
vt 0.375016 0.753579
vt 0.375008 0.759102
vt 0.375008 0.759102
vt 0.375001 0.881655
vt 0.375001 0.875794
vt 0.564031 0.995338
vt 0.539899 0.762207
vt 0.569810 0.762796
vt 0.385498 0.811425
vt 0.375253 0.772443
vt 0.435679 0.838264
vt 0.427679 0.754208
vt 0.376264 0.753523
vt 0.386094 0.744584
vt 0.375016 0.753579
vt 0.375008 0.751357
vt 0.375008 0.751357
vt 0.375008 0.751357
vt 0.375008 0.750903
vt 0.375008 0.750903
vt 0.375008 0.750903
vt 0.375001 0.746085
vt 0.375001 0.746085
vt 0.375001 0.746085
vt 0.375001 0.743940
vt 0.375008 0.759102
vt 0.375008 0.756668
vt 0.375008 0.756668
vt 0.375008 0.756668
vt 0.375016 0.753579
vt 0.375008 0.756668
vt 0.375008 0.754208
vt 0.375008 0.754208
vt 0.375008 0.754208
vt 0.375016 0.753579
vt 0.375008 0.754208
vt 0.375008 0.751810
vt 0.375008 0.751810
vt 0.375008 0.751810
vt 0.375016 0.753579
vt 0.375008 0.751810
vt 0.375008 0.751571
vt 0.375008 0.751571
vt 0.375008 0.751571
vt 0.375016 0.753579
vt 0.375008 0.751571
vt 0.375008 0.751357
vt 0.375016 0.753579
vt 0.375000 0.002241
vt 0.375000 0.001649
vt 0.375000 0.001649
vt 0.375000 0.002241
vt 0.375000 0.002241
vt 0.375000 0.001649
vt 0.375000 0.002145
vt 0.375000 0.012050
vt 0.375000 0.002665
vt 0.375000 0.002665
vt 0.375000 0.002665
vt 0.375001 0.746085
vt 0.375001 0.745755
vt 0.375001 0.743940
vt 0.375052 0.751330
vt 0.375016 0.753579
vt 0.375001 0.743940
vt 0.551633 0.750098
vt 0.539899 0.762207
vt 0.508741 0.758572
vt 0.508741 0.758572
vt 0.508741 0.758572
vt 0.536456 0.749242
vt 0.375000 0.001649
vt 0.375000 0.001188
vt 0.375000 0.001188
vt 0.375000 0.001188
vt 0.375000 0.002145
vt 0.375000 0.000736
vt 0.375000 0.002145
vt 0.375000 0.000736
vt 0.375000 0.000736
vt 0.375000 0.001188
vt 0.375000 0.000276
vt 0.375000 0.002145
vt 0.375000 0.000276
vt 0.375000 0.000276
vt 0.375000 0.000736
vt 0.375000 0.995362
vt 0.375000 0.996337
vt 0.375000 0.995362
vt 0.375000 0.995362
vt 0.375000 0.999529
vt 0.375000 0.999529
vt 0.375000 0.999529
vt 0.375000 0.991116
vt 0.375000 0.996337
vt 0.375000 0.991116
vt 0.375000 0.991116
vt 0.375000 0.995362
vt 0.375000 0.996337
vt 0.375000 0.991116
vt 0.375000 0.986682
vt 0.375000 0.986682
vt 0.375000 0.986682
vt 0.375000 0.996337
vt 0.375000 0.986682
vt 0.375000 0.983409
vt 0.431106 0.963166
vt 0.409062 0.996970
vt 0.409062 0.996970
vt 0.409062 0.996970
vt 0.380040 0.976883
vt 0.539899 0.762207
vt 0.551633 0.750098
vt 0.569810 0.762796
vt 0.478090 0.907303
vt 0.499912 0.963710
vt 0.461355 0.979407
vt 0.461355 0.979407
vt 0.499912 0.963710
vt 0.499948 0.996453
vt 0.499948 0.996453
vt 0.499948 0.996453
vt 0.499912 0.963710
vt 0.500533 0.918988
vt 0.499948 0.996453
vt 0.461355 0.979407
vt 0.499948 0.996453
vt 0.463912 0.995853
vt 0.463912 0.995853
vt 0.463912 0.995853
vt 0.499713 0.799609
vt 0.455343 0.749399
vt 0.501624 0.753865
vt 0.455343 0.749399
vt 0.502498 0.748732
vt 0.501624 0.753865
vt 0.499713 0.799609
vt 0.454956 0.770533
vt 0.455343 0.749399
vt 0.451341 0.728569
vt 0.478726 0.739780
vt 0.455343 0.749399
vt 0.412060 0.015813
vt 0.408076 0.001090
vt 0.474073 0.003095
vt 0.463912 0.995853
vt 0.409062 0.996970
vt 0.431106 0.963166
vt 0.463912 0.995853
vt 0.431106 0.963166
vt 0.461355 0.979407
vt 0.508924 0.990638
vt 0.499948 0.996453
vt 0.500533 0.918988
vt 0.536456 0.749242
vt 0.508741 0.758572
vt 0.501624 0.753865
vt 0.508741 0.758572
vt 0.501329 0.784095
vt 0.501624 0.753865
vt 0.539899 0.762207
vt 0.515363 0.825798
vt 0.508741 0.758572
vt 0.508741 0.758572
vt 0.515363 0.825798
vt 0.501329 0.784095
vt 0.536656 0.511082
vt 0.547954 0.515084
vt 0.448266 0.515161
vt 0.451668 0.511343
vt 0.135234 0.670009
vt 0.276063 0.698192
vt 0.130094 0.683163
vt 0.319138 0.502869
vt 0.365630 0.526437
vt 0.143220 0.521895
vt 0.451668 0.511343
vt 0.399210 0.512989
vt 0.516482 0.505647
vt 0.588915 0.529314
vt 0.630667 0.549227
vt 0.588915 0.529314
vt 0.588915 0.529314
vt 0.605776 0.568481
vt 0.590513 0.545234
vt 0.590513 0.545234
vt 0.590513 0.545234
vt 0.448266 0.515161
vt 0.547954 0.515084
vt 0.507524 0.517065
vt 0.507524 0.517065
vt 0.507524 0.517065
vt 0.402957 0.542210
vt 0.398254 0.525282
vt 0.420506 0.518459
vt 0.451668 0.511343
vt 0.398254 0.525282
vt 0.399210 0.512989
vt 0.448266 0.515161
vt 0.423133 0.518085
vt 0.420506 0.518459
vt 0.448266 0.515161
vt 0.398254 0.525282
vt 0.451668 0.511343
vt 0.602605 0.507960
vt 0.630667 0.549227
vt 0.580709 0.514153
vt 0.580121 0.518226
vt 0.547954 0.515084
vt 0.536656 0.511082
vt 0.580709 0.514153
vt 0.588915 0.529314
vt 0.580709 0.514153
vt 0.630667 0.549227
vt 0.580121 0.518226
vt 0.580709 0.514153
vt 0.588915 0.529314
vt 0.000000 0.000000
vt 0.000000 0.000000
vt 0.000000 0.000000
vt 0.000000 0.000000
vt 0.000000 0.000000
vt 0.476314 0.075578
vt 0.531585 0.074374
vt 0.505172 0.085332
vt 0.531585 0.074374
vt 0.529442 0.108238
vt 0.505172 0.085332
vt 0.574153 0.059381
vt 0.562088 0.110954
vt 0.531585 0.074374
vt 0.441622 0.111106
vt 0.505172 0.085332
vt 0.473653 0.111371
vt 0.590513 0.545234
vt 0.605776 0.568481
vt 0.584262 0.587392
vt 0.584262 0.587392
vt 0.584262 0.587392
vt 0.605776 0.568481
vt 0.575981 0.625547
vt 0.584262 0.587392
vt 0.605776 0.568481
vt 0.628802 0.602978
vt 0.597898 0.607761
vt 0.597898 0.607761
vt 0.575981 0.625547
vt 0.605776 0.568481
vt 0.601094 0.672382
vt 0.569628 0.653495
vt 0.597025 0.634629
vt 0.546985 0.643866
vt 0.575981 0.625547
vt 0.569628 0.653495
vt 0.546985 0.643866
vt 0.572348 0.634799
vt 0.572348 0.634799
vt 0.572348 0.634799
vt 0.575981 0.625547
vt 0.572348 0.634799
vt 0.579196 0.631427
vt 0.579196 0.631427
vt 0.579196 0.631427
vt 0.575981 0.625547
vt 0.579196 0.631427
vt 0.584262 0.587392
vt 0.575981 0.625547
vt 0.416667 0.671974
vt 0.419254 0.619133
vt 0.465367 0.647164
vt 0.416667 0.671974
vt 0.391950 0.605465
vt 0.419254 0.619133
vt 0.402957 0.542210
vt 0.419254 0.619133
vt 0.391950 0.605465
vt 0.416586 0.592194
vt 0.419254 0.619133
vt 0.402957 0.542210
vt 0.417599 0.607562
vt 0.423745 0.630492
vt 0.417599 0.607562
vt 0.417599 0.607562
vt 0.416586 0.592194
vt 0.467872 0.634799
vt 0.465367 0.647164
vt 0.419254 0.619133
vt 0.857694 0.502493
vt 0.662728 0.510405
vt 0.649152 0.500041
vt 0.649152 0.500041
vt 0.649152 0.500041
vt 0.319138 0.502869
vt 0.143220 0.521895
vt 0.238611 0.500000
vt 0.603874 0.465632
vt 0.566956 0.392941
vt 0.566848 0.262248
vt 0.516482 0.505647
vt 0.580709 0.514153
vt 0.536656 0.511082
vt 0.000000 0.000000
vt 0.000000 0.000000
vt 0.000000 0.000000
vt 0.000000 0.000000
vt 0.000000 0.000000
vt 0.000000 0.000000
vt 0.000000 0.000000
vt 0.000000 0.000000
vt 0.000000 0.000000
vt 0.000000 0.000000
vt 0.000000 0.000000
vt 0.000000 0.000000
vt 0.000000 0.000000
vt 0.000000 0.000000
vt 0.000000 0.000000
vt 0.000000 0.000000
vt 0.000000 0.000000
vt 0.000000 0.000000
vt 0.000000 0.000000
vt 0.000000 0.000000
vt 0.000000 0.000000
vt 0.000000 0.000000
vt 0.000000 0.000000
vt 0.000000 0.000000
vt 0.553207 0.489332
vt 0.580709 0.514153
vt 0.516482 0.505647
vt 0.531073 0.491649
vt 0.376816 0.067740
vt 0.398463 0.075315
vt 0.377901 0.081628
vt 0.696900 0.669843
vt 0.673224 0.722571
vt 0.627714 0.673524
vt 0.673224 0.722571
vt 0.634449 0.738585
vt 0.627714 0.673524
vt 0.627714 0.673524
vt 0.634449 0.738585
vt 0.601094 0.672382
vt 0.375000 0.021886
vt 0.375000 0.012754
vt 0.376221 0.014181
vt 0.375000 0.021886
vt 0.376221 0.014181
vt 0.375000 0.038965
vt 0.375000 0.732150
vt 0.375000 0.730356
vt 0.374742 0.709928
vt 0.374858 0.712313
vt 0.374988 0.716428
vt 0.372784 0.705168
vt 0.566848 0.262248
vt 0.448150 0.291501
vt 0.507877 0.256867
vt 0.507877 0.256867
vt 0.448150 0.291501
vt 0.430772 0.253880
vt 0.389366 0.198635
vt 0.375419 0.222914
vt 0.375419 0.222914
vt 0.375419 0.222914
vt 0.376895 0.179704
vt 0.376895 0.179704
vt 0.376895 0.179704
vt 0.404396 0.176678
vt 0.531073 0.491649
vt 0.516482 0.505647
vt 0.469164 0.493492
vt 0.516482 0.505647
vt 0.399210 0.512989
vt 0.469164 0.493492
vt 0.469164 0.493492
vt 0.437524 0.450503
vt 0.499037 0.413122
vt 0.853400 0.732565
vt 0.875000 0.750000
vt 0.875000 0.750000
vt 0.875000 0.750000
vt 0.871342 0.749828
vt 0.608539 0.004508
vt 0.625000 0.000000
vt 0.625000 0.000000
vt 0.625000 0.000000
vt 0.625880 0.017335
vt 0.628572 0.749059
vt 0.619767 0.767676
vt 0.592501 0.768328
vt 0.853400 0.732565
vt 0.862559 0.670819
vt 0.874173 0.684667
vt 0.621873 0.068898
vt 0.622821 0.080440
vt 0.594845 0.097679
vt 0.371923 0.681461
vt 0.283662 0.652986
vt 0.372956 0.631266
vt 0.371923 0.681461
vt 0.372956 0.631266
vt 0.416667 0.671974
vt 0.136133 0.572616
vt 0.178691 0.614768
vt 0.128664 0.637426
vt 0.630667 0.549227
vt 0.742022 0.564089
vt 0.691068 0.602831
vt 0.628802 0.602978
vt 0.376895 0.179704
vt 0.378126 0.114638
vt 0.404396 0.176678
vt 0.658978 0.629212
vt 0.696900 0.669843
vt 0.627714 0.673524
vt 0.658978 0.629212
vt 0.621248 0.629693
vt 0.628802 0.602978
vt 0.627714 0.673524
vt 0.601094 0.672382
vt 0.621248 0.629693
vt 0.621248 0.629693
vt 0.597025 0.634629
vt 0.628802 0.602978
vt 0.367429 0.560205
vt 0.365630 0.526437
vt 0.398254 0.525282
vt 0.402957 0.542210
vt 0.623923 0.135234
vt 0.623361 0.194014
vt 0.623923 0.135234
vt 0.623923 0.135234
vt 0.604743 0.146456
vt 0.622821 0.080440
vt 0.623923 0.135234
vt 0.604743 0.146456
vt 0.291157 0.604297
vt 0.372956 0.631266
vt 0.283662 0.652986
vt 0.372956 0.631266
vt 0.291157 0.604297
vt 0.367429 0.560205
vt 0.372956 0.631266
vt 0.367429 0.560205
vt 0.391950 0.605465
vt 0.398296 0.506320
vt 0.422292 0.365276
vt 0.437524 0.450503
vt 0.430772 0.253880
vt 0.393615 0.345254
vt 0.388486 0.256850
vt 0.388486 0.256850
vt 0.388486 0.256850
vt 0.857694 0.502493
vt 0.872047 0.516162
vt 0.872047 0.516162
vt 0.872047 0.516162
vt 0.851669 0.520127
vt 0.640149 0.526779
vt 0.621837 0.502330
vt 0.662728 0.510405
vt 0.621837 0.502330
vt 0.649152 0.500041
vt 0.662728 0.510405
vt 0.568158 0.248941
vt 0.618385 0.231978
vt 0.594665 0.245402
vt 0.566848 0.262248
vt 0.618310 0.260614
vt 0.618310 0.260614
vt 0.618310 0.260614
vt 0.603874 0.465632
vt 0.258763 0.571471
vt 0.145114 0.546391
vt 0.143220 0.521895
vt 0.375419 0.222914
vt 0.389366 0.198635
vt 0.375554 0.226094
vt 0.383478 0.232090
vt 0.389366 0.198635
vt 0.404679 0.233121
vt 0.448150 0.291501
vt 0.422292 0.365276
vt 0.430772 0.253880
vt 0.321520 0.703671
vt 0.361519 0.703821
vt 0.364562 0.703728
vt 0.346955 0.703679
vt 0.346955 0.703679
vt 0.346955 0.703679
vt 0.343471 0.703670
vt 0.630667 0.549227
vt 0.602605 0.507960
vt 0.640149 0.526779
vt 0.872047 0.516162
vt 0.873864 0.525639
vt 0.851669 0.520127
vt 0.593633 0.000145
vt 0.567599 0.001974
vt 0.566229 0.000006
vt 0.593633 0.000145
vt 0.608539 0.004508
vt 0.567599 0.001974
vt 0.567599 0.001974
vt 0.608539 0.004508
vt 0.553600 0.007494
vt 0.128422 0.703667
vt 0.129221 0.703667
vt 0.263019 0.703681
vt 0.276063 0.698192
vt 0.316377 0.703468
vt 0.134698 0.703140
vt 0.126219 0.703667
vt 0.135679 0.703667
vt 0.126219 0.703667
vt 0.126219 0.703667
vt 0.147346 0.703667
vt 0.147346 0.703667
vt 0.147346 0.703667
vt 0.374999 0.724665
vt 0.374814 0.712089
vt 0.374814 0.712089
vt 0.374814 0.712089
vt 0.370141 0.704248
vt 0.370266 0.704497
vt 0.374814 0.712089
vt 0.374998 0.720622
vt 0.370266 0.704497
vt 0.370141 0.704248
vt 0.374814 0.712089
vt 0.367091 0.703730
vt 0.361519 0.703821
vt 0.373100 0.704618
vt 0.373135 0.704601
vt 0.368002 0.703836
vt 0.368002 0.703836
vt 0.368002 0.703836
vt 0.361519 0.703821
vt 0.373571 0.705553
vt 0.373100 0.704618
vt 0.376264 0.753523
vt 0.375253 0.772443
vt 0.375001 0.950301
vt 0.375106 0.773873
vt 0.373869 0.697899
vt 0.380606 0.706403
vt 0.368348 0.703425
vt 0.355181 0.703701
vt 0.263019 0.703681
vt 0.370141 0.704248
vt 0.375000 0.999522
vt 0.380040 0.976883
vt 0.409062 0.996970
vt 0.375000 0.961366
vt 0.375000 0.997135
vt 0.375001 0.950301
vt 0.375000 1.000000
vt 0.375000 0.987099
vt 0.375000 0.997135
vt 0.375001 0.950301
vt 0.375000 0.997135
vt 0.375002 0.945629
vt 0.375000 0.987099
vt 0.375000 0.998195
vt 0.375000 0.957504
vt 0.375000 0.996337
vt 0.375003 0.883320
vt 0.375000 0.957504
vt 0.375028 0.004709
vt 0.375000 0.001719
vt 0.375308 0.001063
vt 0.375000 0.005762
vt 0.375000 0.000957
vt 0.375000 0.001719
vt 0.375000 0.009116
vt 0.375000 0.000392
vt 0.375000 0.000957
vt 0.375100 0.758375
vt 0.375052 0.751330
vt 0.375019 0.744036
vt 0.375000 0.009116
vt 0.375000 0.015143
vt 0.375000 0.035861
vt 0.375000 0.027692
vt 0.375106 0.773873
vt 0.375129 0.751151
vt 0.376264 0.753523
vt 0.375100 0.758375
vt 0.375037 0.770822
vt 0.375052 0.751330
vt 0.374995 0.716658
vt 0.374858 0.712313
vt 0.374993 0.706596
vt 0.375000 0.021886
vt 0.375000 0.038965
vt 0.375000 0.036427
vt 0.375000 0.012754
vt 0.375000 0.021886
vt 0.375000 0.024124
vt 0.375028 0.004709
vt 0.376221 0.014181
vt 0.375000 0.012754
vt 0.147346 0.703667
vt 0.135679 0.703667
vt 0.331275 0.703676
vt 0.363811 0.703956
vt 0.376221 0.014181
vt 0.384159 0.030293
vt 0.379876 0.027591
vt 0.379876 0.027591
vt 0.379876 0.027591
vt 0.385498 0.811425
vt 0.380040 0.976883
vt 0.375000 0.961366
vt 0.385498 0.811425
vt 0.375001 0.950301
vt 0.375253 0.772443
vt 0.375001 0.950301
vt 0.375002 0.945629
vt 0.375106 0.773873
vt 0.375002 0.945629
vt 0.375000 0.957504
vt 0.375100 0.758375
vt 0.375100 0.758375
vt 0.375000 0.957504
vt 0.375037 0.770822
vt 0.375037 0.770822
vt 0.375000 0.957504
vt 0.375003 0.883320
vt 0.376264 0.753523
vt 0.375129 0.751151
vt 0.375000 0.737353
vt 0.375000 0.737353
vt 0.375129 0.751151
vt 0.375001 0.737587
vt 0.375019 0.744036
vt 0.375052 0.751330
vt 0.375001 0.738297
vt 0.375000 0.730488
vt 0.375000 0.730356
vt 0.375000 0.730488
vt 0.375000 0.730488
vt 0.375001 0.743940
vt 0.375001 0.741792
vt 0.375000 0.732861
vt 0.375000 0.732861
vt 0.375000 0.732861
vt 0.263019 0.703681
vt 0.355181 0.703701
vt 0.128422 0.703667
vt 0.374814 0.712089
vt 0.374999 0.724665
vt 0.374998 0.720622
vt 0.373869 0.697899
vt 0.368348 0.703425
vt 0.276063 0.698192
vt 0.375000 0.737353
vt 0.375001 0.737587
vt 0.375000 0.726209
vt 0.375000 0.726209
vt 0.375000 0.728641
vt 0.374858 0.712313
vt 0.379053 0.726645
vt 0.422562 0.714494
vt 0.400537 0.732736
vt 0.375001 0.743940
vt 0.375000 0.730356
vt 0.375000 0.732150
vt 0.374990 0.717180
vt 0.374982 0.712884
vt 0.374990 0.717180
vt 0.374990 0.717180
vt 0.375000 0.730356
vt 0.375000 0.730488
vt 0.374998 0.727859
vt 0.374998 0.727859
vt 0.374998 0.727859
vt 0.373161 0.704721
vt 0.373136 0.704644
vt 0.373161 0.704721
vt 0.373161 0.704721
vt 0.373100 0.704618
vt 0.374982 0.712884
vt 0.374990 0.713497
vt 0.374990 0.713497
vt 0.374990 0.713497
vt 0.374990 0.713497
vt 0.374982 0.712884
vt 0.374990 0.717180
vt 0.375000 0.009116
vt 0.375000 0.012050
vt 0.375000 0.002145
vt 0.375000 0.005762
vt 0.375000 0.015143
vt 0.375000 0.009116
vt 0.375000 0.000957
vt 0.375000 0.005762
vt 0.375000 0.009116
vt 0.375000 0.046113
vt 0.375000 0.038965
vt 0.375000 0.043242
vt 0.375000 0.043242
vt 0.375000 0.043242
vt 0.375266 0.046031
vt 0.375266 0.046031
vt 0.375266 0.046031
vt 0.375000 0.008550
vt 0.375000 0.006448
vt 0.375000 0.006448
vt 0.375000 0.006448
vt 0.375000 0.012050
vt 0.375000 0.006448
vt 0.375000 0.004657
vt 0.375000 0.004657
vt 0.375000 0.004657
vt 0.375000 0.012050
vt 0.375000 0.002665
vt 0.375000 0.012050
vt 0.375000 0.004657
vt 0.375028 0.004709
vt 0.408076 0.001090
vt 0.376221 0.014181
vt 0.408076 0.001090
vt 0.412060 0.015813
vt 0.376221 0.014181
vt 0.370372 0.704264
vt 0.368348 0.703425
vt 0.374993 0.706596
vt 0.375000 0.035280
vt 0.375000 0.043242
vt 0.375000 0.035280
vt 0.375000 0.035280
vt 0.375000 0.038965
vt 0.374742 0.709928
vt 0.374998 0.720622
vt 0.375001 0.738297
vt 0.375000 0.732150
vt 0.129221 0.703667
vt 0.126219 0.703667
vt 0.147346 0.703667
vt 0.375000 0.021811
vt 0.375000 0.045851
vt 0.375000 0.045951
vt 0.375000 0.035861
vt 0.375000 0.036427
vt 0.375000 0.045899
vt 0.375000 0.036427
vt 0.375000 0.045891
vt 0.375000 0.045899
vt 0.374998 0.720622
vt 0.374742 0.709928
vt 0.370266 0.704497
vt 0.316377 0.703468
vt 0.331275 0.703676
vt 0.128725 0.703667
vt 0.147346 0.703667
vt 0.366646 0.704390
vt 0.129221 0.703667
vt 0.147346 0.703667
vt 0.363811 0.703956
vt 0.366646 0.704390
vt 0.175547 0.703667
vt 0.355181 0.703701
vt 0.321520 0.703671
vt 0.374999 0.724665
vt 0.370141 0.704248
vt 0.372784 0.705168
vt 0.374988 0.716428
vt 0.375000 0.728641
vt 0.375001 0.737587
vt 0.374999 0.724665
vt 0.375000 0.737353
vt 0.376568 0.724588
vt 0.400537 0.732736
vt 0.386094 0.744584
vt 0.376568 0.724588
vt 0.374995 0.716658
vt 0.374993 0.706596
vt 0.376568 0.724588
vt 0.375000 0.737353
vt 0.375000 0.726209
vt 0.375000 0.024124
vt 0.375000 0.036427
vt 0.375000 0.035861
vt 0.355181 0.703701
vt 0.370631 0.704227
vt 0.361519 0.703821
vt 0.370631 0.704227
vt 0.373571 0.705553
vt 0.361519 0.703821
vt 0.375001 0.738297
vt 0.374999 0.724665
vt 0.375001 0.737587
vt 0.375000 0.021811
vt 0.375000 0.045951
vt 0.375000 0.012050
vt 0.175547 0.703667
vt 0.321520 0.703671
vt 0.132348 0.703667
vt 0.375000 0.027692
vt 0.375000 0.021811
vt 0.375000 0.009116
vt 0.363811 0.703956
vt 0.331275 0.703676
vt 0.370372 0.704264
vt 0.218901 0.585098
vt 0.190338 0.505827
vt 0.190338 0.505827
vt 0.190338 0.505827
vt 0.190338 0.518655
vt 0.190338 0.518655
vt 0.190338 0.518655
vt 0.190338 0.576491
vt 0.190338 0.576491
vt 0.190338 0.576491
vt 0.624081 0.434663
vt 0.602663 0.376848
vt 0.624081 0.434663
vt 0.624081 0.434663
vt 0.604446 0.428532
vt 0.602663 0.376848
vt 0.477696 0.388927
vt 0.604446 0.428532
vt 0.623980 0.315338
vt 0.591809 0.315338
vt 0.549994 0.336220
vt 0.549994 0.336220
vt 0.477696 0.388927
vt 0.602663 0.376848
vt 0.489758 0.315338
vt 0.437237 0.336015
vt 0.549994 0.336220
vt 0.437237 0.336015
vt 0.477696 0.388927
vt 0.549994 0.336220
vt 0.381967 0.366586
vt 0.477696 0.388927
vt 0.437237 0.336015
vt 0.380235 0.315338
vt 0.381967 0.366586
vt 0.380235 0.315338
vt 0.380235 0.315338
vt 0.437237 0.336015
vt 0.604446 0.428532
vt 0.477696 0.388927
vt 0.526759 0.426117
vt 0.536754 0.823662
vt 0.503947 0.879975
vt 0.587223 0.831494
vt 0.459644 0.824325
vt 0.503947 0.879975
vt 0.459644 0.824325
vt 0.459644 0.824325
vt 0.536754 0.823662
vt 0.396003 0.831748
vt 0.503947 0.879975
vt 0.396003 0.831748
vt 0.396003 0.831748
vt 0.459644 0.824325
vt 0.399943 0.880670
vt 0.503947 0.879975
vt 0.399943 0.880670
vt 0.399943 0.880670
vt 0.396003 0.831748
vt 0.382541 0.934663
vt 0.412151 0.916723
vt 0.382541 0.934663
vt 0.382541 0.934663
vt 0.399943 0.880670
vt 0.412151 0.916723
vt 0.503947 0.879975
vt 0.399943 0.880670
vt 0.462018 0.929414
vt 0.503947 0.879975
vt 0.412151 0.916723
vt 0.600832 0.879921
vt 0.503947 0.879975
vt 0.587362 0.919032
vt 0.587223 0.831494
vt 0.503947 0.879975
vt 0.600832 0.879921
vt 0.190338 0.505827
vt 0.218901 0.585098
vt 0.241315 0.502559
vt 0.218901 0.585098
vt 0.299521 0.627692
vt 0.299521 0.627692
vt 0.299521 0.627692
vt 0.315580 0.501776
vt 0.257393 0.534433
vt 0.237803 0.750000
vt 0.255638 0.680167
vt 0.190338 0.692164
vt 0.299521 0.627692
vt 0.218901 0.585098
vt 0.255638 0.680167
vt 0.755526 0.529004
vt 0.690338 0.505423
vt 0.690338 0.511017
vt 0.748754 0.582899
vt 0.755526 0.529004
vt 0.748754 0.582899
vt 0.809663 0.507348
vt 0.775964 0.674166
vt 0.748754 0.582899
vt 0.691146 0.633799
vt 0.972911 0.614354
vt 0.880963 1.000000
vt 0.880963 1.000000
vt 0.972911 0.614354
vt 0.972911 0.614354
vt 0.880963 1.000000
vt 0.847910 0.614354
vt 0.847910 0.614354
vt 0.847910 0.614354
vt 0.722910 0.614354
vt 0.659525 1.000000
vt 0.659525 1.000000
vt 0.722910 0.614354
vt 0.722910 0.614354
vt 0.659525 1.000000
vt 0.597910 0.614354
vt 0.597910 0.614354
vt 0.597910 0.614354
vt 0.472910 0.614354
vt 0.409525 1.000000
vt 0.409525 1.000000
vt 0.472910 0.614354
vt 0.472910 0.614354
vt 0.409525 1.000000
vt 0.347910 0.614354
vt 0.347910 0.614354
vt 0.347910 0.614354
vt 0.222910 0.614354
vt 0.117600 0.894280
vt 0.117600 0.894280
vt 0.222910 0.614354
vt 0.222910 0.614354
vt 0.117600 0.894280
vt 0.089825 0.500000
vt 0.089825 0.500000
vt 0.089825 0.500000
vt 0.117600 0.894280
vt 0.020451 1.000000
vt 0.020451 1.000000
vt 0.020451 1.000000
vt 0.000000 0.614354
vt 0.000000 0.614354
vt 0.000000 0.614354
vt 0.734746 0.414367
vt 0.797756 0.470219
vt 0.797756 0.470219
vt 0.734746 0.414367
vt 0.734746 0.414367
vt 0.797756 0.470219
vt 0.855438 0.377011
vt 0.855438 0.377011
vt 0.855438 0.377011
vt 0.855438 0.377011
vt 0.797756 0.470219
vt 0.939487 0.371950
vt 0.939487 0.371950
vt 0.939487 0.371950
vt 0.855438 0.377011
vt 0.939487 0.371950
vt 0.914367 0.265255
vt 0.914367 0.265255
vt 0.914367 0.265255
vt 0.914367 0.265255
vt 0.939487 0.371950
vt 0.970219 0.202244
vt 0.970219 0.202244
vt 0.970219 0.202244
vt 0.914367 0.265255
vt 0.970219 0.202244
vt 0.877011 0.144562
vt 0.877011 0.144562
vt 0.877011 0.144562
vt 0.877011 0.144562
vt 0.970219 0.202244
vt 0.871950 0.060513
vt 0.871950 0.060513
vt 0.871950 0.060513
vt 0.877011 0.144562
vt 0.871950 0.060513
vt 0.765255 0.085633
vt 0.765255 0.085633
vt 0.765255 0.085633
vt 0.765255 0.085633
vt 0.871950 0.060513
vt 0.702244 0.029781
vt 0.702244 0.029781
vt 0.702244 0.029781
vt 0.765255 0.085633
vt 0.702244 0.029781
vt 0.644562 0.122989
vt 0.644562 0.122989
vt 0.644562 0.122989
vt 0.644562 0.122989
vt 0.702244 0.029781
vt 0.560513 0.128050
vt 0.560513 0.128050
vt 0.560513 0.128050
vt 0.644562 0.122989
vt 0.560513 0.128050
vt 0.585633 0.234745
vt 0.585633 0.234745
vt 0.585633 0.234745
vt 0.585633 0.234745
vt 0.560513 0.128050
vt 0.529781 0.297756
vt 0.529781 0.297756
vt 0.529781 0.297756
vt 0.585633 0.234745
vt 0.529781 0.297756
vt 0.622989 0.355438
vt 0.622989 0.355438
vt 0.622989 0.355438
vt 0.622989 0.355438
vt 0.529781 0.297756
vt 0.628050 0.439487
vt 0.628050 0.439487
vt 0.628050 0.439487
vt 0.622989 0.355438
vt 0.628050 0.439487
vt 0.734746 0.414367
vt 0.734746 0.414367
vt 0.628050 0.439487
vt 0.797756 0.470219
vt 1.000000 1.000000
vt 0.880963 1.000000
vt 1.000000 1.000000
vt 1.000000 1.000000
vt 0.972911 0.614354
vt 0.409525 1.000000
vt 0.472910 0.614354
vt 0.597910 0.614354
vt 0.659525 1.000000
vt 0.229549 1.000000
vt 0.222910 0.614354
vt 0.229549 1.000000
vt 0.229549 1.000000
vt 0.347910 0.614354
vt 0.409525 1.000000
vt 0.222235 0.478499
vt 0.080294 0.419706
vt 0.080294 0.419706
vt 0.222235 0.478499
vt 0.222235 0.478499
vt 0.080294 0.419706
vt 0.021501 0.277765
vt 0.021501 0.277765
vt 0.021501 0.277765
vt 0.250000 0.250000
vt 0.250000 0.250000
vt 0.250000 0.250000
vt 0.222235 0.478499
vt 0.250000 0.250000
vt 0.402929 0.414377
vt 0.402929 0.414377
vt 0.402929 0.414377
vt 0.667857 0.162129
vt 0.754815 0.107067
vt 0.754815 0.107067
vt 0.667857 0.162129
vt 0.754815 0.107067
vt 0.765255 0.085633
vt 0.644562 0.122989
vt 0.136279 0.069990
vt 0.250000 0.250000
vt 0.136279 0.069990
vt 0.136279 0.069990
vt 0.021501 0.277765
vt 0.430010 0.136279
vt 0.250000 0.250000
vt 0.430010 0.136279
vt 0.430010 0.136279
vt 0.136279 0.069990
vt 0.402929 0.414377
vt 0.250000 0.250000
vt 0.430010 0.136279
vt 0.222910 0.614354
vt 0.229549 1.000000
vt 0.117600 0.894280
vt 0.089825 0.500000
vt 0.117600 0.894280
vt 0.000000 0.614354
vt 0.585633 0.234745
vt 0.622989 0.355438
vt 0.627728 0.300238
vt 0.627728 0.300238
vt 0.627728 0.300238
vt 0.847664 0.354474
vt 0.745185 0.392933
vt 0.892933 0.254815
vt 0.854474 0.152336
vt 0.754815 0.107067
vt 0.659525 1.000000
vt 0.722910 0.614354
vt 0.847910 0.614354
vt 0.880963 1.000000
vt 0.627728 0.300238
vt 0.854474 0.152336
vt 0.892933 0.254815
vt 0.914367 0.265255
vt 0.877011 0.144562
vt 0.847664 0.354474
vt 0.745185 0.392933
vt 0.734746 0.414367
vt 0.855438 0.377011
vt 0.745185 0.392933
vt 0.627728 0.300238
vt 0.622989 0.355438
vt 0.734746 0.414367
vt 0.627728 0.300238
vt 0.667857 0.162129
vt 0.644562 0.122989
vt 0.585633 0.234745
vt 0.754815 0.107067
vt 0.854474 0.152336
vt 0.877011 0.144562
vt 0.765255 0.085633
vt 0.892933 0.254815
vt 0.847664 0.354474
vt 0.855438 0.377011
vt 0.914367 0.265255
vt 0.625000 0.707091
vt 0.750000 0.500000
vt 0.750000 0.500000
vt 0.625000 0.707091
vt 0.625000 0.707091
vt 0.750000 0.500000
vt 0.875000 0.691398
vt 0.875000 0.691398
vt 0.875000 0.691398
vt 0.750000 0.500000
vt 0.375000 0.500000
vt 0.375000 0.500000
vt 0.375000 0.500000
vt 0.524112 0.500000
vt 0.524112 0.500000
vt 0.524112 0.500000
vt 0.454944 0.250000
vt 0.375000 0.250000
vt 0.375000 0.250000
vt 0.454944 0.250000
vt 0.454944 0.250000
vt 0.375000 0.250000
vt 0.375000 0.250000
vt 0.375000 0.250000
vt 0.375000 0.250000
vt 0.375000 1.000000
vt 0.375000 0.706226
vt 0.375000 0.706226
vt 0.375000 1.000000
vt 0.375000 1.000000
vt 0.375000 0.706226
vt 0.625000 0.707091
vt 0.625000 1.000000
vt 0.625000 1.000000
vt 0.625000 1.000000
vt 0.375000 0.500000
vt 0.375000 0.706226
vt 0.125000 0.718077
vt 0.125000 0.718077
vt 0.125000 0.718077
vt 0.125000 0.500000
vt 0.125000 0.500000
vt 0.125000 0.500000
vt 0.625000 0.250000
vt 0.454944 0.250000
vt 0.625000 0.250000
vt 0.625000 0.250000
vt 0.375000 0.250000
vt 0.375000 0.250000
vt 0.375000 0.031923
vt 0.375000 0.031923
vt 0.375000 0.031923
vt 0.625000 0.058602
vt 0.625000 0.058602
vt 0.625000 0.058602
vt 0.625000 0.250000
vt 0.375000 0.500000
vt 0.750000 0.500000
vt 0.625000 0.707091
vt 0.375000 0.706226
vt 0.375000 0.500000
vt 0.375000 0.500000
vt 0.375000 0.500000
vt 0.375000 0.500000
vt 0.125000 0.500000
vt 0.125000 0.500000
vt 0.125000 0.500000
vt 0.125000 0.500000
vt 0.524112 0.500000
vt 0.375000 0.500000
vt 0.375000 0.500000
vt 0.750000 0.500000
vt 0.524112 0.500000
vt 0.875000 0.500000
vt 0.875000 0.500000
vt 0.875000 0.500000
vt 0.375000 0.250000
vt 0.454944 0.250000
vt 0.524112 0.500000
vt 0.375000 0.500000
vt 0.500000 0.625000
vt 0.416667 0.555975
vt 0.416667 0.555975
vt 0.500000 0.625000
vt 0.500000 0.625000
vt 0.416667 0.555975
vt 0.500000 0.500000
vt 0.500000 0.500000
vt 0.500000 0.500000
vt 0.416667 0.375000
vt 0.500000 0.375000
vt 0.500000 0.375000
vt 0.416667 0.375000
vt 0.416667 0.375000
vt 0.500000 0.375000
vt 0.500000 0.500000
vt 0.416667 0.555975
vt 0.500000 0.812818
vt 0.458333 1.000000
vt 0.458333 1.000000
vt 0.500000 0.812818
vt 0.500000 0.812818
vt 0.458333 1.000000
vt 0.278740 0.875000
vt 0.278740 0.875000
vt 0.278740 0.875000
vt 0.458333 0.000000
vt 0.500000 0.188178
vt 0.500000 0.188178
vt 0.458333 0.000000
vt 0.458333 0.000000
vt 0.500000 0.188178
vt 0.372771 0.199673
vt 0.372771 0.199673
vt 0.372771 0.199673
vt 0.416667 0.555975
vt 0.333333 0.444025
vt 0.333333 0.444025
vt 0.333333 0.444025
vt 0.416667 0.375000
vt 0.416667 0.750000
vt 0.308852 0.703095
vt 0.308852 0.703095
vt 0.416667 0.750000
vt 0.416667 0.750000
vt 0.308852 0.703095
vt 0.416667 0.555975
vt 0.278740 0.875000
vt 0.308852 0.703095
vt 0.416667 0.750000
vt 0.291667 0.000000
vt 0.372771 0.199673
vt 0.291667 0.000000
vt 0.291667 0.000000
vt 0.195421 0.168095
vt 0.195421 0.168095
vt 0.195421 0.168095
vt 0.250000 0.625000
vt 0.166667 0.555975
vt 0.166667 0.555975
vt 0.250000 0.625000
vt 0.250000 0.625000
vt 0.166667 0.555975
vt 0.250000 0.437055
vt 0.250000 0.437055
vt 0.250000 0.437055
vt 0.278740 0.875000
vt 0.126511 0.750000
vt 0.126511 0.750000
vt 0.126511 0.750000
vt 0.308852 0.703095
vt 0.126511 0.750000
vt 0.083333 0.569830
vt 0.083333 0.569830
vt 0.083333 0.569830
vt 0.166667 0.555975
vt 0.278740 0.875000
vt 0.125000 1.000000
vt 0.125000 1.000000
vt 0.125000 1.000000
vt 0.001270 0.875000
vt 0.001270 0.875000
vt 0.001270 0.875000
vt 0.116893 0.250000
vt 0.000000 0.183949
vt 0.000000 0.183949
vt 0.116893 0.250000
vt 0.116893 0.250000
vt 0.000000 0.183949
vt 0.195421 0.168095
vt 0.041667 0.000000
vt 0.195421 0.168095
vt 0.041667 0.000000
vt 0.041667 0.000000
vt 0.000000 0.183949
vt 0.001270 0.875000
vt 0.000000 0.750000
vt 0.000000 0.750000
vt 0.000000 0.750000
vt 0.126511 0.750000
vt 0.000000 0.500000
vt 0.000000 0.449346
vt 0.000000 0.449346
vt 0.000000 0.500000
vt 0.000000 0.500000
vt 0.000000 0.449346
vt 0.000000 0.375000
vt 0.000000 0.375000
vt 0.000000 0.375000
vt 0.500000 0.375000
vt 0.500000 0.425654
vt 0.500000 0.425654
vt 0.500000 0.425654
vt 0.500000 0.500000
vt 0.458333 0.000000
vt 0.500000 0.175654
vt 0.500000 0.175654
vt 0.500000 0.175654
vt 0.500000 0.188178
vt 0.500000 0.812818
vt 0.500000 0.625000
vt 0.500000 0.812500
vt 0.500000 0.812500
vt 0.500000 0.812500
vt 0.500000 0.812818
vt 0.278740 0.875000
vt 0.416667 0.750000
vt 0.416667 0.750000
vt 0.416667 0.555975
vt 0.500000 0.625000
vt 0.500000 0.812818
vt 0.372771 0.199673
vt 0.500000 0.188178
vt 0.500000 0.375000
vt 0.416667 0.375000
vt 0.250000 0.437055
vt 0.195421 0.168095
vt 0.372771 0.199673
vt 0.333333 0.444025
vt 0.416667 0.375000
vt 0.333333 0.444025
vt 0.372771 0.199673
vt 0.416667 0.555975
vt 0.308852 0.703095
vt 0.333333 0.444025
vt 0.250000 0.437055
vt 0.333333 0.444025
vt 0.308852 0.703095
vt 0.250000 0.625000
vt 0.127469 0.375000
vt 0.116893 0.250000
vt 0.127469 0.375000
vt 0.127469 0.375000
vt 0.195421 0.168095
vt 0.250000 0.437055
vt 0.126511 0.750000
vt 0.166667 0.555975
vt 0.250000 0.625000
vt 0.308852 0.703095
vt 0.250000 0.437055
vt 0.166667 0.555975
vt 0.127469 0.375000
vt 0.000000 0.500000
vt 0.000000 0.375000
vt 0.127469 0.375000
vt 0.083333 0.569830
vt 0.278740 0.875000
vt 0.001270 0.875000
vt 0.126511 0.750000
vt 0.166667 0.555975
vt 0.083333 0.569830
vt 0.127469 0.375000
vt 0.000000 0.625000
vt 0.083333 0.569830
vt 0.000000 0.625000
vt 0.000000 0.625000
vt 0.126511 0.750000
vt 0.000000 0.750000
vt 0.000000 0.375000
vt 0.000000 0.183949
vt 0.116893 0.250000
vt 0.127469 0.375000
vt 0.083333 0.569830
vt 0.000000 0.625000
vt 0.000000 0.500000
vt 0.500000 0.500000
vt 0.500000 0.425654
vt 0.500000 0.625000
vt 0.000000 0.199346
vt 0.000000 0.183949
vt 0.000000 0.199346
vt 0.000000 0.199346
vt 0.000000 0.375000
vt 0.000000 0.449346
vt 0.458333 0.000000
vt 0.000000 0.199346
vt 0.000000 0.449346
vt 0.000000 0.687500
vt 0.000000 0.687500
vt 0.000000 0.687500
vt 0.020833 0.937500
vt 0.020833 0.937500
vt 0.020833 0.937500
vt 0.500000 0.812500
vt 0.500000 0.625000
vt 0.500000 0.425654
vt 0.500000 0.175654
vt 0.500000 0.425654
vt 0.500000 0.375000
vt 0.500000 0.188178
vt 0.500000 0.175654
vt 0.458333 1.000000
vt 0.458333 1.000000
vt 0.458333 1.000000
vt 0.458333 1.000000
vt 0.500000 0.812818
vt 0.500000 0.812500
vt 0.020833 0.937500
vt 0.000000 0.687500
vt 0.000000 0.750000
vt 0.001270 0.875000
vt 0.000000 0.449346
vt 0.000000 0.500000
vt 0.000000 0.625000
vt 0.000000 0.687500
vt 0.001270 0.875000
vt 0.041667 1.000000
vt 0.041667 1.000000
vt 0.041667 1.000000
vt 0.020833 0.937500
vt 0.000000 0.625000
vt 0.000000 0.750000
vt 0.000000 0.687500
vt 0.000000 0.183949
vt 0.000000 0.199346
vt 0.041667 0.000000
vt 0.221755 0.521098
vt 0.343338 0.712528
vt 0.343338 0.712528
vt 0.221755 0.521098
vt 0.221755 0.521098
vt 0.343338 0.712528
vt 0.221891 0.732605
vt 0.221891 0.732605
vt 0.221891 0.732605
vt 0.125000 0.527751
vt 0.221755 0.521098
vt 0.125000 0.527751
vt 0.125000 0.527751
vt 0.125000 0.689814
vt 0.125000 0.689814
vt 0.125000 0.689814
vt 0.398543 0.529645
vt 0.598064 0.520311
vt 0.598064 0.520311
vt 0.398543 0.529645
vt 0.398543 0.529645
vt 0.598064 0.520311
vt 0.393370 0.691213
vt 0.393370 0.691213
vt 0.393370 0.691213
vt 0.393370 0.691213
vt 0.603280 0.781716
vt 0.603280 0.781716
vt 0.603280 0.781716
vt 0.412472 0.853410
vt 0.412472 0.853410
vt 0.412472 0.853410
vt 0.598064 0.520311
vt 0.398543 0.529645
vt 0.408910 0.344630
vt 0.408910 0.344630
vt 0.408910 0.344630
vt 0.565052 0.023035
vt 0.596502 0.257010
vt 0.596502 0.257010
vt 0.565052 0.023035
vt 0.565052 0.023035
vt 0.596502 0.257010
vt 0.418528 0.200799
vt 0.418528 0.200799
vt 0.418528 0.200799
vt 0.565052 0.023035
vt 0.418528 0.200799
vt 0.404251 0.049140
vt 0.404251 0.049140
vt 0.404251 0.049140
vt 0.398543 0.529645
vt 0.343338 0.712528
vt 0.221755 0.521098
vt 0.221755 0.521098
vt 0.221891 0.732605
vt 0.125000 0.689814
vt 0.794423 0.525255
vt 0.858412 0.699227
vt 0.858412 0.699227
vt 0.794423 0.525255
vt 0.794423 0.525255
vt 0.858412 0.699227
vt 0.670406 0.723485
vt 0.670406 0.723485
vt 0.670406 0.723485
vt 0.598064 0.520311
vt 0.794423 0.525255
vt 0.670406 0.723485
vt 0.412472 0.853410
vt 0.595339 0.967203
vt 0.595339 0.967203
vt 0.595339 0.967203
vt 0.395955 1.000000
vt 0.395955 1.000000
vt 0.395955 1.000000
vt 0.603280 0.781716
vt 0.595339 0.967203
vt 0.412472 0.853410
vt 0.598064 0.520311
vt 0.603280 0.781716
vt 0.393370 0.691213
vt 0.418528 0.200799
vt 0.596502 0.257010
vt 0.408910 0.344630
vt 0.596502 0.257010
vt 0.598064 0.520311
vt 0.408910 0.344630
vt 0.374890 0.541107
vt 0.166333 0.729731
vt 0.166333 0.729731
vt 0.374890 0.541107
vt 0.374890 0.541107
vt 0.166333 0.729731
vt 0.152249 0.559020
vt 0.152249 0.559020
vt 0.152249 0.559020
vt 0.402164 0.302040
vt 0.596651 0.454075
vt 0.596651 0.454075
vt 0.402164 0.302040
vt 0.402164 0.302040
vt 0.596651 0.454075
vt 0.374890 0.541107
vt 0.599790 0.115074
vt 0.402164 0.302040
vt 0.599790 0.115074
vt 0.599790 0.115074
vt 0.405778 0.053554
vt 0.405778 0.053554
vt 0.405778 0.053554
vt 0.597045 0.665491
vt 0.625000 0.905298
vt 0.625000 0.905298
vt 0.597045 0.665491
vt 0.597045 0.665491
vt 0.625000 0.905298
vt 0.578977 0.914332
vt 0.578977 0.914332
vt 0.578977 0.914332
vt 0.166333 0.729731
vt 0.374890 0.541107
vt 0.402810 0.732923
vt 0.402810 0.732923
vt 0.402810 0.732923
vt 0.847139 0.500000
vt 0.803432 0.669034
vt 0.803432 0.669034
vt 0.847139 0.500000
vt 0.847139 0.500000
vt 0.803432 0.669034
vt 0.619505 0.483040
vt 0.619505 0.483040
vt 0.619505 0.483040
vt 0.597045 0.665491
vt 0.619505 0.483040
vt 0.803432 0.669034
vt 0.402810 0.732923
vt 0.578977 0.914332
vt 0.397609 0.965153
vt 0.397609 0.965153
vt 0.397609 0.965153
vt 0.597045 0.665491
vt 0.578977 0.914332
vt 0.402810 0.732923
vt 0.374890 0.541107
vt 0.597045 0.665491
vt 0.402810 0.732923
vt 0.596651 0.454075
vt 0.597045 0.665491
vt 0.374890 0.541107
vt 0.581145 0.301864
vt 0.596651 0.454075
vt 0.581145 0.301864
vt 0.581145 0.301864
vt 0.402164 0.302040
vt 0.590567 0.000000
vt 0.599790 0.115074
vt 0.590567 0.000000
vt 0.590567 0.000000
vt 0.405778 0.053554
vt 0.402164 0.302040
vt 0.599790 0.115074
vt 0.581145 0.301864
vt 0.371733 0.766517
vt 0.135519 0.737982
vt 0.135519 0.737982
vt 0.371733 0.766517
vt 0.371733 0.766517
vt 0.135519 0.737982
vt 0.133991 0.542337
vt 0.133991 0.542337
vt 0.133991 0.542337
vt 0.768623 0.740213
vt 0.660213 0.713126
vt 0.660213 0.713126
vt 0.768623 0.740213
vt 0.768623 0.740213
vt 0.660213 0.713126
vt 0.787463 0.509087
vt 0.787463 0.509087
vt 0.787463 0.509087
vt 0.374912 0.220974
vt 0.610901 0.390315
vt 0.610901 0.390315
vt 0.374912 0.220974
vt 0.374912 0.220974
vt 0.610901 0.390315
vt 0.377525 0.565285
vt 0.377525 0.565285
vt 0.377525 0.565285
vt 0.133991 0.542337
vt 0.377525 0.565285
vt 0.371733 0.766517
vt 0.787463 0.509087
vt 0.606775 0.776588
vt 0.606775 0.776588
vt 0.606775 0.776588
vt 0.377525 0.565285
vt 0.377525 0.565285
vt 0.606775 0.776588
vt 0.371733 0.766517
vt 0.375281 0.965253
vt 0.374148 0.782517
vt 0.374148 0.782517
vt 0.375281 0.965253
vt 0.375281 0.965253
vt 0.374148 0.782517
vt 0.606775 0.776588
vt 0.604359 0.920401
vt 0.604359 0.920401
vt 0.604359 0.920401
vt 0.374964 0.020532
vt 0.603437 0.030983
vt 0.603437 0.030983
vt 0.374964 0.020532
vt 0.374964 0.020532
vt 0.603437 0.030983
vt 0.374912 0.220974
vt 0.603437 0.030983
vt 0.610901 0.390315
vt 0.374912 0.220974
vt 0.711780 0.545595
vt 0.711731 0.545743
vt 0.711731 0.545743
vt 0.711780 0.545595
vt 0.711780 0.545595
vt 0.711731 0.545743
vt 0.711679 0.546009
vt 0.711679 0.546009
vt 0.711679 0.546009
vt 0.711613 0.546449
vt 0.711613 0.546449
vt 0.711613 0.546449
vt 0.703313 0.585212
vt 0.703313 0.585212
vt 0.703313 0.585212
vt 0.704184 0.594692
vt 0.704184 0.594692
vt 0.704184 0.594692
vt 0.707679 0.623119
vt 0.707679 0.623119
vt 0.707679 0.623119
vt 0.708956 0.630047
vt 0.708956 0.630047
vt 0.708956 0.630047
vt 0.708684 0.637807
vt 0.708684 0.637807
vt 0.708684 0.637807
vt 0.708510 0.668730
vt 0.708510 0.668730
vt 0.708510 0.668730
vt 0.707952 0.675675
vt 0.707952 0.675675
vt 0.707952 0.675675
vt 0.708151 0.681833
vt 0.708151 0.681833
vt 0.708151 0.681833
vt 0.708953 0.686205
vt 0.708953 0.686205
vt 0.708953 0.686205
vt 0.709966 0.689519
vt 0.709966 0.689519
vt 0.709966 0.689519
vt 0.710889 0.691957
vt 0.710889 0.691957
vt 0.710889 0.691957
vt 0.717488 0.705161
vt 0.717488 0.705161
vt 0.717488 0.705161
vt 0.718109 0.706490
vt 0.718109 0.706490
vt 0.718109 0.706490
vt 0.718779 0.707446
vt 0.718779 0.707446
vt 0.718779 0.707446
vt 0.719600 0.708127
vt 0.719600 0.708127
vt 0.719600 0.708127
vt 0.720842 0.708688
vt 0.720842 0.708688
vt 0.720842 0.708688
vt 0.723113 0.709216
vt 0.723113 0.709216
vt 0.723113 0.709216
vt 0.727127 0.709843
vt 0.727127 0.709843
vt 0.727127 0.709843
vt 0.782213 0.716150
vt 0.782213 0.716150
vt 0.782213 0.716150
vt 0.783243 0.716193
vt 0.783243 0.716193
vt 0.783243 0.716193
vt 0.783903 0.716234
vt 0.783903 0.716234
vt 0.783903 0.716234
vt 0.784618 0.716113
vt 0.784618 0.716113
vt 0.784618 0.716113
vt 0.786249 0.715807
vt 0.786249 0.715807
vt 0.786249 0.715807
vt 0.814275 0.708172
vt 0.814275 0.708172
vt 0.814275 0.708172
vt 0.822167 0.707640
vt 0.822167 0.707640
vt 0.822167 0.707640
vt 0.819072 0.700371
vt 0.819072 0.700371
vt 0.819072 0.700371
vt 0.813170 0.697639
vt 0.813170 0.697639
vt 0.813170 0.697639
vt 0.808798 0.694705
vt 0.808798 0.694705
vt 0.808798 0.694705
vt 0.804340 0.694720
vt 0.804340 0.694720
vt 0.804340 0.694720
vt 0.794092 0.677639
vt 0.794092 0.677639
vt 0.794092 0.677639
vt 0.797453 0.661975
vt 0.797453 0.661975
vt 0.797453 0.661975
vt 0.813485 0.670093
vt 0.813485 0.670093
vt 0.813485 0.670093
vt 0.827700 0.696009
vt 0.827700 0.696009
vt 0.827700 0.696009
vt 0.836280 0.696720
vt 0.836280 0.696720
vt 0.836280 0.696720
vt 0.836429 0.694584
vt 0.836429 0.694584
vt 0.836429 0.694584
vt 0.837757 0.692379
vt 0.837757 0.692379
vt 0.837757 0.692379
vt 0.837622 0.688522
vt 0.837622 0.688522
vt 0.837622 0.688522
vt 0.837677 0.677118
vt 0.837677 0.677118
vt 0.837677 0.677118
vt 0.837597 0.656277
vt 0.837597 0.656277
vt 0.837597 0.656277
vt 0.836219 0.639182
vt 0.836219 0.639182
vt 0.836219 0.639182
vt 0.836191 0.621763
vt 0.836191 0.621763
vt 0.836191 0.621763
vt 0.835424 0.582663
vt 0.835424 0.582663
vt 0.835424 0.582663
vt 0.836102 0.567143
vt 0.836102 0.567143
vt 0.836102 0.567143
vt 0.835913 0.556677
vt 0.835913 0.556677
vt 0.835913 0.556677
vt 0.835683 0.549655
vt 0.835683 0.549655
vt 0.835683 0.549655
vt 0.835398 0.545366
vt 0.835398 0.545366
vt 0.835398 0.545366
vt 0.835023 0.543057
vt 0.835023 0.543057
vt 0.835023 0.543057
vt 0.834448 0.541909
vt 0.834448 0.541909
vt 0.834448 0.541909
vt 0.833414 0.541228
vt 0.833414 0.541228
vt 0.833414 0.541228
vt 0.831564 0.540839
vt 0.831564 0.540839
vt 0.831564 0.540839
vt 0.828241 0.540559
vt 0.828241 0.540559
vt 0.828241 0.540559
vt 0.823078 0.540364
vt 0.823078 0.540364
vt 0.823078 0.540364
vt 0.815977 0.540249
vt 0.815977 0.540249
vt 0.815977 0.540249
vt 0.807723 0.540211
vt 0.807723 0.540211
vt 0.807723 0.540211
vt 0.768906 0.539439
vt 0.768906 0.539439
vt 0.768906 0.539439
vt 0.759654 0.539483
vt 0.759654 0.539483
vt 0.759654 0.539483
vt 0.751543 0.539603
vt 0.751543 0.539603
vt 0.751543 0.539603
vt 0.745411 0.539978
vt 0.745411 0.539978
vt 0.745411 0.539978
vt 0.742157 0.539887
vt 0.742157 0.539887
vt 0.742157 0.539887
vt 0.724612 0.538713
vt 0.724612 0.538713
vt 0.724612 0.538713
vt 0.721830 0.539172
vt 0.721830 0.539172
vt 0.721830 0.539172
vt 0.720454 0.539880
vt 0.720454 0.539880
vt 0.720454 0.539880
vt 0.711856 0.545468
vt 0.711856 0.545468
vt 0.711856 0.545468
vt 0.711819 0.545512
vt 0.711819 0.545512
vt 0.711819 0.545512
vt 0.835830 0.702652
vt 0.836341 0.700583
vt 0.836341 0.700583
vt 0.835830 0.702652
vt 0.835830 0.702652
vt 0.836341 0.700583
vt 0.836280 0.696720
vt 0.827700 0.696009
vt 0.826682 0.696564
vt 0.826682 0.696564
vt 0.826682 0.696564
vt 0.824846 0.697882
vt 0.824846 0.697882
vt 0.824846 0.697882
vt 0.822949 0.698860
vt 0.822949 0.698860
vt 0.822949 0.698860
vt 0.819072 0.700371
vt 0.822167 0.707640
vt 0.828591 0.706822
vt 0.828591 0.706822
vt 0.828591 0.706822
vt 0.832081 0.706093
vt 0.832081 0.706093
vt 0.832081 0.706093
vt 0.833934 0.705232
vt 0.833934 0.705232
vt 0.833934 0.705232
vt 0.835054 0.704174
vt 0.835054 0.704174
vt 0.835054 0.704174
vt 0.826682 0.696564
vt 0.827700 0.696009
vt 0.813485 0.670093
vt 0.797453 0.661975
vt 0.794092 0.677639
vt 0.804340 0.694720
vt 0.808798 0.694705
vt 0.813170 0.697639
vt 0.819072 0.700371
vt 0.822949 0.698860
vt 0.824846 0.697882
vn -0.4414 0.4169 -0.7946
vn 0.6209 -0.3948 -0.6772
vn -0.2578 0.6664 -0.6996
vn 0.3328 -0.5292 -0.7805
vn 0.0557 0.8172 -0.5736
vn 0.0486 -0.5199 -0.8528
vn -0.1834 -0.3560 -0.9163
vn -0.4898 0.1432 -0.8600
vn 0.7560 0.6028 0.2550
vn 0.9345 0.3459 0.0838
vn 0.9364 0.3452 0.0634
vn 0.9916 0.1023 0.0793
vn 0.9947 0.0746 0.0712
vn -0.0205 -0.1196 0.9926
vn -0.0563 -0.7062 0.7058
vn -0.9994 -0.0336 0.0114
vn -0.9231 0.3106 -0.2267
vn -0.9990 -0.0446 -0.0092
vn -0.9990 -0.0424 -0.0139
vn -0.0046 -0.1299 -0.9915
vn -0.0161 -0.1479 -0.9889
vn -0.0000 -0.9502 0.3118
vn -0.0023 0.9937 0.1124
vn -0.0147 0.9999 0.0036
vn -0.8594 -0.3317 0.3891
vn -0.9733 0.0465 0.2247
vn -0.9812 0.0337 -0.1901
vn -0.9732 0.1569 0.1682
vn -0.0175 -0.3099 0.9506
vn 0.0037 -0.2920 0.9564
vn 0.9365 0.0771 -0.3421
vn 0.9920 -0.1078 0.0654
vn 0.9565 0.2525 0.1461
vn 0.8690 0.3625 0.3369
vn 0.0708 0.3712 0.9259
vn -0.3269 0.3215 0.8887
vn 0.0616 0.1754 0.9826
vn -0.9086 0.3663 -0.2005
vn -0.4978 0.8658 -0.0502
vn 0.0925 0.9927 -0.0772
vn -0.0643 0.9974 0.0331
vn -0.3641 0.9225 0.1280
vn -0.3618 0.9251 0.1153
vn 0.9099 0.3790 0.1688
vn 0.9333 0.1586 0.3222
vn -0.9626 0.2088 -0.1724
vn 0.1559 -0.5182 -0.8409
vn 0.2133 -0.4817 -0.8500
vn -0.9998 -0.0062 -0.0208
vn -0.8664 0.4752 -0.1537
vn -0.8282 0.4523 0.3308
vn 0.0032 0.0507 -0.9987
vn -0.9929 -0.0443 0.1101
vn 0.0273 -0.5145 0.8570
vn 0.9947 -0.0641 -0.0809
vn 0.9701 -0.2410 -0.0286
vn 0.9190 -0.3598 -0.1615
vn 0.9806 0.1345 -0.1426
vn 0.9963 0.0844 -0.0162
vn -0.8270 0.5354 -0.1716
vn -0.9060 0.3718 0.2025
vn -0.9949 0.0770 -0.0657
vn -0.9993 0.0357 -0.0108
vn 0.9954 0.0067 -0.0955
vn 0.9496 -0.2033 -0.2385
vn 0.0330 -0.9992 -0.0247
vn -0.1397 -0.9900 -0.0190
vn -0.9740 0.1987 -0.1090
vn -0.0188 -0.9794 0.2009
vn -0.9929 0.0892 -0.0787
vn -0.9677 0.1261 -0.2183
vn -0.9977 -0.0437 -0.0521
vn -0.9332 -0.3184 0.1668
vn -0.8956 -0.4253 -0.1305
vn -0.3683 -0.9282 -0.0518
vn -0.4875 -0.8013 -0.3469
vn 0.9612 -0.1952 -0.1948
vn 0.9733 -0.0946 0.2093
vn -0.1659 -0.7110 0.6833
vn 0.9521 0.3046 -0.0282
vn 0.2936 -0.8034 0.5180
vn -0.3817 -0.7233 0.5755
vn -0.3548 -0.7873 0.5043
vn 0.0840 -0.9190 0.3852
vn 0.8661 -0.0422 0.4981
vn -0.9193 -0.0241 0.3929
vn -0.8526 0.1606 -0.4972
vn -0.9987 -0.0005 0.0517
vn -0.8886 -0.0320 -0.4575
vn -0.9387 -0.0496 0.3411
vn -0.9947 -0.0904 0.0496
vn -0.8667 -0.4909 -0.0887
vn -0.9959 -0.0426 -0.0797
vn -0.7308 -0.5858 0.3502
vn 0.0305 0.9616 -0.2728
vn -0.0038 0.9987 -0.0499
vn 0.0647 -0.5922 -0.8032
vn 0.0944 0.1544 0.9835
vn -0.0931 0.1904 0.9773
vn 0.1240 0.3206 0.9390
vn 0.5031 0.4342 0.7473
vn -0.9774 0.1841 0.1041
vn -0.9754 -0.0826 0.2042
vn -0.9304 -0.0654 0.3606
vn 0.6646 -0.6808 0.3078
vn 0.6276 -0.0043 0.7786
vn -0.0602 -0.2453 0.9676
vn -0.9887 -0.1287 0.0766
vn -0.0391 -0.8795 0.4743
vn -0.1801 -0.9508 0.2519
vn 0.0361 -0.9991 -0.0217
vn 0.0691 -0.9973 -0.0234
vn -0.8701 -0.3326 -0.3638
vn -0.8274 -0.2613 0.4971
vn -0.0148 -0.9996 -0.0223
vn 0.5639 0.7610 0.3209
vn 0.9776 0.2096 0.0176
vn 0.4640 0.1691 0.8696
vn -0.9810 -0.0117 -0.1937
vn -0.9570 0.1349 -0.2566
vn -0.9755 -0.0646 -0.2105
vn 0.7546 -0.6342 -0.1683
vn 0.9662 0.1576 -0.2041
vn 0.7291 -0.6835 0.0350
vn 0.9972 0.0607 0.0443
vn 0.6604 0.7319 0.1678
vn 0.8497 0.5272 -0.0106
vn 0.6268 0.6005 -0.4964
vn -0.0089 0.8370 -0.5472
vn -0.2610 -0.8199 -0.5095
vn -0.0679 0.3371 -0.9390
vn 0.9557 -0.0155 -0.2940
vn 0.0660 0.8561 -0.5125
vn -0.1412 0.9664 -0.2146
vn 0.5683 0.8228 0.0032
vn 0.2738 0.9329 -0.2339
vn -0.1451 0.9882 0.0491
vn -0.2240 0.9745 -0.0136
vn 0.2007 0.9710 0.1302
vn -0.1295 0.9899 0.0574
vn 0.0260 0.9921 -0.1229
vn 0.1543 0.9213 -0.3568
vn 0.0538 0.9643 -0.2591
vn 0.1795 0.9099 -0.3739
vn 0.0858 0.9354 -0.3431
vn 0.0598 0.9659 -0.2520
vn 0.1731 0.9543 -0.2435
vn 0.1157 0.9497 -0.2909
vn 0.0000 0.9476 -0.3195
vn 0.1090 0.9496 -0.2938
vn 0.0118 0.9506 -0.3102
vn 0.0009 0.9514 -0.3079
vn -0.0247 0.9555 -0.2940
vn 0.0154 0.9503 -0.3110
vn -0.9555 -0.2940 0.0228
vn -0.6644 0.7467 0.0331
vn 0.9415 0.3218 0.1003
vn -0.4401 0.2010 -0.8752
vn -0.7708 0.0228 -0.6366
vn -0.9981 0.0113 -0.0603
vn -0.9951 0.0987 0.0087
vn -0.1673 -0.1188 -0.9787
vn -0.0743 0.3138 -0.9466
vn 0.9637 -0.1481 -0.2223
vn -0.9731 0.1575 0.1681
vn -0.2057 0.9786 -0.0065
vn 0.0456 -0.9988 -0.0182
vn 0.2856 -0.9445 -0.1620
vn 0.2480 -0.9535 0.1715
vn 0.0028 -0.9867 -0.1625
vn -0.1918 -0.9814 0.0067
vn -0.5294 -0.8461 -0.0622
vn -0.9999 0.0064 0.0125
vn 0.2271 0.9563 -0.1842
vn 0.5777 0.7599 0.2980
vn 0.8760 0.4627 -0.1362
vn 0.9489 0.1251 0.2899
vn -0.0000 -0.9502 0.3116
vn -0.0001 -0.9504 0.3112
vn -0.0002 -0.9504 0.3110
vn 0.0003 -0.9500 0.3122
vn 0.0004 -0.9501 0.3120
vn 0.0002 -0.9501 0.3120
vn 0.4212 -0.8800 0.2197
vn 0.0847 -0.9871 0.1360
vn 0.2847 -0.9546 -0.0879
vn 0.0703 -0.9970 -0.0332
vn -0.1019 -0.4232 0.9003
vn -0.0849 -0.4684 0.8794
vn -0.0810 0.9946 0.0651
vn -0.9842 0.1430 -0.1043
vn 0.8625 -0.5056 0.0233
vn 0.7895 -0.4649 -0.4008
vn 0.9683 -0.1223 -0.2178
vn 0.4121 -0.7925 -0.4495
vn -0.7996 -0.5266 -0.2888
vn -0.9889 -0.1129 -0.0970
vn -0.3387 -0.3875 -0.8574
vn -0.6396 0.3399 -0.6895
vn 0.9964 0.0835 0.0176
vn 0.4753 0.4913 -0.7299
vn -0.8819 -0.4365 -0.1783
vn 0.2468 -0.2270 -0.9421
vn 0.2567 -0.9619 0.0935
vn 0.1932 0.9795 0.0570
vn -0.4874 0.8544 -0.1798
vn -0.9993 -0.0242 0.0271
vn -0.5500 -0.2169 -0.8065
vn -0.2059 -0.2185 -0.9539
vn -0.0835 -0.1921 -0.9778
vn -0.0375 -0.1684 -0.9850
vn -0.9957 0.0744 -0.0545
vn -0.9958 0.0438 -0.0810
vn -0.9865 -0.0084 -0.1635
vn -0.8938 -0.1159 -0.4333
vn -0.9989 -0.0367 -0.0296
vn -0.9851 0.0420 -0.1671
vn -0.9332 0.2463 -0.2618
vn -0.9262 -0.0133 -0.3768
vn -0.9724 0.1000 -0.2108
vn 0.7259 -0.4672 -0.5048
vn 0.8250 -0.4933 -0.2758
vn 0.9436 -0.2115 -0.2547
vn 0.8681 -0.4670 -0.1683
vn 0.9195 -0.3849 -0.0794
vn 0.7871 -0.5179 -0.3349
vn 0.9908 0.0888 -0.1022
vn 0.0165 -0.1871 -0.9822
vn 0.1585 -0.3285 -0.9311
vn 0.3782 -0.3173 -0.8697
vn 0.8088 0.2574 -0.5288
vn 0.9773 0.0102 -0.2116
vn 0.8083 0.0107 -0.5887
vn -0.3073 0.4145 0.8566
vn -0.3576 0.4165 0.8359
vn -0.2899 0.3347 0.8966
vn -0.4623 0.5950 0.6574
vn -0.7342 0.1088 0.6701
vn -0.4680 0.5413 0.6985
vn 0.3676 0.4109 0.8342
vn -0.9909 0.1342 0.0135
vn 0.8630 0.2786 0.4214
vn 0.5384 0.4197 0.7308
vn 0.9863 0.0321 -0.1619
vn -0.9356 0.0855 0.3425
vn -0.9653 -0.2559 -0.0522
vn 0.1983 0.3131 0.9288
vn 0.2063 0.3039 0.9301
vn -0.0453 0.1905 0.9806
vn 0.9892 -0.0832 0.1208
vn 0.9374 0.3284 0.1158
vn 0.9974 0.0048 -0.0722
vn 0.9751 0.1267 0.1823
vn 0.9323 0.3526 0.0804
vn 0.8536 0.4841 -0.1922
vn 0.3283 -0.2400 -0.9136
vn 0.9293 -0.2550 -0.2671
vn 0.9859 -0.1176 -0.1190
vn 0.9124 0.1048 -0.3956
vn 0.9232 0.2660 -0.2774
vn -0.6839 -0.7266 0.0654
vn -0.9963 -0.0808 0.0302
vn -0.9300 -0.3149 -0.1896
vn -0.9951 -0.0638 0.0759
vn 0.4017 -0.9121 -0.0815
vn -0.5322 -0.7967 0.2863
vn -0.9989 0.0433 -0.0160
vn 0.2972 -0.1155 -0.9478
vn 0.3202 -0.1262 -0.9389
vn -0.1095 -0.4343 -0.8941
vn 0.7656 0.3926 -0.5097
vn -0.0280 -0.1454 -0.9890
vn 0.2437 0.2322 -0.9416
vn 0.8119 -0.1173 -0.5719
vn -0.9778 0.1161 0.1744
vn 0.0112 -0.2910 -0.9567
vn 0.8632 -0.3132 -0.3959
vn 0.9907 0.1040 -0.0876
vn -0.0176 0.0608 -0.9980
vn -0.7420 -0.6694 0.0350
vn -0.1029 -0.1048 -0.9892
vn -0.0076 0.0599 -0.9982
vn 0.0741 -0.1184 -0.9902
vn -0.0183 -0.3268 -0.9449
vn -0.9683 0.1836 -0.1697
vn -0.9452 -0.3238 0.0422
vn -0.5168 -0.1185 0.8479
vn 0.2712 -0.6839 0.6773
vn -0.5211 -0.1313 0.8433
vn -0.5412 -0.2996 0.7857
vn 0.3770 0.2659 0.8872
vn 0.5294 0.4580 0.7141
vn 0.3153 -0.1686 0.9339
vn 0.4635 0.1681 0.8700
vn 0.8842 -0.2274 -0.4080
vn -0.8494 0.2347 -0.4727
vn -0.7150 0.0885 -0.6936
vn -0.8590 -0.4395 -0.2627
vn -0.7848 -0.2577 -0.5636
vn 0.2121 -0.8587 -0.4665
vn 0.1970 0.8679 0.4560
vn 0.2071 0.8710 0.4456
vn -0.2151 0.9743 -0.0670
vn 0.3020 0.9146 -0.2689
vn -0.3201 -0.9015 0.2911
vn -0.1947 -0.9724 -0.1284
vn 0.6041 -0.5362 0.5895
vn -0.0582 -0.9904 -0.1258
vn -0.0430 -0.9954 -0.0856
vn 0.2186 -0.8852 -0.4107
vn -0.0588 -0.9816 -0.1818
vn -0.5264 0.5827 0.6192
vn -0.4755 0.7678 0.4294
vn -0.0051 0.4191 0.9079
vn 0.1203 0.6633 0.7386
vn -0.0202 0.9303 0.3662
vn 0.8604 0.4970 0.1124
vn -0.0280 -0.6082 0.7933
vn -0.4312 -0.8337 0.3450
vn -0.3623 -0.8977 0.2508
vn 0.6401 -0.7001 0.3165
vn -0.9611 0.2754 0.0202
vn -0.0152 -0.1675 -0.9858
vn -0.9956 -0.0741 -0.0577
vn 0.0141 -0.1877 -0.9821
vn -0.0142 -0.9542 -0.2988
vn -0.2501 0.4011 0.8812
vn -0.0156 -0.8967 -0.4423
vn 0.0008 0.9933 0.1156
vn 0.0151 0.9722 0.2338
vn 0.9949 0.1004 -0.0058
vn 1.0000 -0.0015 0.0013
vn 0.9997 0.0217 0.0097
vn -0.0423 0.9990 0.0157
vn 0.0261 0.1227 0.9921
vn 0.0340 0.1350 0.9903
vn -0.9782 0.0541 0.2006
vn -0.9766 0.0189 -0.2142
vn -0.9988 0.0448 0.0208
vn -0.9669 0.1067 0.2318
vn 0.0624 -0.0754 0.9952
vn 0.9013 -0.2465 0.3562
vn 0.9072 -0.3283 0.2632
vn 0.9217 -0.3643 0.1334
vn 0.9458 -0.3246 0.0112
vn 0.9600 -0.2006 -0.1951
vn 0.9413 -0.3018 0.1513
vn 0.9009 0.4248 0.0889
vn -0.9015 0.3899 -0.1876
vn -0.0849 0.1264 0.9883
vn 0.0418 0.1444 0.9886
vn -0.9928 0.1080 -0.0522
vn -0.8822 -0.2459 0.4016
vn -0.9929 0.0707 0.0960
vn 0.1168 0.9932 -0.0003
vn -0.0560 0.9978 0.0358
vn -0.9568 0.2821 0.0698
vn 0.0528 0.3005 -0.9523
vn -0.5885 -0.7966 0.1384
vn -0.9953 -0.0968 -0.0019
vn -0.9955 -0.0916 0.0226
vn -0.8546 -0.2897 0.4309
vn -0.8866 0.4166 0.2011
vn -0.9964 -0.0692 -0.0490
vn -0.9968 0.0244 -0.0756
vn -0.9967 -0.0659 -0.0479
vn 0.0519 0.0131 -0.9986
vn -0.8520 0.3711 0.3693
vn -0.9958 -0.0908 -0.0143
vn -1.0000 -0.0083 -0.0021
vn -0.2553 0.0164 -0.9667
vn -0.9152 -0.2511 0.3154
vn -0.9942 0.0631 0.0872
vn -0.0628 -0.8713 0.4867
vn 0.9821 -0.1731 -0.0745
vn 0.9914 0.1292 -0.0216
vn 0.0143 0.9971 0.0749
vn -0.8033 0.4109 -0.4312
vn -0.9966 0.0698 -0.0435
vn -0.9106 -0.4132 0.0049
vn -0.8935 0.3856 -0.2301
vn -0.9877 0.0052 -0.1560
vn -0.9496 -0.2352 -0.2072
vn -0.9622 0.2465 -0.1158
vn -0.9943 0.0960 -0.0454
vn 0.8518 -0.0401 -0.5223
vn -0.9988 0.0412 -0.0254
vn 0.9759 -0.2093 -0.0609
vn 0.9509 0.1519 -0.2698
vn 0.9703 -0.2293 0.0768
vn 0.9891 -0.0065 -0.1472
vn -0.1892 -0.9763 -0.1054
vn 0.1161 -0.9806 -0.1582
vn -0.8875 0.3913 0.2435
vn -0.9239 -0.3140 -0.2189
vn -0.9436 0.1901 -0.2710
vn -0.9854 0.1612 -0.0556
vn -0.6743 0.6834 -0.2797
vn -0.3240 0.9422 -0.0854
vn -0.9558 -0.2395 0.1703
vn -0.9754 0.0063 0.2201
vn -0.8937 -0.4292 -0.1310
vn -0.1364 -0.9294 -0.3429
vn -0.6762 -0.7278 -0.1145
vn 0.9933 -0.0493 -0.1045
vn 0.9615 -0.1929 -0.1958
vn 0.9810 -0.1452 0.1287
vn 0.9934 0.0875 -0.0747
vn 0.9932 0.0869 -0.0780
vn 0.9995 -0.0301 -0.0119
vn -0.8911 -0.0258 -0.4530
vn -0.8800 -0.2576 0.3991
vn -0.9911 -0.1326 0.0082
vn -0.9100 -0.2635 0.3201
vn 0.2082 -0.9087 0.3619
vn 0.3849 -0.8815 0.2736
vn 0.1391 -0.9403 0.3107
vn 0.0353 -0.6287 0.7769
vn 0.1116 0.3990 0.9102
vn -0.0895 0.3851 0.9185
vn -0.3592 -0.1898 0.9138
vn -0.0002 -0.0255 0.9997
vn -0.3520 0.0661 0.9337
vn 0.8186 0.1501 0.5544
vn 0.8844 -0.0336 0.4656
vn 0.1536 0.3574 0.9212
vn 0.2250 0.3032 0.9260
vn 0.4080 0.1996 0.8909
vn 0.6378 0.0818 0.7659
vn 0.8108 -0.0031 0.5853
vn -0.9889 0.1442 0.0361
vn 0.8970 -0.1652 0.4100
vn 0.8763 0.2982 0.3783
vn 0.9486 -0.0199 0.3158
vn -0.9452 0.2154 0.2453
vn -0.8709 0.2847 0.4006
vn -0.6728 0.3941 0.6261
vn -0.4078 0.4761 0.7791
vn -0.1952 0.5175 0.8331
vn -0.1221 0.5327 0.8375
vn -0.0599 0.5534 0.8308
vn -0.5360 0.1797 0.8249
vn 0.1069 -0.9552 0.2760
vn 0.9675 0.0909 0.2359
vn 0.1596 -0.6709 0.7242
vn -0.2073 -0.5420 0.8144
vn -0.4167 -0.7013 0.5784
vn -0.3762 -0.5077 0.7751
vn 0.4584 -0.4803 0.7478
vn 0.9140 -0.1900 0.3584
vn 0.5752 -0.3678 0.7306
vn 0.9985 -0.0531 -0.0118
vn -0.9823 -0.1301 0.1347
vn -0.1641 -0.1244 0.9786
vn -0.3319 -0.2431 0.9114
vn -0.2165 -0.9127 0.3465
vn 0.8788 -0.4766 -0.0238
vn 0.2946 -0.9321 0.2105
vn 0.0733 -0.7744 0.6285
vn -0.0702 -0.8720 0.4845
vn -0.1482 -0.9353 -0.3214
vn 0.2585 -0.9579 -0.1250
vn 0.0752 -0.9273 0.3667
vn -0.0820 -0.8366 0.5417
vn -0.2461 -0.8455 0.4738
vn -0.1075 -0.9777 0.1806
vn 0.0294 -0.8631 0.5042
vn 0.3729 -0.9160 -0.1480
vn 0.0670 -0.8903 0.4504
vn 0.2501 -0.8100 0.5304
vn 0.3374 -0.7187 0.6079
vn 0.1631 -0.7896 0.5915
vn 0.1066 -0.6971 0.7090
vn 0.0182 -0.8865 0.4623
vn 0.9544 -0.0497 0.2944
vn 0.0655 -0.9766 -0.2048
vn 0.0976 -0.9938 -0.0539
vn 0.0051 -0.9796 -0.2011
vn 0.9049 -0.0908 -0.4157
vn 0.9360 0.0207 -0.3514
vn 0.7007 -0.0592 0.7110
vn 0.9569 0.2609 -0.1273
vn 0.8720 -0.0425 -0.4876
vn 0.5896 0.3975 0.7031
vn 0.9582 0.1916 0.2126
vn 0.9988 -0.0111 -0.0483
vn 0.8421 0.4836 0.2389
vn 0.9827 -0.1832 0.0266
vn 0.9617 -0.2734 0.0205
vn -0.5605 0.6539 -0.5083
vn -0.9484 0.0904 -0.3040
vn -0.9810 -0.0228 -0.1926
vn -0.9508 0.2914 -0.1055
vn -0.9206 0.2194 -0.3230
vn 0.8111 -0.5848 0.0095
vn 0.8017 -0.5977 0.0006
vn 0.9741 0.2238 0.0313
vn 0.9677 -0.2438 0.0638
vn 0.8668 -0.3824 0.3200
vn 0.9499 -0.2992 0.0901
vn 0.6397 -0.6979 -0.3219
vn 0.6383 -0.7354 -0.2276
vn 0.4113 -0.9114 0.0118
vn 0.9992 0.0401 -0.0094
vn 0.9423 0.3348 -0.0091
vn 0.9654 0.1944 0.1737
vn 0.3108 0.9493 0.0471
vn 0.2129 0.9477 -0.2378
vn 0.9007 0.3872 -0.1968
vn 0.0217 0.7753 -0.6312
vn -0.1688 -0.8695 -0.4642
vn 0.0561 0.2134 -0.9753
vn 0.8735 0.2841 -0.3952
vn 0.1078 0.9262 -0.3612
vn 0.1396 0.9329 -0.3320
vn 0.5729 0.8196 0.0072
vn -0.1966 0.9804 0.0103
vn -0.1816 0.7857 -0.5914
vn 0.2372 0.9713 0.0147
vn 0.3128 0.9440 0.1052
vn -0.1597 0.9827 -0.0940
vn 0.2352 0.9215 -0.3092
vn 0.0810 0.9476 -0.3091
vn -0.0026 0.9762 -0.2168
vn 0.0747 0.9505 -0.3016
vn 0.1524 0.9234 -0.3523
vn 0.0736 0.9471 -0.3123
vn 0.1623 0.8995 -0.4057
vn 0.0597 0.9669 -0.2479
vn 0.0132 0.9363 -0.3509
vn 0.1248 0.9552 -0.2683
vn 0.1134 0.9534 -0.2794
vn 0.1864 0.9506 -0.2483
vn 0.0001 0.9515 -0.3078
vn 0.0318 0.9484 -0.3155
vn -0.0244 0.9491 -0.3141
vn 0.0004 0.9515 -0.3078
vn 0.0042 0.9512 -0.3085
vn 0.0175 0.9500 -0.3116
vn 0.9817 0.1898 -0.0128
vn -0.9280 -0.2885 -0.2358
vn 0.0968 0.9953 -0.0020
vn 0.2605 0.9654 0.0155
vn 0.9817 0.1905 -0.0002
vn -0.9665 0.2273 -0.1194
vn -0.9743 0.2024 0.0992
vn 0.9989 0.0372 0.0280
vn 0.9990 -0.0165 0.0414
vn -0.3158 -0.0174 -0.9487
vn -0.2733 -0.0066 -0.9619
vn -0.9656 -0.2329 -0.1155
vn 0.9930 -0.0574 -0.1032
vn 0.9948 -0.0802 -0.0620
vn -0.0835 0.0190 -0.9963
vn -0.3982 0.9106 0.1108
vn -0.6506 0.7567 0.0635
vn 0.7309 0.5251 0.4359
vn -0.4659 0.8848 0.0061
vn -0.9945 0.0025 -0.1050
vn 0.3105 -0.9413 0.1324
vn 0.9978 0.0346 0.0567
vn -0.2672 -0.9576 0.1073
vn 0.0993 0.9663 -0.2374
vn -0.9829 -0.0810 0.1656
vn -0.0001 -0.9501 0.3120
vn 0.0196 0.9575 0.2877
vn 0.6479 0.7413 -0.1754
vn 0.9460 0.1383 0.2932
vn 0.9505 -0.0230 -0.3100
vn 0.0280 -0.9490 0.3141
vn -0.2531 -0.9134 0.3188
vn -0.1621 -0.9079 0.3866
vn 0.8285 -0.5567 0.0602
vn -0.8841 0.4672 0.0126
vn -0.9133 0.3782 0.1509
vn 0.1296 -0.9915 -0.0058
vn 0.2803 -0.9556 -0.0905
vn 0.9996 -0.0229 0.0168
vn 0.3416 -0.1703 -0.9243
vn -0.3676 -0.4292 -0.8250
vn -0.1386 0.8543 -0.5010
vn 0.5020 0.7592 -0.4142
vn 0.1706 0.7597 -0.6275
vn -0.9558 0.1845 -0.2287
vn -0.0418 0.4785 -0.8771
vn -0.1449 -0.9890 0.0308
vn -0.8641 -0.4762 -0.1633
vn -0.9715 0.0217 -0.2361
vn -0.2694 -0.0097 -0.9630
vn -0.0509 -0.2542 -0.9658
vn 0.9689 0.2320 -0.0861
vn -0.2794 0.9598 -0.0280
vn -0.9067 0.4203 0.0347
vn -0.9828 0.1050 0.1517
vn -0.9696 0.1335 0.2051
vn -0.0785 -0.1420 -0.9867
vn -0.0175 -0.8025 -0.5963
vn -0.3648 -0.2582 -0.8946
vn 0.9966 0.0352 0.0749
vn 0.7597 0.5608 -0.3292
vn 0.9876 0.1253 0.0942
vn 0.5228 -0.3440 -0.7800
vn 0.6429 -0.2762 -0.7144
vn -0.0097 0.6799 0.7332
vn 0.8828 -0.4571 0.1083
vn 0.0699 -0.1998 -0.9773
vn -0.2766 0.2895 0.9164
vn -0.2179 0.2869 0.9329
vn -0.7545 0.4233 0.5015
vn -0.3848 0.6960 0.6062
vn -0.2237 0.0042 0.9747
vn -0.3307 0.4386 0.8356
vn -0.9814 0.0334 0.1893
vn -0.9871 0.0208 -0.1589
vn -0.9910 -0.1338 0.0095
vn 0.8635 0.2684 0.4269
vn -0.9694 0.2276 0.0920
vn 0.5062 0.5517 0.6629
vn 0.5002 0.4505 0.7395
vn 0.7982 -0.0497 -0.6003
vn -0.9332 0.3465 0.0950
vn -0.9556 -0.2267 -0.1882
vn -0.9495 0.1046 -0.2958
vn 0.0051 -0.1921 -0.9814
vn -0.8682 -0.2681 0.4175
vn -0.0638 0.5481 0.8340
vn 0.3110 0.2267 0.9230
vn 0.0340 0.7996 0.5996
vn 0.1823 0.1462 0.9723
vn -0.0368 0.6597 0.7506
vn -0.0385 0.6511 0.7581
vn 0.9427 0.3007 0.1445
vn 0.9499 0.2828 0.1333
vn 0.9792 -0.1336 0.1527
vn 0.9083 -0.4063 0.0996
vn -0.0171 -0.3162 -0.9485
vn 0.7909 0.4954 -0.3592
vn 0.0378 -0.9839 -0.1749
vn 0.9368 0.3024 0.1760
vn 0.9348 -0.2224 -0.2771
vn 0.9251 0.1238 -0.3590
vn 0.9992 0.0225 -0.0320
vn 0.9105 -0.3449 0.2280
vn 0.8954 -0.4412 -0.0606
vn 0.9096 -0.3696 0.1896
vn 0.1412 -0.9352 0.3248
vn -0.0048 -0.9653 0.2611
vn 0.5561 -0.7872 0.2668
vn -0.7413 -0.6434 0.1911
vn -0.9881 0.1521 0.0225
vn -0.9589 -0.0752 -0.2737
vn -0.9803 -0.0360 -0.1944
vn -0.7117 -0.6528 0.2596
vn -0.9582 -0.1693 -0.2305
vn -0.9987 0.0503 -0.0111
vn -0.9952 0.0973 0.0080
vn -0.9354 0.3420 0.0898
vn -0.9377 0.1921 -0.2894
vn -0.9501 -0.2633 0.1675
vn 0.9942 0.0994 -0.0417
vn -0.9771 -0.1247 -0.1726
vn 0.9463 0.3131 -0.0805
vn -0.3765 -0.1810 -0.9085
vn -0.9866 -0.1533 0.0550
vn -0.9736 -0.1900 -0.1264
vn -0.9368 -0.0984 -0.3359
vn 0.7519 0.5705 -0.3303
vn -0.0348 -0.1508 -0.9879
vn 0.0003 -0.2883 -0.9575
vn 0.0085 -0.2651 -0.9642
vn -0.0459 -0.1286 -0.9906
vn 0.9948 0.0867 0.0531
vn 0.9340 -0.3231 -0.1525
vn 0.9707 -0.1753 0.1640
vn 0.9085 0.1638 -0.3844
vn 0.9319 0.2105 0.2955
vn -0.9440 -0.0426 0.3273
vn 0.1078 -0.0031 -0.9942
vn 0.5013 -0.0267 -0.8648
vn 0.9190 -0.1515 -0.3639
vn -0.9392 0.3204 -0.1232
vn -0.0222 -0.0961 -0.9951
vn -0.9489 -0.3105 0.0567
vn 0.2990 0.0125 -0.9542
vn -0.1554 0.9736 0.1670
vn 0.3363 0.2449 0.9094
vn 0.4141 -0.0751 0.9071
vn -0.5123 -0.1198 0.8504
vn -0.0954 -0.1535 0.9835
vn -0.4728 -0.1771 0.8632
vn -0.0637 -0.1141 0.9914
vn -0.2441 0.4701 0.8482
vn -0.4910 0.2693 0.8285
vn 0.1936 0.0288 0.9807
vn 0.5981 -0.5625 -0.5709
vn 0.5330 0.0889 -0.8415
vn 0.6029 0.6151 -0.5081
vn 0.3724 0.5674 -0.7344
vn -0.3628 0.7559 -0.5450
vn -0.6777 0.4181 -0.6049
vn -0.7461 0.4221 -0.5148
vn -0.6206 -0.4528 -0.6402
vn 0.5129 -0.5435 -0.6645
vn -0.4894 0.8442 0.2187
vn -0.1005 0.9776 0.1852
vn -0.4609 0.8262 -0.3240
vn 0.2083 0.9304 -0.3017
vn 0.4758 -0.8288 0.2945
vn -0.3828 -0.8622 0.3318
vn -0.0351 -0.9949 -0.0941
vn 0.5472 0.8171 0.1813
vn 0.8227 -0.5509 0.1406
vn -0.5509 -0.8227 0.1406
vn -0.7742 0.6327 -0.0145
vn -0.2245 0.9605 0.1646
vn 0.2843 0.8712 -0.4003
vn 0.5409 0.8078 -0.2341
vn 0.8170 0.4150 -0.4003
vn 0.9537 0.1887 -0.2341
vn 0.8712 -0.2843 -0.4003
vn 0.8078 -0.5409 -0.2341
vn 0.4150 -0.8170 -0.4003
vn 0.1887 -0.9537 -0.2341
vn -0.2843 -0.8712 -0.4003
vn -0.5409 -0.8078 -0.2341
vn -0.8170 -0.4150 -0.4003
vn -0.9537 -0.1887 -0.2341
vn -0.8712 0.2843 -0.4003
vn -0.8126 0.5301 -0.2423
vn -0.3678 0.7243 -0.5832
vn -0.1497 0.9564 -0.2508
vn 0.3228 0.9007 0.2907
vn 0.2198 -0.9147 0.3391
vn -0.9140 -0.3075 0.2647
vn -0.4014 0.4014 0.8233
vn 0.1262 0.4037 0.9061
vn 0.3475 0.8285 -0.4391
vn -0.4042 -0.1725 0.8983
vn 0.1262 -0.4668 0.8753
vn 0.4456 0.0761 0.8920
vn -0.9079 0.3338 0.2536
vn -0.3067 0.9494 0.0677
vn 0.8946 -0.2920 -0.3382
vn -0.0477 -0.0951 -0.9943
vn -0.0987 -0.0328 -0.9946
vn -0.1242 0.0623 -0.9903
vn -0.0874 0.2633 -0.9608
vn 0.9408 0.1671 0.2950
vn 0.0299 -0.1337 -0.9906
vn -0.8417 0.3312 -0.4265
vn -0.3312 -0.8417 -0.4265
vn 0.3946 -0.7910 -0.4674
vn 0.8377 0.2687 -0.4755
vn -0.3610 0.8294 -0.4265
vn -0.8294 -0.3610 -0.4265
vn 0.0254 0.9997 -0.0059
vn 0.9606 0.0662 0.2698
vn -0.9995 -0.0130 -0.0271
vn -0.0061 0.2553 0.9668
vn -0.0360 -0.9972 -0.0659
vn -0.9741 0.0176 0.2252
vn -0.9270 0.3615 -0.1004
vn 0.9293 0.3537 -0.1064
vn -0.0125 -0.6719 -0.7405
vn 0.9995 0.0142 0.0282
vn 0.0330 0.7022 0.7112
vn 0.2132 0.9752 0.0599
vn 0.9677 0.1865 0.1698
vn 0.9567 -0.1490 0.2500
vn 0.2665 0.9632 0.0342
vn 0.2808 -0.9572 0.0696
vn 0.7657 -0.1332 0.6293
vn 0.6475 0.4764 0.5948
vn 0.3772 0.8082 0.4522
vn 0.1219 -0.9675 0.2215
vn -0.1732 0.1156 0.9781
vn -0.1225 0.7287 0.6738
vn -0.6266 0.4213 0.6556
vn -0.1762 0.9779 0.1124
vn -0.3941 -0.8931 0.2170
vn -0.2654 -0.9578 0.1105
vn -0.5612 0.8105 0.1679
vn -0.9113 -0.1953 0.3626
vn 0.9129 -0.1834 0.3647
vn 0.2711 -0.9336 0.2344
vn 0.7858 0.6159 0.0557
vn 0.4066 0.8821 0.2379
vn 0.8247 0.5325 0.1908
vn 0.7616 -0.6175 0.1966
vn 0.1959 -0.5858 0.7864
vn 0.5482 -0.5082 0.6643
vn 0.5515 0.2413 0.7986
vn 0.3045 0.1666 0.9378
vn -0.2317 -0.5525 0.8006
vn -0.2351 0.5872 0.7745
vn -0.3647 -0.1805 0.9135
vn -0.9277 -0.1938 0.3191
vn -0.3048 0.9140 0.2677
vn -0.7204 -0.0184 0.6933
vn -0.7966 0.5474 0.2565
vn -0.7933 -0.5664 0.2235
vn -0.9668 0.1942 0.1663
vn 0.9481 0.1622 -0.2736
vn -0.8210 -0.5677 -0.0615
vn 0.0189 -0.0143 -0.9997
vn 0.7994 -0.5928 -0.0980
vn 0.2337 0.9676 -0.0952
vn -0.5514 0.7980 -0.2432
vn -0.9608 0.2086 -0.1825
vn -0.1627 0.9115 0.3778
vn -0.7768 0.5356 0.3312
vn -0.2689 -0.9631 -0.0072
vn 0.5748 -0.8171 0.0441
vn 0.1099 -0.9354 0.3361
vn 0.5042 0.2174 -0.8358
vn 0.8848 0.4653 -0.0261
vn -0.4824 -0.3311 -0.8110
vn -0.6290 -0.2906 0.7210
vn -0.5516 -0.2938 0.7806
vn 0.5530 -0.7905 -0.2632
vn 0.4816 -0.8507 0.2105
vn -0.5135 0.8252 0.2353
vn -0.5127 0.8567 -0.0571
vn 0.3404 0.1113 0.9336
vn 0.5568 0.4033 0.7261
vn 0.6647 0.4678 -0.5825
vn -0.8186 -0.5416 -0.1912
vn -0.6526 -0.3437 -0.6752
vn -0.3982 -0.9155 -0.0573
vn 0.2660 -0.1698 -0.9489
vn -0.9200 0.3669 -0.1376
vn 0.5380 0.7197 0.4389
vn -0.3033 -0.9508 0.0625
vn 0.2571 0.8599 -0.4410
vn 0.6111 0.7913 0.0169
vn 0.0271 -0.1133 0.9932
vn 0.4721 -0.1176 0.8737
vn 0.8840 -0.4673 -0.0122
vn 0.8631 -0.3382 -0.3752
vn 0.1319 -0.0383 -0.9905
vn -0.6999 0.3970 0.5938
vn -0.8480 0.4151 -0.3294
vn -0.0260 -0.9996 -0.0085
vn 0.0001 0.9997 0.0238
vn 0.1230 -0.1111 -0.9862
vn -0.0157 -0.9997 -0.0194
vn 0.9767 0.1985 -0.0818
vn 0.9478 0.0758 0.3097
vn 0.0875 0.0032 0.9962
vn -0.9648 0.0613 0.2557
vn -0.9582 0.2210 -0.1815
vn -0.6111 -0.6712 0.4196
vn 0.4999 0.1901 0.8449
vn 0.0178 -0.6259 -0.7797
vn 0.9235 0.3412 -0.1756
vn -0.9925 -0.0150 0.1212
vn 0.1412 0.8654 0.4807
vn -0.7680 -0.2368 0.5950
vn 0.5486 0.2560 0.7959
vn -0.3311 -0.8335 -0.4422
vn 0.9673 -0.1536 -0.2018
vn -0.8164 0.3685 -0.4447
vn 0.6195 0.7508 -0.2293
vn -0.5564 -0.2591 -0.7895
vn 0.7622 0.2344 -0.6034
vn -0.8742 0.4531 0.1745
vn 0.4922 0.8394 0.2307
vn -0.4508 -0.8924 -0.0220
vn 0.8983 -0.4335 0.0722
vn -0.4162 -0.6988 -0.5818
vn 0.9291 -0.2766 -0.2456
vn -0.9220 0.3813 0.0667
vn 0.4040 0.8708 0.2802
vn -0.3085 -0.9426 -0.1279
vn 0.9496 -0.3121 0.0297
vn -0.8260 0.5598 -0.0661
vn 0.5757 0.8171 0.0298
vn -0.7728 -0.1291 0.6214
vn 0.7302 -0.0117 0.6831
vn -0.4134 -0.8671 -0.2780
vn 0.9185 -0.3887 -0.0723
vn -0.1128 -0.5042 -0.8562
vn -0.1378 -0.6514 0.7461
vn 0.8864 0.1060 -0.4506
vn 0.3993 -0.0815 0.9132
vn 0.0292 0.7980 -0.6019
vn -0.0064 0.4387 0.8986
vn -0.1019 0.0404 -0.9940
vn -0.1797 -0.9799 0.0864
vn 0.9068 0.2392 -0.3471
vn 0.3845 -0.6816 0.6225
vn 0.0045 0.9995 -0.0316
vn -0.0780 -0.1089 0.9910
vn 0.4824 -0.8752 -0.0349
vn -0.8770 -0.4804 -0.0056
vn 0.7903 0.3171 0.5243
vn -0.7053 0.3141 0.6355
vn 0.8086 0.4884 -0.3280
vn -0.6168 0.6426 -0.4545
vn 0.4272 -0.7407 0.5185
vn -0.9179 -0.3302 0.2200
vn 0.7833 0.4277 0.4511
vn -0.5429 0.8327 0.1092
vn 0.8036 -0.1135 -0.5843
vn -0.5452 0.3125 -0.7779
vn 0.7019 -0.2764 0.6565
vn -0.7853 -0.2924 0.5457
vn 0.7241 0.6812 0.1074
vn -0.6937 0.7122 0.1072
vn 0.7143 -0.3105 -0.6272
vn -0.7820 -0.3169 -0.5368
vn 0.4961 -0.8682 0.0093
vn -0.8700 -0.4930 -0.0095
vn 0.7619 0.3984 0.5107
vn -0.6927 0.4090 0.5941
vn 0.7884 0.2970 -0.5387
vn -0.6996 0.2771 -0.6586
vn -0.1546 -0.2574 0.9539
vn -0.3311 -0.8001 -0.5002
vn 0.0018 0.9747 0.2233
vn -0.0030 0.2232 -0.9748
vn 0.4353 0.7654 0.4739
vn 0.2157 0.2151 -0.9525
vn -0.2071 -0.2232 0.9525
vn -0.4413 -0.7489 -0.4944
vn 0.0079 0.9769 0.2137
vn -0.0151 0.2137 -0.9768
vn 0.5813 0.6398 0.5028
vn 0.2864 0.1499 -0.9463
vn -0.0926 -0.6587 -0.7467
vn -0.0775 0.8935 -0.4424
vn -0.9109 -0.3986 -0.1072
vn -0.4048 0.9113 0.0754
vn 0.3898 -0.8681 0.3073
vn 0.4423 0.7082 0.5503
vn 0.8668 -0.4986 -0.0068
vn 0.4760 0.8795 -0.0010
vn -0.2520 -0.7208 -0.6458
vn -0.2724 0.7168 -0.6418
vn -0.5070 -0.8327 0.2226
vn -0.7048 0.6390 0.3080
vn 0.8885 -0.4565 0.0468
vn -0.4222 -0.7446 0.5170
vn 0.5659 0.8237 -0.0346
vn -0.7068 0.4175 0.5711
vn 0.4326 0.4054 -0.8053
vn -0.8874 -0.0020 -0.4611
vn 0.7452 -0.6647 0.0534
vn -0.6371 -0.6622 0.3945
vn 0.8100 0.0099 0.5863
vn -0.5946 0.0705 0.8010
vn 0.5683 0.1707 -0.8049
vn -0.8240 0.2456 -0.5106
vn 0.7886 -0.3942 -0.4720
vn -0.6358 -0.3206 -0.7021
vn 0.5996 0.0129 0.8002
vn -0.8109 0.0638 0.5817
vn 0.6825 0.7289 0.0530
vn -0.7212 0.6615 -0.2057
vn 0.6489 -0.4749 -0.5944
vn -0.7650 -0.3768 -0.5223
vn 0.7268 -0.5371 0.4282
vn -0.6759 -0.3107 0.6683
vn 0.7420 0.6597 0.1192
vn -0.6726 0.6776 0.2974
vn 0.5386 0.6599 -0.5239
vn 0.4949 0.2065 0.8441
vn -0.3705 0.7824 -0.5006
vn -0.3775 0.3272 0.8663
vn -0.1863 -0.3396 -0.9219
vn -0.2368 -0.8756 0.4210
vn 0.2151 -0.3407 -0.9152
vn 0.2582 -0.8717 0.4164
vn 0.1789 0.8492 -0.4968
vn 0.1849 0.4476 0.8749
vn -0.5043 -0.2066 -0.8385
vn -0.5300 -0.6625 0.5293
vn -0.7306 -0.5826 -0.3561
vn 0.6392 -0.3337 -0.6929
vn -0.7709 0.6286 -0.1030
vn 0.6072 0.5961 -0.5253
vn -0.5052 -0.2985 0.8097
vn 0.8691 -0.2370 0.4342
vn -0.7349 -0.6477 0.2010
vn 0.6790 -0.6887 0.2545
vn -0.6666 0.2687 -0.6954
vn 0.7492 0.1278 -0.6499
vn -0.7101 0.6972 0.0977
vn 0.7019 0.6770 0.2214
vn -0.5583 -0.7952 -0.2364
vn 0.8277 -0.5586 -0.0543
vn -0.8132 0.4927 -0.3098
vn 0.5611 0.8229 -0.0889
vn -0.7488 -0.0114 0.6627
vn 0.6301 0.3122 0.7110
vn -0.4582 -0.6868 -0.5643
vn 0.8881 -0.3870 -0.2479
vn -0.7147 0.4140 -0.5637
vn 0.5786 0.8156 -0.0062
vn -0.7564 -0.4587 0.4662
vn 0.5365 0.1054 0.8373
vn 0.7160 -0.2002 -0.6688
vn 0.6898 0.3181 0.6504
vn -0.5436 0.1860 -0.8184
vn -0.4615 0.7345 0.4975
vn 0.1856 -0.9126 -0.3643
vn 0.2553 -0.2979 0.9198
vn 0.2593 -0.9022 -0.3446
vn -0.2289 -0.3179 0.9201
vn 0.5698 0.3470 -0.7449
vn 0.0753 0.8136 0.5765
vn -0.5300 -0.3511 -0.7718
vn -0.8414 0.1317 0.5242
vn -0.6518 -0.1131 0.7499
vn -0.6108 -0.4945 -0.6184
vn 0.0146 -0.8315 0.5554
vn -0.0497 -0.5554 -0.8301
vn 0.4336 0.5307 0.7283
vn 0.3044 0.5845 -0.7521
vn 0.8943 0.3849 -0.2283
vn -0.4484 0.7781 -0.4399
vn 0.5180 -0.8463 -0.1243
vn -0.8000 -0.4008 -0.4464
vn 0.4997 -0.4227 0.7561
vn -0.8220 0.0755 0.5645
vn 0.8805 -0.4677 0.0774
vn 0.4555 0.8898 0.0295
vn -0.0907 -0.8192 -0.5663
vn -0.7169 0.4732 -0.5120
vn -0.4123 -0.8429 0.3457
vn -0.8521 0.4995 0.1565
vn -0.2625 -0.8125 -0.5206
vn -0.1501 0.6722 -0.7250
vn -0.7110 -0.6623 0.2364
vn -0.6343 0.7598 0.1426
vn 0.7694 -0.6029 0.2111
vn 0.5719 0.8194 0.0377
vn 0.9073 -0.3925 -0.1505
vn 0.3882 0.9208 -0.0385
vn -0.4626 -0.8646 -0.1962
vn -0.8042 0.5456 -0.2358
vn -0.2310 -0.8288 0.5096
vn -0.3885 0.6135 0.6875
vn 0.6978 -0.5653 0.4399
vn 0.1771 0.7604 0.6249
vn 0.3948 -0.5959 -0.6993
vn -0.1243 0.7837 -0.6085
vn -0.4659 -0.8324 0.3000
vn -0.7398 0.5740 0.3510
vn 0.8352 -0.4990 -0.2312
vn 0.4833 0.8685 -0.1103
vn -0.4956 -0.7540 -0.4312
vn -0.7623 0.6313 -0.1428
vn 0.1224 -0.7797 0.6140
vn -0.3935 0.6016 0.6951
vn -0.7576 -0.1087 0.6436
vn 0.5771 0.4007 0.7116
vn -0.4644 -0.8095 -0.3592
vn 0.9409 -0.3118 -0.1323
vn -0.7348 0.3640 -0.5724
vn 0.6381 0.7465 -0.1884
vn -0.7322 -0.6729 0.1058
vn 0.6422 -0.4783 0.5991
vn -0.3286 -0.0917 -0.9400
vn 0.9403 0.1385 -0.3110
vn -0.8255 0.5635 0.0318
vn 0.5304 0.7112 0.4614
vn 0.6867 -0.3789 -0.6204
vn -0.7115 -0.0215 -0.7023
vn 0.6763 -0.4912 0.5489
vn -0.7350 -0.3922 0.5532
vn 0.7834 0.6023 -0.1532
vn -0.6354 0.6984 -0.3293
vn 0.6435 0.2303 0.7300
vn 0.6991 -0.4906 -0.5202
vn -0.6663 0.0552 0.7437
vn -0.4796 -0.7287 -0.4889
vn 0.3170 0.9285 0.1933
vn 0.4233 0.0242 -0.9057
vn 0.4528 0.7316 0.5095
vn 0.6863 -0.0340 -0.7266
vn -0.4500 -0.2919 0.8440
vn -0.0799 -0.8858 -0.4572
vn -0.4773 0.8725 0.1044
vn -0.0699 0.0101 -0.9975
vn 0.8612 0.2836 -0.4218
vn -0.5647 0.4346 -0.7016
vn 0.4828 -0.8751 0.0320
vn -0.8862 -0.4631 -0.0127
vn 0.5406 -0.2896 0.7899
vn -0.8946 -0.1684 0.4140
vn 0.4956 -0.8279 0.2624
vn -0.8727 -0.4670 0.1428
vn 0.7357 0.0769 0.6730
vn -0.5707 0.7331 0.3700
vn 0.7278 -0.2510 -0.6382
vn -0.5596 0.4271 -0.7102
vn 0.9069 -0.1707 0.3852
vn -0.3488 0.4883 0.7999
vn 0.4236 0.2086 -0.8815
vn -0.7638 0.6439 -0.0438
vn 0.5787 -0.7720 -0.2629
vn -0.8150 -0.5284 0.2380
vn -0.6685 -0.2772 0.6901
vn -0.6527 -0.2031 -0.7299
vn 0.1380 0.6751 0.7247
vn 0.1341 0.7021 -0.6993
vn 0.5859 -0.4653 0.6635
vn 0.5502 -0.3654 -0.7508
vn 0.5622 0.1898 -0.8049
vn -0.8510 0.0930 -0.5169
vn 0.7819 -0.4622 0.4184
vn -0.6257 -0.5255 0.5765
vn 0.6008 0.7846 -0.1532
vn -0.8158 0.5778 0.0258
vn -0.4613 0.8792 -0.1196
vn -0.2642 -0.0455 0.9634
vn -0.1096 0.0177 -0.9938
vn -0.1313 -0.9911 0.0234
vn 0.6175 0.7431 -0.2578
vn 0.4590 -0.1179 0.8806
vn -0.7522 -0.6417 -0.1495
vn 0.6574 -0.7082 -0.2574
vn -0.6936 0.7200 0.0229
vn 0.7233 0.6842 -0.0940
vn -0.6958 -0.1500 0.7023
vn 0.7220 -0.2568 0.6424
vn -0.7755 -0.4542 0.4386
vn 0.6239 -0.7057 0.3358
vn -0.8183 -0.3004 -0.4900
vn 0.5817 -0.6301 -0.5144
vn -0.5372 0.8433 0.0142
vn 0.8678 0.4964 -0.0236
vn -0.5023 0.6586 0.5603
vn 0.8680 0.2355 0.4372
vn -0.8320 -0.5463 0.0960
vn 0.5462 -0.8274 -0.1306
vn -0.5377 0.7331 -0.4166
vn 0.7947 0.1418 -0.5902
vn -0.6598 -0.6961 -0.2830
vn 0.7387 -0.4809 -0.4724
vn -0.7360 0.6599 0.1511
vn 0.6701 0.7398 -0.0607
vn -0.6326 -0.1234 0.7646
vn 0.7709 0.0638 0.6338
vn -0.5868 -0.7530 0.2979
vn 0.8676 -0.4525 0.2061
vn -0.7640 0.0109 -0.6451
vn 0.7374 0.1382 -0.6612
vn -0.7600 0.6458 -0.0733
vn 0.6518 0.7523 -0.0959
vn 0.3969 -0.5954 0.6985
vn -0.8203 0.1310 0.5567
vn 0.8703 0.3119 0.3811
vn -0.3839 0.9199 0.0803
vn 0.5916 -0.6384 -0.4923
vn -0.6108 0.1257 -0.7817
vn 0.4578 -0.8674 -0.1953
vn -0.8926 -0.4414 0.0917
vn 0.8786 0.2953 0.3753
vn -0.4814 0.6931 0.5365
vn 0.7206 -0.0033 -0.6933
vn -0.5596 0.6086 -0.5626
vn 0.6522 -0.6125 -0.4467
vn -0.7625 -0.4358 -0.4782
vn 0.6330 -0.0996 0.7677
vn -0.7724 0.0107 0.6350
vn 0.8265 0.5043 -0.2504
vn -0.5721 0.7146 -0.4026
vn 0.8264 -0.3697 0.4248
vn -0.6659 -0.4876 0.5646
vn 0.3861 0.8888 -0.2470
vn -0.9225 0.3714 -0.1051
vn 0.6946 0.2793 -0.6630
vn -0.8139 0.2042 -0.5440
vn -0.7763 0.4303 -0.4606
vn 0.6313 0.4626 -0.6225
vn -0.6025 0.1442 0.7850
vn 0.8070 0.1390 0.5740
vn -0.7243 -0.6685 0.1688
vn 0.6968 -0.7159 0.0438
vn -0.5490 0.5927 0.5893
vn 0.8379 0.4148 0.3547
vn -0.8313 -0.5373 -0.1424
vn 0.5445 -0.7172 -0.4349
vn -0.8412 0.0112 -0.5406
vn 0.5237 -0.2684 -0.8085
vn -0.6486 0.7315 -0.2105
vn -0.6730 -0.6874 -0.2732
vn 0.7416 0.5907 -0.3179
vn 0.4944 -0.8388 -0.2281
vn 0.1211 0.7108 0.6929
vn 0.1543 -0.7964 0.5847
vn -0.6664 0.7452 -0.0235
vn -0.7400 -0.6711 -0.0445
vn 0.7239 0.6255 -0.2912
vn 0.5301 -0.7845 -0.3220
vn 0.4492 0.6490 0.6140
vn 0.2565 -0.7594 0.5980
vn 0.3808 -0.9020 -0.2031
vn -0.9159 -0.3098 -0.2554
vn 0.5523 -0.5301 0.6434
vn -0.8845 -0.1860 0.4278
vn 0.8551 0.5184 -0.0042
vn -0.5427 0.8227 -0.1693
vn 0.5846 -0.7912 -0.1797
vn -0.8388 -0.4862 -0.2450
vn 0.7762 0.3763 0.5059
vn -0.7524 0.5208 0.4034
vn 0.7372 0.4498 -0.5043
vn -0.7165 0.4709 -0.5147
vn 0.7332 0.6549 0.1831
vn -0.6521 0.7469 -0.1305
vn 0.8127 -0.0730 -0.5781
vn -0.5791 0.1036 -0.8087
vn 0.5585 -0.5953 0.5777
vn -0.8257 -0.4694 0.3128
vn 0.7321 -0.4174 0.5383
vn -0.6879 -0.5186 0.5078
vn 0.6587 0.7475 -0.0854
vn -0.7598 0.6321 -0.1523
vn 0.7306 -0.6762 -0.0948
vn -0.6839 -0.7112 -0.1628
vn 0.6408 0.5168 0.5676
vn -0.7104 -0.0027 0.7038
vn 0.4418 0.8934 -0.0814
vn -0.9049 0.3962 0.1555
vn 0.7991 -0.5453 -0.2533
vn -0.5762 -0.8171 0.0188
vn 0.2032 0.9787 0.0278
vn -0.9696 0.1982 -0.1437
vn 0.9210 -0.3896 0.0092
vn -0.5387 -0.8255 -0.1683
vn 0.5103 0.8111 0.2859
vn -0.9514 0.2734 0.1417
vn 0.0267 0.8604 -0.5090
vn -0.5557 -0.4750 -0.6823
vn 0.9742 0.1753 0.1424
vn 0.1658 -0.9858 0.0276
vn -0.2918 0.9079 0.3010
vn -0.8726 -0.4175 0.2534
vn 0.8495 0.3900 -0.3552
vn 0.0074 -0.7182 -0.6958
vn 0.5500 0.3140 0.7739
vn -0.1321 -0.9203 0.3684
vn -0.2610 0.9216 0.2872
vn -0.9428 -0.2494 -0.2211
vn -0.8205 -0.5634 0.0970
vn 0.5482 -0.8170 -0.1790
vn -0.6089 0.7832 -0.1259
vn 0.7601 0.5099 -0.4029
vn -0.5452 0.2644 0.7956
vn 0.8283 -0.0007 0.5602
vn -0.7454 -0.5840 -0.3213
vn 0.6523 -0.7575 -0.0264
vn -0.6520 0.2504 -0.7156
vn 0.7593 0.1843 -0.6241
vn -0.7010 0.4790 0.5283
vn 0.7003 0.2464 0.6700
vn 0.2853 0.9434 -0.1689
vn 0.1098 0.0904 0.9898
vn -0.6873 0.2626 -0.6773
vn -0.6055 -0.6867 0.4022
vn 0.4772 0.1370 -0.8681
vn 0.2833 -0.9566 0.0682
vn -0.7201 0.4508 -0.5274
vn 0.7107 0.6235 -0.3259
vn -0.8225 0.5351 0.1926
vn 0.5787 0.8075 0.1139
vn -0.6944 -0.7192 0.0227
vn 0.7576 -0.6523 -0.0236
vn 0.1359 0.2810 -0.9500
vn 0.5150 -0.8447 -0.1457
vn 0.3247 0.9439 -0.0600
vn 0.7072 -0.2336 0.6673
vn -0.8479 0.5154 -0.1244
vn -0.4667 -0.6273 0.6234
vn 0.8445 0.2165 -0.4897
vn 0.3945 -0.8637 0.3138
vn 0.0970 0.9930 0.0675
vn -0.4485 -0.0546 0.8921
vn -0.2688 0.3213 -0.9080
vn -0.7247 -0.6891 0.0020
vn 0.7768 0.6236 -0.0877
vn 0.4499 -0.4913 0.7458
vn -0.4219 0.8772 -0.2292
vn -0.8070 -0.3380 0.4842
vn 0.4552 0.1052 -0.8842
vn -0.0756 -0.9906 -0.1137
vn -0.3950 0.9089 0.1334
vn -0.3859 -0.3533 0.8522
vn -0.6555 0.3648 -0.6613
vn -0.4188 -0.9073 -0.0364
vn 0.6606 0.5434 -0.5180
vn 0.6183 -0.7793 0.1017
vn -0.4857 0.1458 -0.8619
vn 0.8726 0.1606 -0.4612
vn -0.8246 0.5111 0.2427
vn 0.5121 0.3071 0.8021
vn -0.7202 -0.6824 -0.1253
vn 0.5720 -0.6003 0.5589
vn 0.7226 -0.6910 -0.0192
vn -0.6340 -0.5918 0.4979
vn 0.9013 0.3062 0.3065
vn -0.4721 0.2603 0.8423
vn 0.2654 0.1666 -0.9496
vn -0.9665 0.0966 -0.2378
vn 0.4715 -0.2575 0.8434
vn -0.8876 -0.1219 0.4443
vn 0.7759 0.5873 0.2302
vn -0.5007 0.7187 -0.4825
vn 0.7273 -0.6647 -0.1710
vn -0.5853 -0.2639 -0.7667
vn 0.7911 0.5446 -0.2784
vn -0.6909 0.6759 -0.2565
vn 0.7125 0.1895 -0.6756
vn -0.7092 0.2150 -0.6714
vn 0.6851 -0.4525 0.5709
vn -0.7862 -0.3555 0.5056
vn 0.5779 -0.6448 0.5002
vn -0.7238 -0.6672 -0.1760
vn 0.5161 0.4923 0.7009
vn -0.8217 0.5576 0.1179
vn 0.8653 0.0496 -0.4988
vn -0.5149 -0.0080 -0.8572
vn 0.8188 0.0264 0.5735
vn -0.5867 -0.0415 0.8088
vn 0.4592 0.5769 -0.6755
vn -0.8837 0.4527 -0.1191
vn 0.4881 -0.2429 -0.8383
vn -0.8905 -0.3211 -0.3223
vn 0.6262 0.7554 0.1932
vn -0.7789 0.5773 0.2452
vn 0.7234 -0.4432 -0.5295
vn -0.7021 -0.5568 -0.4440
vn 0.7108 -0.2573 0.6546
vn -0.7138 -0.3305 0.6174
vn 0.8973 -0.3947 -0.1979
vn -0.4391 -0.8655 -0.2412
vn 0.4374 0.7381 0.5137
vn -0.8574 0.1274 0.4987
vn 0.4474 0.8907 -0.0803
vn -0.8779 0.3964 -0.2688
vn 0.7363 -0.6061 0.3009
vn -0.6889 -0.6965 0.2006
vn 0.7223 0.2348 0.6505
vn -0.7001 0.2227 0.6785
vn 0.6811 0.3237 -0.6568
vn -0.7359 0.2092 -0.6439
vn 0.0768 -0.8990 -0.4312
vn 0.1230 0.5278 -0.8404
vn -0.7769 -0.4489 0.4416
vn -0.4777 0.8780 -0.0305
vn 0.0725 -0.4506 0.8898
vn 0.1077 0.8988 0.4249
vn -0.1092 -0.6302 0.7687
vn -0.0909 0.8365 0.5403
vn 0.6706 -0.7256 -0.1542
vn 0.6766 0.6997 -0.2295
vn -0.6747 -0.6601 -0.3302
vn -0.5144 0.7965 -0.3178
vn -0.8126 0.0564 -0.5801
vn -0.4759 0.2470 0.8441
vn -0.3010 -0.7171 -0.6286
vn -0.1549 -0.5035 0.8500
vn 0.6308 0.0061 -0.7759
vn 0.7320 0.2239 0.6435
vn 0.1020 0.3647 -0.9255
vn -0.0345 0.8563 0.5154
vn -0.8845 -0.1321 -0.4475
vn -0.4424 0.1548 0.8834
vn 0.5717 -0.2473 -0.7823
vn 0.7379 -0.0303 0.6742
vn 0.4403 -0.7258 -0.5286
vn 0.5610 -0.2145 0.7995
vn -0.1731 0.4133 -0.8940
vn 0.0133 0.8671 0.4980
vn -0.8078 -0.4600 -0.3686
vn -0.4133 0.0703 0.9079
vn -0.2531 -0.9360 -0.2449
vn 0.4714 -0.2856 0.8344
vn 0.2230 -0.1752 -0.9590
vn 0.8843 0.4394 0.1580
vn -0.9842 -0.1618 -0.0726
vn -0.1229 0.4304 0.8942
vn 0.8118 -0.1730 0.5578
vn -0.5976 0.0777 0.7980
vn 0.7685 0.4743 -0.4294
vn -0.6680 0.7035 -0.2428
vn 0.3958 -0.2951 -0.8696
vn -0.9116 0.0347 -0.4097
vn 0.2829 0.1334 -0.9498
vn -0.9724 -0.0329 -0.2310
vn 0.9579 -0.1328 0.2545
vn -0.4054 -0.3824 0.8304
vn 0.2693 0.6664 -0.6952
vn -0.9667 0.2332 -0.1050
vn 0.8635 -0.4846 0.1399
vn -0.4916 -0.5771 0.6521
vn 0.8936 0.1980 0.4028
vn -0.4660 0.1117 0.8777
vn 0.3169 0.5301 -0.7865
vn -0.9356 0.3222 -0.1441
vn -0.6607 0.6555 0.3658
vn 0.3056 -0.3193 0.8970
vn -0.9453 0.0503 -0.3223
vn 0.0077 -0.9938 0.1109
vn 0.2651 0.7257 -0.6349
vn 0.9315 -0.3633 -0.0171
vn -0.5288 -0.5769 -0.6225
vn 0.4067 -0.7515 0.5195
vn 0.1320 0.2572 -0.9573
vn 0.9430 0.2223 0.2477
vn -0.9993 0.0253 0.0281
vn 0.0618 0.0253 0.9978
vn -0.7988 -0.0838 -0.5957
vn -0.4848 -0.3403 0.8057
vn 0.4004 -0.3492 -0.8472
vn 0.3469 -0.7729 0.5312
vn 0.2409 0.6704 -0.7018
vn 0.2373 0.5462 0.8033
vn 0.4452 0.1482 -0.8831
vn -0.8919 -0.0611 -0.4481
vn 0.5579 -0.0678 -0.8271
vn -0.8364 -0.2313 -0.4969
vn 0.8243 0.0796 0.5605
vn -0.5890 -0.1025 0.8016
vn 0.6496 0.7533 0.1026
vn 0.4190 -0.5875 0.6923
vn -0.5258 0.8482 -0.0641
vn -0.6610 -0.3721 0.6516
vn 0.0726 0.2686 -0.9605
vn 0.0058 -0.9907 -0.1358
vn -0.6596 0.7502 -0.0474
vn -0.7229 -0.6307 0.2821
vn 0.5062 0.5605 -0.6554
vn 0.2945 -0.8866 -0.3566
vn 0.1716 0.8082 0.5634
vn -0.1051 -0.6186 0.7786
vn -0.6835 0.6956 -0.2212
vn -0.6288 -0.7350 -0.2537
vn 0.6223 0.7134 -0.3221
vn 0.5425 -0.7887 -0.2893
vn -0.3993 0.7777 0.4854
vn -0.4248 -0.7129 0.5580
vn -0.4793 0.7419 0.4688
vn -0.4162 -0.7698 0.4840
vn -0.1281 0.8580 -0.4975
vn -0.0565 -0.6130 -0.7880
vn 0.8580 0.5117 -0.0455
vn 0.4693 -0.8818 -0.0472
vn 0.4882 0.6424 0.5907
vn -0.8804 0.4022 0.2514
vn 0.7765 0.2386 -0.5832
vn -0.5582 -0.2524 -0.7904
vn 0.7466 -0.4390 0.4999
vn -0.5393 -0.8395 -0.0663
vn 0.8369 0.3242 0.4410
vn -0.4602 -0.1038 0.8817
vn 0.2830 0.2928 -0.9133
vn -0.9620 -0.0635 -0.2654
vn 0.9353 -0.3525 0.0298
vn -0.3368 -0.6507 0.6805
vn -0.0685 0.6764 0.7334
vn -0.0752 -0.8245 0.5608
vn -0.6921 0.6643 -0.2823
vn -0.5656 -0.7844 -0.2545
vn 0.6919 0.6731 -0.2612
vn 0.5708 -0.7802 -0.2560
vn -0.9631 -0.0517 0.2640
vn 0.1403 0.8461 0.5143
vn -0.3193 -0.9109 0.2614
vn 0.5284 0.1198 0.8405
vn -0.0999 -0.6675 -0.7379
vn 0.8059 0.4974 -0.3210
vn -0.7438 0.0890 -0.6624
vn 0.6947 0.3882 -0.6056
vn -0.7945 -0.2077 0.5706
vn 0.6641 0.0852 0.7428
vn -0.4868 -0.4067 -0.7730
vn 0.8639 -0.0122 -0.5035
vn -0.8467 -0.5128 -0.1417
vn 0.0236 -0.1256 0.9918
vn 0.0875 -0.4172 -0.9046
vn 0.9058 -0.2943 0.3047
vn -0.0902 0.4171 -0.9044
vn 0.6036 0.7258 0.3299
vn 0.5204 0.4026 0.7531
vn -0.8576 0.3309 0.3936
vn 0.7233 0.6863 0.0764
vn -0.6755 0.7080 -0.2058
vn 0.7549 -0.6550 -0.0331
vn -0.6514 -0.6916 -0.3122
vn 0.7514 -0.5701 -0.3321
vn -0.6053 -0.3831 -0.6978
vn 0.4782 -0.6324 0.6095
vn -0.8738 -0.4273 0.2320
vn 0.8286 0.5598 0.0084
vn -0.5263 0.7708 -0.3591
vn 0.7924 -0.5970 -0.1253
vn -0.5960 -0.6845 -0.4199
vn 0.4610 -0.1631 0.8723
vn -0.8850 -0.2129 0.4142
vn 0.7837 0.6156 -0.0826
vn -0.5910 0.6744 -0.4426
vn -0.4971 0.6604 -0.5628
vn 0.5950 -0.2754 -0.7551
vn -0.2509 0.8884 0.3844
vn 0.9664 0.1007 0.2365
vn -0.9257 -0.3246 0.1944
vn 0.3443 -0.9349 -0.0861
vn -0.6989 0.6979 0.1564
vn 0.7043 0.6959 -0.1402
vn -0.6640 0.0589 0.7454
vn 0.7951 0.3183 0.5163
vn -0.6789 -0.7017 -0.2162
vn 0.7931 -0.3743 -0.4805
vn -0.6418 0.3474 0.6837
vn 0.4320 -0.6280 0.6473
vn -0.8219 -0.0454 -0.5677
vn 0.3391 -0.8755 -0.3444
vn -0.1607 0.9853 0.0580
vn 0.9850 0.1213 0.1228
vn -0.6722 0.7086 0.2145
vn 0.7969 0.5655 0.2123
vn -0.6883 -0.7193 0.0941
vn 0.7289 -0.6651 0.1623
vn -0.6341 0.6800 -0.3682
vn 0.8243 0.5315 -0.1951
vn -0.9528 -0.0868 -0.2909
vn 0.1097 0.9937 -0.0224
vn -0.8097 -0.4209 0.4090
vn 0.1989 0.6967 0.6893
vn 0.1538 -0.9754 -0.1578
vn 0.9719 0.2131 0.1003
vn -0.7975 -0.2438 -0.5518
vn 0.3991 0.5533 -0.7311
vn -0.9972 0.0522 0.0532
vn 0.1558 0.9858 0.0628
vn -0.0004 -0.9607 0.2776
vn 0.9865 0.0927 0.1351
vn -0.1466 -0.4744 0.8680
vn 0.8608 0.4044 0.3090
vn 0.0475 -0.7723 0.6334
vn 0.9969 0.0551 -0.0571
vn -0.9832 -0.0665 -0.1702
vn 0.1203 0.6859 -0.7177
vn -0.1829 -0.2700 0.9453
vn -0.1945 0.9733 0.1219
vn 0.7460 -0.6579 0.1033
vn 0.5171 0.5872 -0.6227
vn -0.0933 -0.9544 -0.2834
vn -0.0897 0.3096 -0.9466
vn 0.9417 0.3057 0.1408
vn 0.2993 -0.7934 -0.5301
vn 0.3848 0.0731 0.9201
vn -0.0521 -0.9983 0.0268
vn -0.3290 0.9341 0.1389
vn -0.7490 -0.2335 -0.6201
vn -0.7537 -0.4940 0.4335
vn -0.5091 0.1065 -0.8541
vn 0.2154 0.3146 0.9245
vn 0.1161 0.8646 -0.4888
vn 0.5108 -0.6949 0.5062
vn 0.4501 -0.2403 -0.8600
vn -0.5989 -0.6520 0.4650
vn 0.7716 -0.6354 0.0282
vn -0.8304 0.0717 -0.5526
vn 0.5693 0.0382 -0.8212
vn -0.5491 0.3384 0.7642
vn 0.8258 0.3653 0.4296
vn 0.4078 -0.7344 0.5426
vn 0.1334 0.9368 0.3234
vn -0.4633 -0.5549 -0.6909
vn -0.6042 0.4165 -0.6793
vn -0.2848 -0.6045 0.7439
vn -0.3596 0.7871 0.5011
vn -0.1788 -0.5487 0.8167
vn -0.4603 0.7801 0.4238
vn -0.0196 0.9963 0.0837
vn 0.4321 -0.6402 0.6351
vn 0.0226 -0.9977 -0.0634
vn -0.4279 0.7127 -0.5558
vn -0.1130 -0.9871 -0.1131
vn 0.8694 0.2449 0.4292
vn -0.2862 -0.9240 -0.2535
vn -0.0837 0.9938 0.0732
vn 0.2755 -0.5484 0.7895
vn 0.2825 0.8069 0.5188
vn 0.2712 -0.9289 0.2520
vn 0.0546 0.9850 0.1639
vn -0.3086 -0.8680 -0.3891
vn -0.3065 0.9350 -0.1786
vn -0.2257 -0.5848 0.7791
vn -0.2861 0.8052 0.5194
vn 0.8286 -0.4966 -0.2583
vn -0.5610 -0.8061 -0.1882
vn 0.6976 0.2209 0.6815
vn -0.7332 -0.2218 0.6428
vn 0.4185 0.9074 -0.0380
vn -0.9466 0.3223 -0.0061
vn -0.1001 -0.9946 0.0278
vn -0.9871 0.1423 0.0735
vn 0.9978 0.0659 -0.0106
vn -0.0675 0.9971 0.0346
vn 0.2005 -0.7540 -0.6255
vn -0.7375 0.3573 -0.5731
vn -0.7587 0.6087 -0.2322
vn 0.6395 0.7683 -0.0268
vn -0.8022 0.3269 0.4997
vn 0.6015 0.6354 0.4843
vn -0.5740 -0.7907 -0.2129
vn 0.8495 -0.5141 -0.1186
vn 0.5522 -0.6670 0.5001
vn -0.0748 -0.5006 -0.8624
vn -0.2236 0.2522 0.9415
vn -0.7685 0.4821 -0.4207
vn 0.9617 -0.2482 0.1163
vn 0.1053 0.0837 -0.9909
vn 0.9838 0.0323 -0.1764
vn -0.1881 0.0593 -0.9804
vn 0.3243 -0.7014 0.6347
vn -0.7512 -0.5577 -0.3532
vn 0.0047 0.0355 0.9994
vn -0.9968 0.0639 -0.0474
vn 0.8362 0.3719 -0.4030
vn -0.6199 0.4936 -0.6100
vn 0.8182 -0.4770 -0.3210
vn -0.6194 -0.5960 -0.5110
vn 0.4163 0.0047 0.9092
vn -0.9121 0.0148 0.4097
vn 0.6645 0.5639 0.4903
vn -0.7840 0.5149 0.3467
vn 0.7585 -0.2254 -0.6114
vn -0.6463 -0.1235 -0.7530
vn 0.6468 -0.7121 0.2730
vn -0.8269 -0.5021 0.2533
vn 0.4157 0.5522 0.7227
vn 0.2638 0.5463 -0.7949
vn 0.4704 -0.3973 0.7880
vn 0.2543 -0.6465 -0.7193
vn -0.8537 0.1040 0.5102
vn -0.4983 -0.0893 -0.8624
vn -0.8392 -0.3702 0.3984
vn -0.4574 0.1839 -0.8701
vn 0.3970 0.2568 0.8811
vn 0.3119 0.7811 -0.5409
vn -0.1160 -0.8590 0.4986
vn -0.2053 -0.3218 -0.9243
vn -0.4861 0.8301 0.2731
vn 0.8789 0.4680 -0.0920
vn -0.2568 0.2272 0.9394
vn 0.9663 -0.0461 0.2534
vn -0.9389 -0.0913 -0.3319
vn 0.3859 -0.3869 -0.8375
vn 0.3212 -0.9416 -0.1010
vn -0.9378 -0.3173 0.1408
vn 0.9331 0.3596 0.0087
vn -0.3481 0.8764 0.3327
vn 0.3132 -0.6520 -0.6906
vn -0.9642 -0.1791 -0.1955
vn -0.2785 -0.9601 0.0241
vn -0.9354 0.3517 0.0363
vn 0.9792 -0.2025 0.0154
vn 0.1994 0.9799 -0.0023
vn 0.9454 -0.3200 -0.0615
vn 0.2813 0.9585 -0.0463
vn 0.6261 0.7384 0.2506
vn 0.6849 -0.6929 0.2254
vn -0.7026 0.5807 0.4114
vn -0.4288 -0.8618 0.2710
vn -0.0634 0.8174 -0.5725
vn 0.0046 -0.6926 -0.7213
vn -0.2648 0.6289 0.7310
vn 0.1624 -0.7996 0.5781
vn -0.9722 0.1983 0.1245
vn -0.2019 -0.9721 -0.1196
vn 0.3186 0.9279 -0.1938
vn 0.7664 -0.4497 -0.4587
vn 0.5575 0.7802 -0.2837
vn 0.8047 -0.5934 -0.0171
vn -0.8013 0.5324 0.2728
vn -0.2751 -0.8552 0.4392
vn -0.1010 0.6862 -0.7204
vn 0.2849 -0.7542 -0.5917
vn 0.8873 0.4165 0.1980
vn 0.4236 -0.9017 -0.0866
vn -0.3646 0.7201 0.5904
vn -0.4576 -0.7477 0.4811
vn -0.1456 0.8428 -0.5182
vn -0.1366 -0.6512 -0.7466
vn 0.8711 0.4705 0.1409
vn 0.4282 -0.8955 0.1212
vn -0.5091 0.8020 0.3124
vn -0.7386 -0.6029 0.3017
vn 0.1224 0.7158 -0.6875
vn -0.1568 -0.7259 -0.6697
vn 0.9975 0.0699 -0.0042
vn 0.0445 -0.9954 -0.0846
vn 0.8778 0.2766 0.3911
vn 0.0472 -0.9573 0.2854
vn -0.2560 0.9627 -0.0879
vn -0.9405 -0.2968 -0.1652
vn 0.8499 -0.4281 -0.3071
vn -0.6381 -0.6249 -0.4498
vn 0.7590 -0.4492 0.4714
vn -0.6934 -0.4746 0.5421
vn 0.4573 0.8870 0.0649
vn -0.9026 0.4277 0.0492
vn -0.8930 -0.4279 0.1396
vn -0.3996 0.9066 -0.1356
vn -0.1104 -0.6067 0.7873
vn 0.2302 0.8169 0.5288
vn 0.5307 -0.8182 -0.2210
vn 0.6950 0.5929 -0.4067
vn 0.2168 -0.9429 -0.2528
vn 0.9571 0.2243 0.1833
vn -0.9625 0.0073 -0.2713
vn 0.0116 0.9845 0.1749
vn -0.6044 -0.6119 0.5102
vn 0.3048 0.5331 0.7893
vn -0.1379 -0.9676 0.2115
vn 0.9898 -0.1417 -0.0122
vn -0.9502 0.1615 -0.2666
vn 0.3767 0.8111 -0.4475
vn -0.8280 0.2308 0.5111
vn 0.4906 0.8315 0.2604
vn -0.6783 0.6746 -0.2912
vn 0.6992 0.7002 0.1445
vn -0.8450 0.0838 0.5282
vn 0.5901 0.2234 0.7758
vn -0.5294 -0.7604 -0.3762
vn 0.8397 -0.5406 0.0518
vn 0.9099 -0.4147 -0.0085
vn 0.4095 0.9096 0.0696
vn 0.3952 -0.5969 -0.6983
vn 0.2176 0.8399 -0.4971
vn -0.4810 -0.8678 0.1244
vn -0.7968 0.5329 0.2848
vn 0.3608 -0.9155 0.1783
vn -0.9406 -0.3391 -0.0195
vn 0.8291 0.5438 0.1301
vn -0.5737 0.8190 -0.0119
vn 0.5476 -0.8189 -0.1716
vn -0.8826 -0.3911 -0.2608
vn -0.4860 0.7555 0.4393
vn 0.8399 0.0296 0.5420
vn -0.8242 -0.5230 -0.2174
vn 0.5528 -0.8291 -0.0832
vn -0.3520 0.9358 -0.0201
vn 0.9733 0.2294 0.0086
vn -0.6345 0.6674 -0.3897
vn 0.5416 -0.0935 -0.8354
vn -0.1783 0.8293 0.5296
vn 0.9905 0.1232 -0.0605
vn -0.7839 -0.3942 0.4797
vn 0.4093 -0.9004 -0.1473
vn -0.9220 -0.3779 -0.0846
vn 0.4468 -0.7287 -0.5190
vn -0.2832 0.8455 0.4527
vn 0.9649 0.2609 -0.0283
vn -0.8611 -0.5057 0.0532
vn 0.5208 -0.8120 -0.2635
vn -0.9534 0.1780 0.2438
vn -0.2132 -0.8923 -0.3980
vn 0.2445 0.9694 0.0242
vn 0.7764 -0.2192 -0.5909
vn -0.0722 0.2412 0.9678
vn 0.4882 -0.8526 0.1865
vn 0.9793 -0.1938 -0.0584
vn -0.2202 -0.8776 -0.4258
vn 0.0313 0.8436 0.5360
vn -0.9985 -0.0318 0.0448
vn 0.9703 0.0045 -0.2418
vn -0.2190 -0.7197 -0.6589
vn 0.3649 0.4300 0.8258
vn -0.9372 0.1017 0.3337
vn 0.4267 0.8057 0.4109
vn -0.9147 0.3803 0.1364
vn 0.9031 -0.2869 -0.3195
vn -0.4681 -0.6184 -0.6312
vn 0.1470 -0.3924 0.9080
vn -0.3357 -0.8416 -0.4231
vn -0.4934 0.5293 0.6902
vn -0.8135 -0.0925 -0.5741
vn 0.5878 0.7788 0.2191
vn 0.0361 0.1326 -0.9905
vn 0.9966 -0.0769 -0.0311
vn -0.0496 0.3719 -0.9269
vn -0.1751 -0.4803 0.8594
vn -0.9764 0.0535 -0.2091
vn 0.8073 0.4091 0.4252
vn -0.2092 0.8059 -0.5539
vn -0.3758 -0.5084 0.7748
vn 0.9302 -0.1251 0.3451
vn -0.6709 -0.6203 -0.4064
vn 0.8157 -0.4552 -0.3570
vn -0.8805 0.3805 -0.2826
vn 0.5802 0.7230 -0.3751
vn 0.2536 -0.2576 0.9324
vn 0.8813 0.4472 -0.1524
vn 0.1244 -0.8823 0.4540
vn 0.7764 -0.1337 -0.6159
vn -0.9840 -0.1518 0.0937
vn -0.1453 0.5075 -0.8493
vn 0.3893 0.9169 -0.0875
vn -0.9159 0.2058 -0.3446
vn 0.8637 -0.4419 0.2422
vn -0.4591 -0.8875 -0.0389
vn 0.2569 0.7332 0.6297
vn -0.9583 -0.0047 0.2856
vn 0.3494 0.4845 0.8020
vn 0.7965 0.2066 -0.5682
vn 0.3215 -0.1958 0.9265
vn 0.7093 -0.5576 -0.4312
vn -0.9493 0.1573 0.2722
vn -0.2799 -0.1732 -0.9443
vn -0.4959 0.5798 -0.6464
vn -0.1356 -0.8270 -0.5456
vn 0.4468 0.8715 0.2023
vn 0.7781 -0.5389 0.3228
vn -0.9342 0.3567 0.0055
vn -0.3360 -0.9343 0.1195
vn 0.4275 -0.8629 0.2694
vn 0.7372 0.5645 0.3713
vn -0.4324 -0.6651 -0.6088
vn -0.1559 0.8145 -0.5589
vn -0.9452 -0.3174 0.0759
vn -0.2896 0.9510 0.1084
vn 0.9906 -0.0951 0.0984
vn 0.0804 0.9844 -0.1566
vn -0.3017 -0.9529 0.0326
vn -0.9197 0.3269 -0.2175
vn 0.8329 -0.2542 0.4917
vn 0.0367 0.9806 0.1925
vn 0.5473 -0.5288 0.6487
vn -0.8652 -0.3160 0.3894
vn 0.5226 -0.0411 0.8516
vn -0.8583 -0.0533 0.5104
vn 0.8817 0.1774 -0.4373
vn -0.5641 0.2850 -0.7750
vn 0.1964 0.9715 0.1329
vn -0.5044 0.1906 -0.8421
vn 0.8121 0.0970 0.5754
vn -0.1905 -0.2922 -0.9372
vn -0.0374 0.1933 0.9804
vn -0.8046 -0.2390 -0.5436
vn -0.3359 0.0887 0.9377
vn -0.7621 -0.3153 -0.5655
vn 0.0833 0.9817 0.1712
vn -0.1829 0.1750 -0.9674
vn 0.7875 0.1643 0.5940
vn 0.3174 -0.1614 -0.9344
vn -0.3288 -0.0340 0.9438
vn -0.7153 -0.4710 -0.5162
vn 0.0373 0.9822 0.1839
vn -0.0760 0.1854 -0.9797
vn 0.7544 0.2715 0.5977
vn 0.3792 -0.0597 -0.9234
vn -0.2723 -0.1463 0.9510
vn -0.5911 -0.6411 -0.4896
vn 0.0175 0.9798 0.1992
vn -0.0345 0.1996 -0.9793
vn 0.7029 0.4495 0.5513
vn 0.3518 0.0500 -0.9348
vn 0.8734 -0.4731 -0.1156
vn -0.6497 -0.6775 -0.3448
vn 0.6417 0.5370 0.5475
vn -0.8861 0.3975 0.2386
vn 0.4447 0.8667 -0.2261
vn -0.8951 0.4205 -0.1483
vn 0.8960 -0.3842 -0.2228
vn -0.6187 -0.5584 -0.5527
vn 0.6435 0.3435 0.6841
vn -0.9013 0.2915 0.3204
vn 0.4316 0.8763 -0.2142
vn -0.8998 0.4001 -0.1743
vn 0.9204 -0.2611 -0.2911
vn -0.6174 -0.3891 -0.6837
vn 0.6193 0.2246 0.7523
vn -0.9288 0.1827 0.3225
vn 0.4201 0.8894 -0.1803
vn -0.8960 0.3666 -0.2504
vn 0.9597 -0.1306 -0.2487
vn -0.6418 -0.2877 -0.7109
vn 0.6206 0.1552 0.7686
vn -0.9998 -0.0149 0.0141
vn 0.4057 0.9085 -0.1004
vn -0.8185 0.2839 -0.4994
vn 0.7264 -0.5492 -0.4131
vn -0.6888 -0.5778 -0.4379
vn 0.6704 -0.3372 0.6609
vn -0.8137 -0.3238 0.4828
vn 0.7164 0.6835 -0.1397
vn -0.7913 0.5859 -0.1748
vn 0.7268 -0.6493 0.2241
vn -0.7619 -0.6475 -0.0183
vn 0.3001 0.1203 0.9463
vn -0.9562 0.1066 0.2727
vn 0.8629 0.2799 -0.4208
vn -0.6013 0.3718 -0.7072
vn 0.7458 -0.4038 -0.5298
vn -0.6087 -0.0145 -0.7933
vn 0.5300 -0.7524 0.3911
vn -0.8976 -0.4407 0.0089
vn 0.7008 0.4998 0.5091
vn -0.7046 0.7088 0.0332
vn 0.1969 0.2915 0.9361
vn -0.9758 0.1696 0.1379
vn 0.7773 0.6290 -0.0139
vn -0.5829 0.5933 -0.5552
vn 0.7966 -0.6031 0.0405
vn -0.5926 -0.6197 -0.5146
vn 0.7287 -0.6807 0.0748
vn -0.7374 -0.6283 -0.2478
vn 0.2280 -0.0769 0.9706
vn -0.9736 0.0720 0.2164
vn 0.8642 0.5003 -0.0525
vn -0.6040 0.6988 -0.3832
vn 0.2411 -0.1585 -0.9575
vn -0.8079 0.5239 -0.2699
vn 0.8586 -0.4332 0.2742
vn -0.2065 0.2129 0.9550
vn 0.1386 -0.9820 0.1283
vn -0.7324 -0.0067 0.6808
vn 0.0912 -0.9725 0.2143
vn -0.8916 0.0192 0.4524
vn 0.3097 -0.3227 -0.8944
vn -0.8187 0.4114 -0.4007
vn 0.8979 -0.2446 0.3660
vn -0.2562 0.4397 0.8608
vn -0.6399 0.7416 -0.2014
vn 0.7232 0.4123 -0.5542
vn -0.3341 0.2729 0.9022
vn 0.9360 -0.0627 0.3463
vn -0.8327 -0.5509 0.0557
vn 0.5571 -0.7751 -0.2981
vn 0.0920 -0.9660 0.2418
vn -0.9470 -0.0087 0.3212
vn 0.2903 -0.5271 -0.7987
vn -0.8753 0.2350 -0.4226
vn 0.9570 -0.0081 0.2901
vn -0.2427 0.7427 0.6241
vn 0.1064 -0.9648 0.2406
vn -0.9729 -0.0509 0.2257
vn 0.2965 -0.7569 -0.5825
vn -0.9460 -0.0736 -0.3156
vn 0.9783 0.1543 0.1380
vn -0.2790 0.9272 0.2501
vn -0.3787 0.9216 0.0852
vn 0.8217 0.3501 -0.4497
vn -0.3338 0.7713 0.5419
vn 0.9446 0.2384 0.2254
vn -0.9167 -0.3904 0.0856
vn 0.3463 -0.8716 -0.3469
vn -0.8083 -0.4905 -0.3258
vn 0.6067 -0.5142 -0.6062
vn -0.8166 0.3320 -0.4722
vn 0.5944 0.4834 -0.6427
vn -0.4861 0.0547 0.8722
vn 0.8746 0.1508 0.4608
vn -0.4753 -0.1563 0.8658
vn -0.5844 -0.5349 -0.6103
vn -0.0279 0.9818 0.1877
vn 0.0570 0.1874 -0.9806
vn 0.6218 0.3000 0.7235
vn 0.6070 -0.0063 -0.7947
vn -0.0607 0.9942 0.0887
vn 0.1593 0.0887 -0.9832
vn 0.4347 0.1267 0.8916
vn 0.7503 -0.3970 -0.5286
vn -0.8019 0.3113 0.5100
vn -0.4041 -0.2186 -0.8882
vn 0.2900 0.0462 0.9559
vn 0.8358 -0.4357 -0.3342
vn -0.9814 -0.0096 0.1920
vn -0.1197 -0.3825 -0.9162
vn -0.3847 0.7655 0.5158
vn 0.1336 0.5076 -0.8512
vn -0.9662 0.2249 -0.1265
vn 0.2598 0.5319 -0.8060
vn -0.1998 0.2186 0.9551
vn 0.8695 0.4924 0.0381
vn -0.4232 -0.8483 0.3184
vn 0.7590 -0.4677 -0.4530
vn -0.7627 -0.5413 -0.3540
vn 0.6500 -0.4646 -0.6014
vn -0.6493 0.6982 0.3015
vn 0.7647 0.6440 -0.0218
vn -0.4686 -0.4627 0.7526
vn 0.8892 -0.3422 0.3036
vn -0.9660 -0.1233 -0.2272
vn 0.2528 -0.0971 -0.9626
vn -0.6319 0.6915 0.3500
vn 0.5561 0.6541 -0.5128
vn -0.0370 -0.0078 0.9993
vn 1.0000 -0.0020 0.0067
vn -0.3261 -0.3034 -0.8953
vn -0.9010 0.3141 0.2992
vn 0.3585 -0.8827 -0.3039
vn -0.1058 -0.2702 0.9570
vn 0.9822 -0.0312 -0.1852
vn 0.1785 0.4537 0.8731
vn -0.0945 0.1177 -0.9885
vn -0.6209 0.7449 0.2440
vn -0.4301 -0.6362 -0.6406
vn -0.8268 0.0136 0.5624
vn 0.9172 -0.2963 -0.2664
vn 0.2880 0.3060 0.9074
vn -0.3570 0.1292 -0.9251
vn -0.7206 0.5750 0.3876
vn 0.6166 -0.7281 -0.2994
vn 0.1177 -0.1644 0.9793
vn 0.8960 -0.0459 -0.4417
vn 0.3277 0.4492 0.8311
vn -0.1257 -0.0085 -0.9920
vn -0.6664 0.7381 0.1054
vn -0.0451 -0.9699 -0.2392
vn -0.7007 -0.0446 0.7120
vn 0.9146 -0.2435 -0.3227
vn 0.3387 0.6599 0.6707
vn 0.9730 0.1783 0.1468
vn -0.2136 0.2691 0.9391
vn 0.0741 0.0191 -0.9971
vn -0.9822 0.1869 -0.0175
vn 0.6454 -0.7374 -0.1994
vn -0.4533 -0.4919 0.7433
vn -0.0811 -0.0957 -0.9921
vn -0.7245 0.6841 0.0844
vn 0.5178 -0.8435 -0.1429
vn -0.1633 -0.1174 0.9796
vn 0.9922 -0.1243 0.0039
vn 0.0541 0.5663 0.8224
vn -0.6474 -0.2960 -0.7023
vn -0.6053 0.4772 0.6371
vn -0.6928 -0.3529 -0.6289
vn -0.6285 0.1941 0.7532
vn 0.8495 -0.3190 -0.4202
vn 0.4126 0.3936 0.8215
vn 0.4332 -0.5466 -0.7166
vn -0.9015 -0.1672 -0.3993
vn 0.6239 -0.7812 -0.0200
vn -0.8196 -0.5729 0.0074
vn 0.8614 0.4326 0.2661
vn -0.5722 0.7494 0.3331
vn -0.6552 0.4085 -0.6355
vn 0.6050 0.7962 -0.0102
vn -0.8655 -0.3369 0.3707
vn 0.3964 0.0698 0.9154
vn -0.1285 -0.4656 -0.8756
vn 0.9917 -0.0062 -0.1281
vn -0.9913 -0.1082 -0.0749
vn -0.1048 0.4609 0.8812
vn -0.2481 -0.9424 -0.2243
vn 0.5179 -0.2769 0.8094
vn 0.1644 -0.1389 -0.9766
vn 0.8852 0.4534 0.1045
vn -0.5594 -0.3834 0.7349
vn 0.8333 -0.3137 0.4551
vn -0.7760 -0.2989 -0.5554
vn 0.6255 -0.2377 -0.7431
vn -0.6575 0.6508 0.3797
vn 0.7452 0.6545 0.1279
vn 0.7183 -0.6382 0.2770
vn -0.6422 -0.3911 0.6593
vn 0.7284 0.6652 -0.1640
vn -0.6338 0.7024 0.3240
vn 0.5366 -0.3760 -0.7555
vn -0.8432 -0.3436 -0.4134
vn 0.6952 0.0490 0.7171
vn -0.6884 -0.3141 0.6538
vn 0.6025 0.7098 0.3649
vn -0.7954 0.4768 0.3742
vn 0.7835 -0.1120 -0.6112
vn -0.6012 -0.4634 -0.6510
vn 0.6534 -0.1934 -0.7319
vn 0.7388 0.2498 0.6259
vn -0.6335 0.0874 -0.7688
vn -0.5202 0.6574 0.5452
vn 0.3992 -0.7451 -0.5343
vn 0.5881 -0.2004 0.7836
vn 0.0500 -0.9272 -0.3713
vn 0.2996 -0.3233 0.8976
vn -0.0857 0.3241 -0.9421
vn 0.2334 0.9014 0.3647
vn -0.8323 -0.4641 -0.3031
vn -0.3391 0.0392 0.9399
vn 0.5789 -0.6883 -0.4372
vn 0.3455 -0.2451 0.9059
vn 0.5366 0.3694 -0.7587
vn 0.4223 0.6076 0.6727
vn -0.6062 -0.0334 -0.7946
vn -0.7529 0.2546 0.6068
vn -0.8038 0.5926 -0.0531
vn 0.6748 0.7243 0.1416
vn -0.8013 -0.4964 0.3340
vn 0.6187 -0.6076 0.4980
vn -0.4572 -0.3288 -0.8263
vn 0.9011 -0.2933 -0.3194
vn -0.5283 -0.1289 -0.8392
vn 0.7919 0.3274 -0.5155
vn -0.8527 0.4236 0.3057
vn 0.5277 0.7562 0.3870
vn -0.5387 -0.8312 0.1377
vn 0.8454 -0.4163 0.3348
vn -0.7294 0.3797 -0.5691
vn 0.6975 0.3591 -0.6201
vn -0.6877 0.3135 0.6548
vn 0.7257 0.3439 0.5959
vn -0.6795 -0.6585 -0.3235
vn 0.7383 -0.5625 -0.3721
vn -0.7745 0.4997 -0.3879
vn 0.6384 0.7545 -0.1523
vn -0.7153 -0.4051 0.5694
vn 0.6750 -0.1750 0.7168
vn -0.5663 -0.8015 -0.1922
vn 0.8376 -0.5397 0.0844
vn -0.5329 -0.1163 -0.8382
vn 0.7874 0.3624 -0.4986
vn -0.8629 0.4684 0.1897
vn 0.5178 0.8174 0.2524
vn -0.5352 -0.8196 0.2046
vn 0.8467 -0.3902 0.3616
vn -0.9402 0.3165 -0.1260
vn 0.3628 0.8677 -0.3399
vn -0.4357 -0.4256 0.7931
vn 0.8024 0.2710 0.5317
vn -0.4863 -0.8733 -0.0301
vn 0.8229 -0.4132 -0.3900
vn -0.3864 0.8357 0.3904
vn 0.1583 0.3458 -0.9249
vn 0.1022 0.8671 0.4876
vn 0.4582 0.2610 -0.8497
vn -0.3489 -0.1214 0.9293
vn 0.1073 -0.9316 -0.3473
vn -0.6127 0.7900 0.0230
vn 0.7354 0.5491 -0.3971
vn -0.5350 -0.1642 0.8287
vn 0.7825 -0.4895 0.3848
vn -0.8392 -0.5393 -0.0698
vn 0.5334 -0.7493 -0.3925
vn -0.6069 0.7671 0.2080
vn 0.7981 0.6018 0.0295
vn -0.5741 0.4756 0.6665
vn 0.8255 0.2907 0.4837
vn -0.7623 -0.5437 -0.3511
vn 0.6470 -0.6139 -0.4523
vn -0.5101 -0.2539 0.8218
vn 0.8609 -0.1795 0.4760
vn -0.8082 -0.4142 -0.4186
vn 0.5440 -0.1801 -0.8195
vn -0.6740 0.6181 0.4047
vn 0.6412 0.7483 -0.1701
vn -0.5189 -0.5743 0.6332
vn 0.8558 -0.3321 0.3965
vn -0.7365 -0.4122 -0.5364
vn 0.6044 0.0110 -0.7966
vn -0.7245 0.3982 0.5627
vn 0.6215 0.7694 0.1471
vn 0.7015 -0.3135 0.6401
vn -0.7135 -0.3763 0.5910
vn 0.6359 0.6027 0.4821
vn -0.7732 0.4266 0.4692
vn 0.7434 -0.1715 -0.6465
vn -0.6732 -0.3100 -0.6713
vn 0.5399 0.4703 0.6981
vn -0.8268 0.0764 0.5572
vn 0.5851 0.8077 -0.0720
vn -0.7694 0.5015 -0.3957
vn 0.8670 -0.3204 -0.3817
vn -0.4998 -0.6657 -0.5541
vn 0.6903 0.3072 0.6550
vn -0.7274 0.1775 0.6629
vn 0.6399 0.2764 -0.7171
vn -0.8345 0.1694 -0.5244
vn 0.6018 -0.4652 -0.6492
vn -0.8304 -0.4206 -0.3655
vn 0.4191 0.8750 -0.2423
vn -0.9081 0.4025 -0.1155
vn 0.8042 -0.5084 -0.3079
vn -0.7046 -0.5627 -0.4323
vn 0.7587 0.0995 0.6438
vn -0.7690 0.1685 0.6166
vn -0.1122 -0.3770 0.9194
vn 0.3841 -0.8034 -0.4549
vn -0.8483 0.3751 0.3736
vn -0.1726 0.1146 -0.9783
vn 0.5193 0.1723 0.8370
vn 0.8479 -0.0045 -0.5301
vn 0.1788 -0.0933 0.9794
vn 0.8460 -0.3882 -0.3654
vn -0.9764 -0.0696 0.2045
vn -0.0953 -0.1745 -0.9800
vn -0.3232 0.7359 0.5950
vn 0.1510 0.5725 -0.8059
vn -0.3031 -0.0969 0.9480
vn -0.4892 -0.7886 -0.3724
vn -0.1705 0.7530 0.6355
vn -0.4887 0.3590 -0.7952
vn 0.9259 0.2837 0.2493
vn 0.2666 -0.3687 -0.8905
vn -0.6013 -0.7971 -0.0551
vn 0.5011 -0.2798 -0.8189
vn -0.7853 0.3986 0.4737
vn 0.3650 0.8853 -0.2881
vn -0.0447 -0.1497 0.9877
vn 0.9250 0.3717 0.0786
vn -0.9475 -0.0324 0.3182
vn -0.2680 -0.1546 -0.9509
vn 0.5554 0.2462 0.7943
vn 0.7379 0.1172 -0.6646
vn 0.4890 0.1218 0.8638
vn 0.7545 -0.1328 -0.6427
vn -0.8713 -0.4085 0.2720
vn -0.2830 0.0201 -0.9589
vn 0.1799 0.4465 0.8765
vn 0.4737 0.7091 -0.5223
vn -0.0090 -0.7399 0.6727
vn 0.4067 -0.5414 -0.7358
vn -0.6072 -0.6005 0.5203
vn 0.5920 -0.7410 -0.3168
vn -0.9995 0.0301 -0.0040
vn 0.1908 -0.1422 -0.9713
vn 0.1263 0.2707 0.9544
vn 0.9860 -0.0091 -0.1667
vn 0.7178 0.6145 -0.3274
vn -0.6849 0.7261 -0.0615
vn 0.6453 -0.6215 -0.4442
vn -0.7614 -0.5871 -0.2750
vn 0.7397 -0.5675 0.3618
vn -0.6548 -0.4209 0.6278
vn -0.1927 0.7777 0.5984
vn -0.2090 0.4475 -0.8695
vn 0.8649 0.2345 0.4438
vn 0.3645 -0.2292 -0.9026
vn -0.0362 -0.2187 0.9751
vn -0.0240 -0.8926 -0.4503
vn -0.8628 0.2651 -0.4304
vn 0.4325 -0.1969 -0.8799
vn -0.4165 0.5868 0.6944
vn 0.9148 0.2842 0.2869
vn -0.7745 -0.4563 0.4382
vn 0.4695 -0.8723 -0.1369
vn -0.6104 0.5084 0.6074
vn 0.8051 0.4996 0.3198
vn -0.5238 -0.1367 0.8408
vn 0.8677 0.0225 0.4966
vn -0.7795 -0.2449 -0.5766
vn 0.6198 -0.1161 -0.7761
vn 0.8904 -0.1069 0.4425
vn 0.4312 0.0182 -0.9021
vn -0.0358 -0.6344 0.7722
vn -0.0737 -0.6823 -0.7273
vn -0.0504 0.6515 0.7570
vn -0.0694 0.6774 -0.7323
vn -0.0146 0.9997 0.0212
vn -0.9963 -0.0575 0.0635
vn 0.2471 0.9353 -0.2533
vn -0.9476 0.0673 -0.3122
vn 0.9919 -0.1269 -0.0101
vn -0.2285 -0.9724 0.0461
vn -0.6316 -0.2644 0.7288
vn -0.6255 -0.3438 -0.7004
vn -0.0820 0.7898 0.6078
vn -0.2095 0.5524 -0.8068
vn 0.6813 -0.1753 0.7107
vn 0.6247 -0.3625 -0.6916
vn 0.2622 0.6875 0.6772
vn 0.1770 0.5765 -0.7977
vn 0.0179 -0.6284 0.7776
vn 0.0093 -0.6891 -0.7246
vn -0.3179 0.6609 0.6798
vn -0.2712 0.6216 -0.7349
vn 0.2387 -0.5524 0.7987
vn 0.3429 -0.7199 -0.6035
vn -0.7985 -0.1277 0.5883
vn -0.4627 -0.2597 -0.8476
vn -0.0241 0.7302 0.6828
vn 0.0887 0.5584 -0.8248
vn -0.0561 -0.3806 0.9230
vn -0.0784 -0.8431 -0.5320
vn -0.0756 0.8598 0.5051
vn -0.1158 0.4906 -0.8637
vn 0.4602 0.7643 0.4517
vn 0.3392 0.1801 -0.9233
vn 0.5996 -0.7072 0.3747
vn -0.7971 -0.5731 0.1899
vn 0.7542 0.5631 0.3379
vn -0.6297 0.7729 0.0781
vn 0.7872 -0.0137 -0.6166
vn -0.6003 0.2329 -0.7651
vn 0.8836 -0.4466 0.1408
vn -0.5853 -0.7931 0.1687
vn 0.5717 0.8204 0.0120
vn -0.9030 0.4219 0.0808
vn 0.7639 -0.2870 -0.5780
vn -0.6128 -0.6660 -0.4254
vn 0.9498 -0.0796 -0.3025
vn 0.1864 -0.2483 0.9506
vn -0.2347 0.6682 -0.7060
vn -0.7392 0.2248 0.6349
vn 0.4374 -0.2845 -0.8531
vn -0.3553 -0.8943 0.2719
vn -0.4572 0.8542 -0.2475
vn -0.2178 0.0671 0.9737
vn -0.8502 0.3185 -0.4192
vn -0.4747 -0.6823 0.5560
vn 0.4507 0.1953 -0.8710
vn 0.6179 -0.7322 0.2867
vn -0.0954 0.5518 -0.8285
vn -0.8439 0.3721 0.3865
vn 0.0071 -0.3913 -0.9202
vn -0.7483 -0.5829 0.3167
vn 0.9967 -0.0421 -0.0696
vn 0.0456 -0.1868 0.9813
vn 0.0714 -0.3509 -0.9337
vn -0.6594 -0.7023 0.2683
vn 0.9894 0.1321 0.0600
vn -0.0786 -0.2848 0.9554
vn 0.1394 0.6215 -0.7709
vn -0.8501 0.4005 0.3419
vn -0.6731 -0.6722 -0.3084
vn -0.0715 -0.2390 0.9684
vn 0.4718 -0.4952 -0.7295
vn 0.7835 -0.0049 0.6214
vn -0.3798 0.2271 -0.8967
vn 0.1166 0.9573 0.2647
vn -0.0402 0.1089 -0.9932
vn 0.6798 0.7196 0.1417
vn -0.8934 0.1905 -0.4069
vn -0.0434 0.7939 0.6065
vn -0.5145 -0.8174 -0.2591
vn 0.2365 -0.3203 0.9173
vn 0.1600 -0.5113 -0.8444
vn 0.5472 -0.6528 0.5238
vn -0.0258 0.6210 -0.7834
vn 0.5435 0.6018 0.5852
vn -0.9532 -0.0733 -0.2932
vn -0.2165 -0.2549 0.9424
vn 0.2538 0.1877 -0.9489
vn 0.8604 0.3994 0.3167
vn -0.8709 0.3506 -0.3443
vn -0.0892 0.5059 0.8580
vn -0.6079 -0.7253 -0.3229
vn 0.1019 -0.4168 0.9033
vn -0.2211 0.7593 0.6120
vn 0.9582 0.2775 -0.0692
vn -0.8476 -0.3929 0.3566
vn 0.3885 -0.8959 -0.2157
vn -0.8243 0.4822 -0.2966
vn 0.4448 0.1672 -0.8799
vn 0.2751 -0.8211 0.5001
vn -0.8945 -0.3973 -0.2049
vn 0.7380 0.4206 0.5277
vn -0.4579 0.8825 -0.1069
vn 0.9406 -0.1012 -0.3241
vn -0.3004 0.2210 -0.9279
vn 0.3427 -0.6531 0.6753
vn -0.7441 -0.5600 -0.3643
vn 0.3761 0.5495 0.7461
vn -0.6812 0.6683 -0.2989
vn 0.9778 0.1527 -0.1434
vn -0.1873 0.2203 -0.9573
vn 0.8605 -0.2711 0.4313
vn -0.3671 -0.9275 0.0701
vn 0.2192 0.3661 0.9044
vn -0.9231 -0.3522 0.1547
vn 0.7969 0.5813 -0.1647
vn -0.5113 0.0542 -0.8577
vn 0.6792 0.7012 0.2167
vn -0.4908 0.4957 -0.7165
vn 0.9561 -0.2208 -0.1928
vn -0.2953 -0.4713 -0.8311
vn 0.3316 -0.1906 0.9239
vn -0.8413 -0.5397 -0.0320
vn 0.2913 0.9566 0.0114
vn 0.6543 -0.2375 -0.7179
vn -0.0823 0.3450 0.9350
vn 0.2218 -0.9162 0.3337
vn -0.8628 0.5055 -0.0048
vn -0.3825 -0.7097 -0.5916
vn 0.3964 -0.4016 -0.8256
vn 0.5707 0.8168 -0.0846
vn -0.5641 -0.2665 -0.7815
vn -0.2460 0.9644 -0.0967
vn 0.0456 -0.9921 0.1169
vn 0.3832 0.1821 0.9056
vn -0.6260 -0.4827 -0.6124
vn -0.5278 0.8438 -0.0967
vn -0.5859 -0.8064 0.0801
vn -0.3801 0.4019 0.8331
vn 0.6235 -0.7682 -0.1455
vn 0.6923 0.5564 0.4595
vn -0.4817 -0.7666 0.4246
vn -0.7154 0.6360 0.2894
vn 0.8788 -0.4468 0.1675
vn 0.3796 0.9241 0.0433
vn -0.2396 -0.9037 -0.3548
vn -0.6557 0.5065 -0.5599
vn 0.5937 -0.7424 0.3105
vn 0.7842 0.6100 -0.1136
vn -0.1159 -0.9401 -0.3207
vn 0.3596 0.3260 -0.8743
vn -0.8314 -0.3879 0.3980
vn -0.3623 0.9321 0.0034
vn -0.2291 0.9701 0.0803
vn -0.7537 -0.3466 0.5584
vn 0.3872 0.5089 -0.7688
vn -0.0471 -0.8680 -0.4943
vn 0.9086 0.3789 0.1756
vn 0.1918 -0.8603 0.4724
vn -0.0509 0.7371 0.6739
vn -0.3783 -0.6929 0.6138
vn -0.5598 0.8268 -0.0546
vn -0.7938 -0.5630 -0.2301
vn 0.8364 0.5034 -0.2169
vn 0.3761 -0.8656 -0.3305
vn -0.6621 -0.1188 -0.7399
vn 0.2560 -0.9564 0.1407
vn 0.2951 0.7186 -0.6297
vn 0.9329 -0.1773 0.3135
vn -0.5109 0.8571 -0.0663
vn 0.3605 0.2043 0.9101
vn -0.1970 0.8140 -0.5465
vn -0.2579 -0.7003 -0.6656
vn 0.4382 0.8301 0.3447
vn 0.6290 -0.7019 0.3342
vn -0.8589 0.3955 0.3255
vn -0.3617 -0.9319 -0.0257
vn -0.8548 0.5187 -0.0176
vn -0.4903 -0.8648 -0.1087
vn 0.4714 0.7821 -0.4075
vn 0.4589 -0.6623 -0.5922
vn 0.2551 0.7173 0.6484
vn 0.2087 -0.7975 0.5660
vn 0.6297 0.7608 0.1572
vn 0.7307 -0.5513 -0.4028
vn -0.6056 0.4518 0.6551
vn -0.4170 -0.8932 0.1682
vn -0.2264 0.9047 -0.3610
vn 0.0959 -0.3699 -0.9241
vn 0.2127 0.6236 0.7522
vn 0.1404 -0.8248 0.5477
vn -0.7492 0.6355 -0.1868
vn -0.5461 -0.7669 -0.3371
vn 0.5337 0.7939 -0.2914
vn 0.5043 -0.6128 -0.6084
vn 0.4826 0.0386 -0.8750
vn -0.2785 0.9602 -0.0228
vn -0.1464 -0.9567 -0.2516
vn -0.7925 0.0133 0.6098
vn 0.9911 -0.0880 -0.0999
vn 0.0896 0.6809 0.7269
vn 0.9529 -0.2925 0.0799
vn 0.0848 0.7839 0.6150
vn -0.0763 -0.3381 -0.9380
vn -0.6598 0.7428 -0.1132
vn 0.2086 -0.9664 0.1502
vn -0.5120 0.1023 0.8529
vn -0.2951 -0.9082 -0.2969
vn -0.2256 -0.1257 0.9661
vn 0.5435 -0.7877 -0.2900
vn 0.3420 0.0117 0.9396
vn -0.0024 0.2420 -0.9703
vn -0.0106 0.8796 0.4755
vn 0.1280 -0.9917 -0.0112
vn 0.2644 0.0585 0.9626
vn 0.1660 -0.0404 -0.9853
vn 0.3384 0.9328 0.1242
vn -0.8070 -0.5642 -0.1743
vn -0.4070 0.4368 0.8022
vn 0.6789 -0.3493 -0.6458
vn 0.4142 0.9099 0.0243
vn -0.2209 -0.3016 -0.9275
vn -0.1911 0.9550 -0.2270
vn -0.1369 -0.9533 0.2694
vn -0.1854 0.4180 0.8893
vn -0.4129 -0.8768 -0.2463
vn 0.9139 -0.3762 -0.1522
vn -0.7967 0.3239 -0.5103
vn 0.5119 0.8320 -0.2139
vn -0.8696 0.3023 0.3904
vn 0.4733 0.7914 0.3868
vn -0.2563 0.9506 -0.1752
vn -0.2706 -0.0117 0.9626
vn 0.0144 -0.1390 -0.9902
vn -0.0269 -0.9455 0.3245
vn 0.1671 0.9751 -0.1459
vn 0.1159 0.0310 0.9928
vn 0.6422 -0.3237 0.6948
vn -0.7289 0.0733 0.6806
vn 0.8156 0.4968 -0.2965
vn -0.5754 0.7851 -0.2291
vn 0.7827 0.2279 -0.5792
vn -0.6214 0.5971 -0.5072
vn 0.3427 -0.9362 -0.0782
vn -0.9408 -0.3381 -0.0256
vn 0.0411 -0.5491 0.8347
vn 0.0080 -0.7469 -0.6649
vn -0.6434 0.3119 0.6991
vn -0.5988 0.0094 -0.8008
vn -0.0684 0.6334 -0.7708
vn -0.0681 0.5177 -0.8529
vn 0.0030 0.5446 -0.8387
vn 0.0030 0.5369 -0.8437
vn 0.3173 0.8058 0.5000
vn 0.1602 0.2422 -0.9569
vn 0.6745 -0.5952 0.4368
vn -0.7749 -0.5680 0.2772
vn 0.6733 0.7208 0.1649
vn -0.7404 0.6659 0.0916
vn 0.7127 -0.3982 -0.5775
vn -0.7439 -0.4063 -0.5306
vn -0.0065 0.9825 0.1861
vn 0.0131 0.1860 -0.9825
vn 0.5686 -0.0249 0.8223
vn 0.6514 -0.3184 -0.6887
vn -0.5843 -0.0096 0.8115
vn -0.6481 -0.3134 -0.6941
vn -0.1480 0.8968 -0.4170
vn -0.4910 0.7453 0.4511
vn 0.3573 -0.3441 0.8683
vn -0.7653 0.2385 0.5979
vn -0.1001 -0.8263 -0.5542
vn -0.5640 -0.3217 0.7606
vn 0.8036 0.1540 -0.5748
vn 0.1629 0.6571 0.7360
vn 0.0879 0.8834 -0.4604
vn -0.1393 0.8869 0.4404
vn 0.8501 -0.5217 -0.0715
vn 0.5031 0.8590 0.0955
vn -0.4467 -0.7064 -0.5491
vn -0.3853 0.8699 -0.3080
vn -0.2117 -0.8104 0.5464
vn -0.1899 0.7181 0.6695
vn 0.0693 -0.9247 0.3743
vn 0.1002 0.5965 0.7963
vn 0.1711 -0.4916 -0.8538
vn 0.1511 0.9263 -0.3452
vn -0.7994 -0.4122 -0.4371
vn -0.4371 0.8992 0.0180
vn -0.7211 0.6784 0.1404
vn 0.7097 0.6965 0.1055
vn -0.7301 -0.6818 0.0455
vn 0.6929 -0.7192 0.0514
vn -0.7569 0.6112 -0.2314
vn 0.6542 0.7213 -0.2273
vn -0.7686 -0.4915 0.4094
vn 0.6513 -0.5811 0.4880
vn -0.6956 -0.6757 -0.2441
vn 0.7210 -0.6523 -0.2338
vn -0.6539 0.7547 -0.0524
vn 0.7650 0.6425 -0.0446
vn -0.7288 0.6449 0.2302
vn 0.6873 0.6830 0.2474
vn -0.5865 -0.8090 0.0390
vn 0.8592 -0.5100 0.0405
vn -0.8435 0.4919 -0.2156
vn 0.6245 0.7255 -0.2892
vn -0.2951 -0.8344 0.4656
vn -0.4508 0.6310 0.6314
vn 0.7180 -0.6226 -0.3113
vn 0.4898 0.8439 -0.2190
vn -0.6956 -0.7139 0.0807
vn -0.7038 0.7037 0.0973
vn -0.6826 -0.1744 -0.7097
vn -0.7096 -0.0066 0.7045
vn 0.0991 -0.7223 -0.6845
vn 0.1562 -0.6631 0.7321
vn 0.3767 0.5394 -0.7531
vn 0.3724 0.6502 0.6622
vn -0.3762 -0.6534 -0.6569
vn -0.3727 -0.5354 0.7579
vn 0.7349 -0.1786 -0.6543
vn 0.6529 0.0271 0.7570
vn -0.1639 0.5127 -0.8428
vn -0.1389 0.8225 0.5515
vn 0.5849 -0.2560 -0.7697
vn -0.8180 -0.1982 -0.5400
vn 0.8165 -0.2476 0.5215
vn -0.5792 -0.1678 0.7977
vn 0.6098 0.6207 -0.4928
vn -0.7727 0.6138 -0.1616
vn 0.7583 -0.0659 -0.6486
vn -0.6598 -0.0258 -0.7510
vn 0.7263 -0.6272 0.2812
vn -0.6687 -0.7435 0.0056
vn 0.6228 0.3254 0.7115
vn -0.7986 0.3899 0.4584
vn 0.7431 -0.0651 -0.6660
vn -0.6830 -0.0053 -0.7304
vn 0.7369 -0.6751 -0.0341
vn -0.6804 -0.7327 -0.0109
vn 0.7008 0.4213 0.5756
vn -0.7176 0.4356 0.5434
vn 0.6452 0.3326 -0.6878
vn -0.7536 0.5231 -0.3981
vn 0.6267 -0.4488 -0.6371
vn -0.7859 -0.4178 -0.4559
vn 0.7473 -0.1185 0.6538
vn -0.6619 0.0486 0.7480
vn -0.2082 -0.5417 -0.8144
vn -0.1525 -0.7908 0.5928
vn 0.6706 0.3642 -0.6463
vn 0.6062 0.1952 0.7710
vn -0.1668 0.7321 -0.6605
vn -0.0814 0.6520 0.7539
vn -0.1389 0.9425 -0.3039
vn 0.9477 0.2152 0.2358
vn -0.6811 0.6712 0.2925
vn 0.6668 0.1712 0.7253
vn -0.7407 -0.2924 -0.6049
vn 0.6189 -0.7620 -0.1905
vn -0.7895 0.4342 0.4338
vn 0.5723 -0.0671 0.8173
vn -0.7043 -0.1760 -0.6877
vn 0.6674 -0.6651 -0.3350
vn -0.1077 0.9525 -0.2849
vn 0.9781 0.1519 0.1421
vn -0.8776 0.0999 0.4689
vn 0.4810 -0.4462 0.7546
vn -0.6321 0.0839 -0.7704
vn 0.7495 -0.4336 -0.5002
vn -0.1111 0.9561 -0.2712
vn 0.9934 0.1150 0.0031
vn -0.5240 0.4634 -0.7146
vn 0.8471 -0.0988 -0.5222
vn -0.1456 0.9565 -0.2527
vn 0.9859 0.1178 -0.1188
vn -0.9099 -0.0798 0.4071
vn 0.4580 -0.6592 0.5964
vn -0.7209 -0.4814 0.4985
vn 0.6658 -0.7217 0.1893
vn -0.7218 0.3745 -0.5820
vn 0.6662 0.0486 -0.7442
vn -0.5455 0.8190 0.1779
vn 0.8227 0.5602 -0.0966
vn -0.7851 0.0239 0.6190
vn 0.5893 -0.3789 0.7136
vn -0.6823 -0.1756 -0.7096
vn 0.6937 -0.5774 -0.4305
vn -0.5658 0.8219 0.0663
vn 0.8126 0.4923 0.3119
vn -0.4820 -0.8679 0.1203
vn 0.8619 -0.4112 0.2966
vn -0.6303 -0.1661 -0.7584
vn 0.6821 0.4435 -0.5813
vn -0.8154 0.1509 0.5589
vn 0.5240 0.6578 0.5411
vn 0.3666 -0.9024 0.2264
vn -0.9454 -0.3227 0.0445
vn 0.7757 0.5545 0.3013
vn -0.5858 0.8104 0.0128
vn 0.9191 0.1509 -0.3639
vn -0.4814 0.5468 -0.6850
vn 0.2034 -0.9776 -0.0545
vn -0.9318 -0.1469 -0.3321
vn 0.5593 0.1996 0.8046
vn 0.7338 0.1506 -0.6625
vn -0.6340 0.4066 0.6579
vn -0.3283 0.5546 -0.7646
vn -0.0678 -0.8276 0.5572
vn 0.1925 -0.5560 -0.8086
vn -0.3611 -0.4200 0.8326
vn -0.3290 -0.8096 -0.4862
vn 0.0252 -0.7981 0.6020
vn -0.0609 -0.6033 -0.7952
vn 0.2442 0.6702 0.7008
vn 0.1427 0.6293 -0.7639
vn 0.7638 0.6300 -0.1401
vn -0.6618 0.7236 -0.1963
vn 0.7209 0.1069 -0.6848
vn -0.7003 0.2324 -0.6750
vn 0.5816 -0.7088 0.3992
vn -0.8141 -0.5010 0.2937
vn 0.8853 -0.3917 0.2506
vn -0.4516 -0.5834 0.6751
vn 0.5659 0.8054 -0.1765
vn -0.7183 0.5545 0.4203
vn 0.4506 0.1530 -0.8795
vn -0.8709 -0.2090 -0.4448
vn 0.6620 -0.7223 0.2003
vn -0.7485 -0.5831 0.3157
vn 0.7481 -0.2318 0.6219
vn -0.6694 -0.1166 0.7337
vn 0.6408 0.4796 -0.5995
vn -0.7600 0.5137 -0.3981
vn 0.1358 -0.7057 0.6954
vn 0.2646 0.7868 0.5577
vn 0.7362 -0.6219 -0.2668
vn 0.5630 0.8115 -0.1565
vn -0.7153 -0.6969 -0.0519
vn -0.6854 0.7253 -0.0651
vn 0.8051 -0.5455 0.2329
vn 0.4610 0.8643 0.2013
vn 0.4574 -0.6186 -0.6388
vn 0.2819 0.8435 -0.4572
vn -0.6134 -0.7762 0.1457
vn -0.7446 0.6332 0.2111
vn 0.6725 0.4356 -0.5983
vn -0.7386 0.6134 -0.2798
vn 0.7051 -0.7091 0.0076
vn -0.7342 -0.6622 0.1499
vn 0.7925 -0.0261 0.6094
vn -0.5897 0.3801 0.7126
vn -0.1508 -0.7858 0.5998
vn -0.1193 -0.5755 -0.8090
vn -0.4862 0.4768 0.7323
vn -0.2678 0.6947 -0.6676
vn 0.5583 0.3444 0.7548
vn 0.4548 0.6103 -0.6486
vn 0.9989 -0.0371 0.0294
vn -0.1711 -0.9700 0.1725
vn 0.2307 0.9730 -0.0050
vn -0.9349 0.0961 0.3417
vn -0.0320 0.9033 -0.4278
vn -0.9371 -0.2324 -0.2606
vn 0.7456 0.2071 0.6334
vn -0.7283 0.0766 0.6809
vn 0.5964 0.7903 -0.1404
vn -0.8637 0.4931 -0.1044
vn 0.8491 -0.4846 -0.2102
vn -0.7001 -0.6735 -0.2372
vn 0.6815 0.6996 -0.2147
vn -0.7371 0.6427 -0.2087
vn 0.7189 -0.0753 -0.6910
vn -0.7541 -0.2047 -0.6240
vn 0.7209 -0.2694 0.6385
vn -0.7417 -0.3480 0.5735
vn 0.5744 0.4738 -0.6675
vn -0.8707 0.3170 -0.3760
vn 0.5396 0.4199 -0.7297
vn -0.8783 0.1587 -0.4509
vn 0.7982 -0.3113 0.5157
vn -0.6856 -0.4001 0.6082
vn 0.4148 -0.4875 -0.7683
vn -0.8870 0.1249 -0.4446
vn 0.6824 -0.4600 0.5680
vn -0.6159 0.1657 0.7702
vn 0.7839 0.3859 -0.4864
vn -0.5481 0.8301 -0.1023
vn 0.6396 0.7210 0.2664
vn -0.8265 0.5393 0.1612
vn 0.6996 0.4258 -0.5738
vn -0.7179 0.3176 -0.6195
vn 0.7726 -0.5947 0.2221
vn -0.7177 -0.6816 0.1426
vn 0.6110 -0.4972 0.6160
vn -0.8408 -0.3716 0.3937
vn 0.7544 0.6429 -0.1324
vn -0.7372 0.6346 -0.2318
vn 0.7398 -0.5473 -0.3913
vn -0.6837 -0.5265 -0.5053
vn 0.7461 0.3281 -0.5794
vn -0.6789 0.2520 -0.6896
vn 0.8260 -0.5378 -0.1688
vn -0.6417 -0.7200 -0.2642
vn 0.5004 0.6052 0.6191
vn -0.8867 0.3136 0.3398
vn -0.7091 0.0030 0.7051
vn -0.7010 0.0211 -0.7128
vn -0.5699 0.3794 0.7288
vn -0.5667 0.4539 -0.6876
vn 0.7670 0.0580 0.6390
vn 0.6215 0.0607 -0.7810
vn -0.0602 -0.7511 0.6575
vn 0.0153 -0.6208 -0.7838
vn 0.7360 -0.6749 0.0526
vn -0.5273 -0.3195 0.7873
vn 0.9413 0.2823 0.1850
vn -0.3760 0.6974 0.6101
vn 0.3010 -0.2078 -0.9307
vn -0.9089 0.3485 -0.2291
vn 0.7338 -0.3034 0.6079
vn -0.6826 -0.4366 0.5860
vn 0.7733 0.6232 -0.1166
vn -0.6735 0.7127 -0.1960
vn 0.6543 -0.5534 -0.5155
vn -0.7839 -0.5001 -0.3678
vn 0.8170 -0.1103 0.5660
vn -0.6133 -0.1794 0.7692
vn 0.4666 0.8280 -0.3110
vn -0.9017 0.3996 -0.1652
vn 0.5348 0.3547 -0.7669
vn -0.9145 0.1812 -0.3617
vn 0.7034 -0.7090 -0.0507
vn -0.8145 -0.5796 -0.0266
vn -0.2119 -0.6839 0.6981
vn -0.4583 -0.4226 -0.7818
vn -0.1990 0.5905 0.7822
vn -0.4955 0.4694 -0.7309
vn 0.8034 -0.0208 0.5951
vn 0.5907 0.0000 -0.8069
vn 0.5007 0.5905 -0.6329
vn -0.8672 0.3760 -0.3265
vn 0.7974 -0.6034 -0.0093
vn -0.5579 -0.7370 0.3814
vn 0.8496 0.2017 0.4873
vn -0.4911 -0.1620 0.8559
vn 0.7900 0.6113 -0.0471
vn -0.6211 0.7567 0.2041
vn 0.7611 0.4102 -0.5025
vn -0.6490 0.5182 -0.5570
vn 0.6309 -0.7667 -0.1186
vn -0.7773 -0.6219 -0.0953
vn 0.6673 -0.5296 0.5237
vn -0.7277 -0.2913 0.6209
vn 0.1571 0.9568 0.2448
vn 0.0707 -0.2807 0.9572
vn -0.6858 0.4978 -0.5310
vn -0.6571 -0.7287 0.1931
vn 0.6689 0.3607 -0.6500
vn 0.5161 -0.8534 0.0728
vn -0.7606 -0.6420 0.0960
vn 0.6522 -0.7578 -0.0189
vn -0.6555 0.6855 -0.3168
vn 0.7493 0.4831 -0.4529
vn -0.6773 0.5997 0.4261
vn 0.7348 0.5114 0.4455
vn -0.6350 -0.7665 0.0963
vn 0.7741 -0.6289 0.0723
vn -0.7308 -0.0576 -0.6802
vn 0.6783 0.1279 -0.7236
vn -0.7295 0.6403 0.2404
vn 0.6826 0.7095 0.1751
vn 0.2624 -0.7443 0.6141
vn 0.2615 0.6920 0.6728
vn 0.1869 -0.7362 -0.6504
vn 0.2172 0.7952 -0.5661
vn -0.8011 -0.5824 0.1378
vn -0.5049 0.8424 0.1884
vn 0.8788 -0.1306 -0.4589
vn -0.3892 0.4105 -0.8247
vn 0.3427 -0.6280 0.6987
vn -0.9415 -0.2021 0.2696
vn 0.5196 -0.0277 0.8539
vn -0.6739 0.6427 0.3645
vn 0.6586 -0.6954 0.2877
vn -0.8342 -0.5182 0.1886
vn 0.7215 0.6771 0.1447
vn -0.8437 0.5352 0.0421
vn -0.8801 0.4716 -0.0560
vn -0.6601 0.7387 -0.1364
vn -0.6754 0.7017 -0.2269
vn -0.6985 0.6805 -0.2215
vn 0.6781 0.4865 -0.5510
vn -0.8163 0.3680 -0.4453
vn 0.8278 -0.1766 -0.5325
vn -0.4924 -0.7267 -0.4790
vn 0.7928 -0.1811 0.5820
vn -0.5470 -0.6870 0.4783
vn 0.4900 0.8715 0.0163
vn -0.8747 0.4836 0.0333
vn 0.4545 -0.8898 -0.0407
vn -0.8339 -0.3887 -0.3918
vn 0.4073 -0.8002 0.4401
vn -0.9178 -0.3572 0.1734
vn 0.8750 0.4836 0.0245
vn -0.4614 0.8450 -0.2703
vn 0.7886 0.3037 -0.5347
vn -0.6255 0.2895 -0.7245
vn 0.6269 -0.7314 0.2687
vn -0.7656 -0.6426 0.0308
vn 0.6602 0.7008 0.2704
vn -0.7440 0.6668 0.0428
vn 0.6533 0.6501 -0.3881
vn -0.7089 0.2782 -0.6481
vn 0.8187 -0.5743 -0.0049
vn -0.5632 -0.7784 -0.2774
vn 0.5802 0.5286 0.6197
vn -0.8206 0.3125 0.4786
vn 0.3668 -0.1854 0.9116
vn -0.9138 0.1800 0.3641
vn 0.8977 0.4148 -0.1489
vn -0.5590 0.7670 -0.3150
vn 0.5777 -0.8019 0.1524
vn -0.8471 -0.5314 -0.0073
vn 0.8601 -0.5097 -0.0222
vn -0.6894 -0.7058 -0.1633
vn 0.6513 0.6813 0.3341
vn -0.8714 0.4736 0.1276
vn 0.4513 0.8616 -0.2322
vn -0.8923 0.4308 -0.1353
vn -0.1246 -0.0922 0.9879
vn 0.9901 -0.0084 0.1404
vn -0.2461 -0.2694 0.9310
vn 0.8929 -0.4390 0.0998
vn -0.9226 -0.1007 -0.3725
vn 0.3951 -0.1731 -0.9022
vn -0.5852 0.5681 0.5787
vn 0.7356 0.6765 0.0355
vn 0.4182 0.8835 -0.2110
vn -0.9052 0.3835 -0.1832
vn 0.7987 -0.1704 -0.5771
vn -0.7287 -0.1184 -0.6745
vn 0.7738 -0.2410 0.5858
vn -0.7405 -0.2564 0.6212
vn -0.8195 -0.5670 -0.0838
vn 0.5927 -0.7906 -0.1537
vn -0.6118 0.7887 -0.0602
vn 0.7966 0.5816 -0.1652
vn -0.7510 -0.2062 0.6273
vn 0.6335 -0.5273 0.5663
vn -0.7755 -0.3085 -0.5508
vn 0.5961 -0.0545 -0.8011
vn -0.8542 0.4605 -0.2415
vn 0.5128 0.6261 -0.5874
vn -0.5380 -0.5087 0.6722
vn 0.8435 -0.3744 0.3851
vn -0.8090 0.2695 -0.5224
vn 0.5976 0.2697 -0.7551
vn -0.6358 0.6523 0.4127
vn 0.7648 0.6146 0.1934
vn -0.5982 -0.5748 0.5584
vn 0.7970 -0.5231 0.3020
vn -0.6372 0.7407 0.2132
vn -0.7510 -0.6593 0.0351
vn -0.2334 0.7909 -0.5656
vn -0.4612 -0.6103 -0.6441
vn 0.7471 0.5953 0.2956
vn 0.5619 -0.8080 0.1773
vn 0.2173 0.7348 0.6425
vn 0.4604 -0.6981 0.5484
vn -0.7939 0.5806 -0.1806
vn -0.4559 -0.8203 -0.3453
vn 0.6428 0.7661 -0.0015
vn 0.7463 -0.6296 -0.2162
vn 0.5481 -0.6367 -0.5424
vn -0.9202 -0.1837 -0.3457
vn 0.3059 -0.9476 0.0924
vn -0.8971 -0.2217 0.3822
vn 0.8839 0.4622 -0.0716
vn -0.5549 0.7882 0.2660
vn 0.5067 0.8218 -0.2605
vn -0.8267 0.2383 -0.5097
vn 0.7976 -0.5791 0.1689
vn -0.5710 -0.8070 -0.1508
vn 0.4324 0.7356 0.5215
vn -0.9490 0.2480 0.1948
vn 0.4942 -0.2161 0.8421
vn -0.8612 0.0518 0.5057
vn 0.8489 0.4435 -0.2874
vn -0.5224 0.6148 -0.5909
vn 0.4992 -0.7879 0.3605
vn -0.8444 -0.5353 -0.0217
vn 0.4377 -0.8300 0.3456
vn -0.9120 -0.3745 0.1671
vn 0.8612 0.4537 0.2291
vn -0.5511 0.8113 0.1953
vn 0.8012 -0.0239 -0.5979
vn -0.5885 0.2168 -0.7789
vn 0.0664 -0.7214 0.6894
vn -0.9163 0.2509 0.3121
vn 0.9964 0.0718 -0.0439
vn -0.1130 0.9168 -0.3830
vn 0.2440 -0.9692 -0.0344
vn -0.8269 -0.1643 -0.5378
vn 0.9296 -0.2195 -0.2960
vn 0.1107 0.9613 -0.2523
vn -0.3254 -0.9452 -0.0274
vn -0.9036 0.3912 -0.1747
vn 0.4221 -0.6184 0.6630
vn -0.0670 0.8220 0.5655
vn 0.8819 -0.4453 -0.1552
vn -0.4890 -0.8673 0.0932
vn 0.4600 0.8572 0.2313
vn -0.8650 0.3264 0.3812
vn 0.5706 0.5767 -0.5847
vn -0.8268 0.3322 -0.4539
vn 0.6567 -0.0089 -0.7541
vn -0.8545 0.0017 -0.5194
vn 0.6007 -0.7992 -0.0192
vn -0.8239 -0.5014 0.2641
vn 0.7001 0.7114 -0.0614
vn -0.6931 0.6770 0.2476
vn 0.5216 0.8373 0.1640
vn -0.9278 0.3729 -0.0094
vn 0.8035 0.0790 -0.5900
vn -0.5253 -0.5038 -0.6858
vn 0.7979 -0.6004 0.0536
vn -0.6238 -0.7718 -0.1236
vn -0.3380 0.9397 -0.0523
vn -0.6606 -0.3590 -0.6593
vn 0.8664 0.4230 0.2655
vn 0.4388 -0.8667 -0.2373
vn -0.6003 0.6816 0.4185
vn -0.7560 -0.6500 -0.0772
vn 0.9586 -0.0258 -0.2835
vn -0.1580 -0.9260 -0.3430
vn 0.1229 0.7692 0.6271
vn -0.8423 -0.2766 0.4625
vn 0.1960 0.9696 -0.1462
vn -0.9070 0.0840 -0.4126
vn -0.8753 -0.4333 -0.2146
vn 0.5563 -0.6758 -0.4836
vn -0.3972 0.9026 0.1661
vn 0.9173 0.3969 -0.0322
vn -0.6101 0.3637 0.7039
vn 0.8399 0.2500 0.4817
vn -0.7597 -0.5090 0.4047
vn 0.6085 -0.7838 0.1240
vn -0.8376 0.0542 -0.5437
vn 0.5947 -0.2220 -0.7727
vn -0.4737 0.7227 0.5033
vn 0.9162 0.3614 0.1734
vn -0.7277 0.2240 0.6483
vn 0.7325 -0.0186 0.6805
vn -0.7330 -0.2226 -0.6428
vn 0.6666 -0.4914 -0.5605
vn -0.5411 0.8397 -0.0460
vn 0.8840 0.4528 0.1166
vn -0.7150 -0.2090 -0.6671
vn 0.6956 -0.0709 -0.7149
vn -0.7761 0.4098 -0.4793
vn 0.6322 0.5208 -0.5736
vn -0.6862 -0.1965 0.7003
vn 0.7257 -0.0916 0.6819
vn -0.7712 0.5856 -0.2497
vn 0.6448 0.6817 -0.3457
vn -0.6957 0.0730 0.7146
vn 0.7154 0.2072 0.6673
vn -0.6690 -0.7377 -0.0907
vn 0.7512 -0.6276 -0.2048
vn -0.8251 0.5160 0.2302
vn 0.6811 0.6694 0.2966
vn -0.7331 -0.6800 0.0154
vn 0.7154 -0.6987 -0.0054
vn -0.5005 0.0026 -0.8657
vn 0.8836 -0.0444 -0.4662
vn 0.4410 0.1756 0.8801
vn -0.8935 0.1873 0.4081
vn 0.6548 0.7414 0.1470
vn -0.6528 0.5847 -0.4816
vn 0.8194 -0.5608 -0.1189
vn -0.5197 -0.4899 -0.6999
vn 0.7215 -0.5487 -0.4223
vn -0.5611 -0.8091 0.1748
vn 0.8548 0.2240 0.4680
vn -0.4586 -0.1546 0.8751
vn 0.4314 0.5467 -0.7177
vn -0.9007 0.3103 -0.3041
vn 0.6798 0.5716 0.4596
vn -0.7439 0.4256 0.5153
vn 0.6283 0.3873 -0.6747
vn -0.7720 0.1772 -0.6105
vn 0.7487 -0.6379 0.1803
vn -0.6789 -0.7165 0.1606
vn 0.5044 0.7654 -0.3997
vn -0.8397 0.5428 0.0139
vn 0.4946 0.1640 -0.8535
vn -0.8348 -0.2172 -0.5059
vn 0.8690 -0.1058 0.4834
vn -0.4846 -0.4134 0.7709
vn -0.5976 0.3753 -0.7086
vn -0.1914 0.6771 0.7105
vn -0.0033 -0.8888 -0.4583
vn 0.1734 -0.3702 0.9126
vn -0.1769 -0.2517 0.9515
vn 0.3573 -0.7473 0.5603
vn -0.0546 0.7176 -0.6943
vn 0.1000 0.6958 0.7113
vn 0.1263 0.6124 -0.7804
vn 0.1241 0.5532 0.8238
vn -0.8646 -0.0752 -0.4969
vn -0.4333 -0.0636 0.8990
vn 0.0078 -0.7019 -0.7122
vn 0.0053 -0.4985 0.8669
vn 0.8188 0.1048 -0.5644
vn 0.5159 0.2626 0.8154
vn -0.5585 -0.2130 -0.8017
vn -0.7872 -0.0592 0.6138
vn 0.8396 0.0455 -0.5413
vn 0.5221 0.1675 0.8363
vn -0.0741 -0.1985 -0.9773
vn 0.9972 0.0348 -0.0657
vn -0.9781 0.1816 0.1015
vn 0.2102 0.4066 0.8891
vn -0.9707 -0.1405 0.1947
vn 0.2141 0.0685 0.9744
vn -0.2725 -0.1392 -0.9520
vn 0.9869 -0.1243 -0.1025
vn 0.2178 0.7905 -0.5725
vn 0.7386 0.3441 0.5798
vn 0.1747 0.9730 -0.1510
vn 0.9038 0.1726 0.3916
vn -0.6746 0.7382 -0.0086
vn 0.6470 0.4644 0.6048
vn -0.6953 -0.6952 -0.1823
vn 0.6053 -0.6346 0.4806
vn -0.0718 0.7375 -0.6715
vn 0.1413 0.6737 0.7253
vn -0.7335 0.2355 -0.6375
vn -0.2311 0.5737 0.7858
vn 0.1409 -0.6669 -0.7317
vn 0.6130 -0.4047 0.6785
vn -0.0982 0.7632 -0.6387
vn 0.2119 0.6419 0.7369
vn -0.8053 0.1003 -0.5843
vn -0.2219 0.4677 0.8556
vn 0.1551 -0.5698 -0.8070
vn 0.7452 -0.2838 0.6034
vn -0.1805 0.8176 -0.5468
vn 0.4204 0.5690 0.7067
vn -0.7717 -0.0609 -0.6330
vn 0.0454 0.2809 0.9586
vn -0.1308 -0.4132 -0.9012
vn 0.8026 -0.1711 0.5715
vn 0.1204 -0.7996 0.5883
vn 0.6704 0.4734 0.5713
vn 0.9776 -0.1677 0.1271
vn 0.6791 -0.0704 0.7307
vn -0.9662 0.1843 0.1802
vn 0.4062 0.0461 0.9126
vn -0.2714 0.8891 -0.3685
vn 0.8015 0.4161 0.4295
vn 0.4048 0.2811 0.8701
vn 0.5582 -0.0131 0.8296
vn -0.7627 -0.1392 -0.6316
vn 0.9787 -0.1950 -0.0644
vn 0.4602 0.8693 -0.1802
vn -0.8882 0.4541 -0.0703
vn 0.6702 -0.3656 -0.6459
vn -0.8842 -0.0707 -0.4618
vn 0.6448 -0.7147 0.2711
vn -0.8147 -0.4927 0.3059
vn 0.7308 0.6538 0.1963
vn -0.7379 0.6489 0.1857
vn 0.4963 0.8126 -0.3054
vn -0.8674 0.4962 -0.0387
vn -0.1734 0.9337 -0.3132
vn 0.9276 0.2617 0.2666
vn -0.5266 0.8201 0.2239
vn 0.7452 0.2189 0.6299
vn -0.7749 -0.3171 -0.5467
vn 0.5622 -0.8166 -0.1306
vn -0.1491 -0.4534 -0.8787
vn 0.9847 0.0371 -0.1703
vn -0.7154 0.4918 -0.4963
vn 0.5833 0.8068 0.0940
vn -0.8579 -0.3702 0.3563
vn 0.4040 0.0535 0.9132
vn -0.6454 -0.6952 -0.3166
vn 0.8274 -0.5601 0.0422
vn -0.2515 0.7304 -0.6351
vn 0.9611 0.2761 0.0028
vn -0.7446 0.6233 0.2389
vn 0.6505 0.3433 0.6775
vn -0.6781 -0.7296 0.0893
vn 0.6523 -0.5230 0.5486
vn 0.4704 0.8286 -0.3035
vn -0.8412 0.5198 0.1491
vn 0.6492 -0.4066 -0.6428
vn -0.9540 -0.0400 -0.2972
vn 0.9301 0.0316 0.3660
vn -0.6878 0.3382 0.6424
vn 0.5357 -0.4559 -0.7107
vn -0.9980 0.0520 -0.0368
vn 0.9898 -0.0489 0.1341
vn -0.5987 0.3909 0.6991
vn 0.4522 0.7922 -0.4098
vn -0.7649 0.5735 0.2934
vn 0.2921 -0.5105 -0.8087
vn -0.9073 0.2271 0.3539
vn 0.9351 -0.2387 -0.2619
vn -0.3783 0.4573 0.8048
vn 0.3653 0.7306 -0.5768
vn -0.5921 0.6497 0.4768
vn -0.0749 -0.5385 -0.8393
vn -0.8180 0.2779 0.5036
vn 0.8528 -0.3038 -0.4248
vn 0.0222 0.5077 0.8612
vn 0.2117 0.6874 -0.6947
vn -0.3707 0.7061 0.6034
vn -0.2240 -0.5673 -0.7925
vn -0.7825 0.2468 0.5717
vn 0.7937 -0.3194 -0.5178
vn 0.2188 0.5275 0.8209
vn 0.0497 0.6657 -0.7445
vn -0.2289 0.7302 0.6437
vn 0.7720 -0.2753 -0.5730
vn 0.2720 0.5664 0.7780
vn 0.0148 0.6455 -0.7636
vn -0.1642 0.7533 0.6369
vn -0.2644 -0.6300 -0.7302
vn -0.7804 0.1154 0.6145
vn 0.7298 -0.1855 -0.6580
vn 0.3251 0.6359 0.7000
vn 0.0720 0.6108 -0.7885
vn -0.0255 0.7887 0.6143
vn -0.2713 -0.6899 -0.6712
vn -0.7342 -0.0342 0.6781
vn 0.8132 -0.4966 -0.3034
vn 0.0403 -0.2811 0.9588
vn 0.9467 0.1437 -0.2882
vn 0.1182 0.4079 0.9053
vn -0.3954 -0.0823 -0.9148
vn -0.9021 0.1651 0.3987
vn -0.8203 0.5710 -0.0325
vn 0.6655 0.6703 0.3282
vn -0.7388 -0.6565 0.1522
vn 0.7147 -0.4984 0.4907
vn -0.2562 -0.0003 -0.9666
vn 0.9774 0.0995 -0.1866
vn -0.6627 0.2924 -0.6894
vn -0.6024 -0.7401 0.2990
vn 0.6644 0.2129 -0.7164
vn 0.6203 -0.6700 0.4079
vn -0.3089 0.9324 -0.1879
vn -0.1395 0.1187 0.9831
vn -0.4706 0.6952 -0.5434
vn -0.7798 -0.0718 0.6219
vn -0.1653 0.1740 -0.9708
vn -0.6331 -0.7715 0.0635
vn 0.9019 0.2113 -0.3767
vn 0.3391 -0.5331 0.7751
vn -0.3767 0.8668 -0.3269
vn -0.8522 -0.1959 0.4852
vn 0.6273 0.0154 -0.7786
vn -0.0149 -0.9957 0.0918
vn 0.6684 0.7326 0.1285
vn 0.0264 -0.3037 0.9524
vn -0.2727 0.5514 -0.7884
vn -0.9321 -0.1774 0.3159
vn 0.9779 -0.0706 -0.1966
vn 0.0982 -0.6185 0.7796
vn 0.3474 0.9071 -0.2376
vn -0.2145 0.2251 0.9504
vn 0.0885 0.7718 -0.6297
vn 0.8526 0.1141 0.5100
vn -0.9989 -0.0393 -0.0263
vn 0.0376 -0.5595 0.8280
vn -0.1036 0.1334 -0.9856
vn 0.6965 -0.7132 -0.0790
vn -0.8994 -0.1126 0.4224
vn 0.4483 -0.3386 0.8272
vn -0.8919 -0.4271 0.1483
vn 0.4615 -0.6438 0.6104
vn -0.3742 0.5052 -0.7776
vn 0.9366 0.2328 -0.2618
vn 0.2431 0.7192 -0.6510
vn 0.8918 0.0589 0.4486
vn -0.2724 0.8765 -0.3969
vn 0.5800 0.3937 0.7131
vn -0.8807 -0.2120 -0.4236
vn 0.0306 -0.7445 0.6669
vn -0.7038 -0.6312 0.3261
vn 0.7181 -0.6392 0.2752
vn -0.6134 0.3155 -0.7240
vn 0.7976 0.1714 -0.5783
vn -0.7069 0.7073 0.0026
vn 0.7409 0.6716 -0.0110
vn 0.6077 0.7496 -0.2623
vn -0.8197 0.5684 -0.0703
vn 0.5390 0.1028 -0.8360
vn -0.8565 -0.0926 -0.5078
vn 0.8104 -0.1707 0.5604
vn -0.5899 -0.3453 0.7300
vn 0.9700 0.1395 -0.1992
vn 0.1933 -0.0807 0.9778
vn -0.2923 0.4089 -0.8645
vn -0.7229 0.3855 0.5734
vn -0.3077 -0.2005 -0.9301
vn -0.7033 -0.5126 0.4926
vn 0.7673 0.5391 -0.3473
vn 0.1756 0.1325 0.9755
vn -0.4305 -0.0955 -0.8975
vn -0.7959 -0.4071 0.4481
vn 0.1305 -0.3736 -0.9184
vn -0.3712 -0.8441 0.3870
vn 0.9668 0.2433 -0.0775
vn 0.2162 -0.9111 0.3508
vn -0.1228 0.9906 0.0611
vn -0.5975 -0.2279 0.7688
vn -0.3382 0.6695 -0.6614
vn -0.7021 -0.6863 -0.1899
vn -0.8281 -0.1287 -0.5456
vn 0.5370 -0.7184 -0.4422
vn -0.2172 0.9485 -0.2308
vn 0.9725 0.1126 -0.2039
vn -0.8384 -0.0730 0.5401
vn 0.4646 -0.7447 0.4792
vn 0.3144 0.7265 -0.6110
vn 0.7120 -0.6428 -0.2827
vn 0.2439 0.9690 -0.0390
vn 0.8848 -0.3104 0.3475
vn -0.9517 0.2934 0.0904
vn -0.1910 -0.9360 0.2958
vn 0.2271 0.1502 -0.9622
vn 0.3028 -0.9519 0.0466
vn 0.3444 0.9300 -0.1283
vn 0.5037 -0.1625 0.8485
vn -0.8881 0.2402 -0.3920
vn -0.3832 -0.7647 0.5181
vn -0.4532 0.2761 -0.8476
vn -0.3994 -0.9164 0.0249
vn 0.6600 0.7261 -0.1928
vn 0.6830 -0.4993 0.5331
vn -0.6037 0.7889 0.1150
vn -0.4753 -0.5609 0.6779
vn -0.6664 -0.7366 -0.1150
vn 0.7071 -0.6261 0.3287
vn -0.3517 0.0637 -0.9339
vn 0.9460 -0.0051 -0.3241
vn -0.6824 0.6587 -0.3169
vn 0.7320 0.6794 0.0514
vn -0.7897 -0.0137 0.6134
vn 0.6252 -0.0804 0.7763
vn -0.5674 0.7682 0.2965
vn -0.5964 -0.7396 0.3121
vn 0.4078 0.7821 -0.4712
vn 0.4840 -0.7296 -0.4831
vn 0.8448 0.4823 0.2318
vn 0.4790 -0.8768 0.0423
vn -0.6758 0.4683 0.5692
vn -0.4429 -0.8866 0.1336
vn 0.0672 0.8777 -0.4745
vn 0.0767 -0.5956 -0.7996
vn 0.4072 0.4835 0.7748
vn 0.3044 -0.9006 0.3102
vn -0.8249 0.4532 -0.3380
vn 0.4989 0.2598 -0.8268
vn -0.4306 0.0785 0.8991
vn 0.9024 -0.0488 0.4281
vn -0.8650 -0.3383 -0.3706
vn 0.4851 -0.3654 -0.7945
vn -0.6074 -0.4125 0.6789
vn 0.9037 -0.3379 0.2630
vn -0.6799 -0.7259 -0.1036
vn 0.6847 -0.4452 -0.5771
vn -0.6524 0.7328 -0.1933
vn 0.7042 0.3559 -0.6143
vn -0.3663 0.8978 0.2444
vn 0.8960 0.3832 -0.2242
vn -0.9969 0.0209 0.0756
vn 0.1047 -0.0607 0.9926
vn -0.0702 -0.4210 -0.9043
vn 0.8766 -0.4453 0.1826
vn -0.0088 0.2211 -0.9752
vn 0.9883 0.1365 0.0679
vn -0.8016 0.5803 -0.1437
vn 0.6198 0.7386 -0.2653
vn -0.6343 -0.3964 0.6638
vn 0.7985 -0.0568 0.5992
vn -0.5138 -0.7840 -0.3484
vn 0.8379 -0.2962 -0.4585
vn -0.9034 -0.2325 -0.3602
vn 0.4352 -0.2209 -0.8728
vn -0.5737 0.7801 0.2499
vn 0.6775 0.5924 -0.4360
vn -0.4593 -0.2801 0.8430
vn 0.8469 -0.4404 0.2980
vn 0.0099 -0.7715 -0.6361
vn 0.8892 -0.2347 0.3928
vn -0.4216 0.1337 -0.8969
vn 0.4491 0.8934 -0.0111
vn -0.9807 -0.1518 0.1234
vn 0.0863 0.3741 0.9234
vn -0.5766 -0.0716 -0.8139
vn 0.8518 0.2214 -0.4748
vn -0.7434 0.1140 0.6591
vn 0.6779 0.3000 0.6712
vn -0.6426 -0.7661 -0.0106
vn 0.7664 -0.5582 0.3180
vn -0.4511 -0.8772 0.1642
vn 0.9064 -0.4218 0.0230
vn -0.8476 0.5033 -0.1685
vn 0.5773 0.7374 -0.3506
vn -0.7769 0.5036 0.3779
vn 0.7152 0.5884 0.3773
vn -0.3928 -0.1165 -0.9122
vn 0.7846 0.5402 -0.3043
vn -0.8600 0.3745 -0.3467
vn 0.4395 0.8980 0.0185
vn -0.7774 -0.1715 0.6051
vn 0.5066 0.4720 0.7215
vn -0.4633 -0.8274 -0.3175
vn 0.9044 -0.4253 -0.0346
vn -0.5723 0.8197 0.0215
vn 0.8513 0.5201 0.0689
vn -0.6537 -0.6825 0.3269
vn 0.7968 -0.5678 0.2067
vn -0.7497 0.4771 -0.4585
vn 0.8031 0.2608 -0.5357
vn -0.6443 0.7463 0.1671
vn 0.7910 0.5497 0.2685
vn -0.8789 -0.4737 -0.0566
vn 0.5271 -0.8491 -0.0360
vn -0.4756 0.6056 -0.6380
vn 0.8752 0.1074 -0.4717
vn -0.3851 -0.9224 0.0300
vn -0.6523 0.5461 -0.5256
vn 0.2227 -0.8995 0.3759
vn -0.3681 0.7868 -0.4955
vn 0.2024 -0.8986 0.3892
vn -0.5099 0.7938 -0.3315
vn 0.8435 -0.0240 -0.5366
vn -0.5342 0.0989 -0.8396
vn 0.5173 -0.5310 0.6712
vn -0.8482 -0.4484 0.2819
vn 0.5797 0.4003 0.7097
vn -0.7706 0.5583 0.3075
vn 0.6783 -0.7059 0.2039
vn -0.7215 -0.6885 -0.0736
vn 0.6149 0.6682 0.4189
vn -0.7767 0.6156 0.1335
vn 0.8038 0.4905 -0.3366
vn -0.5847 0.4932 -0.6442
vn 0.6350 -0.7550 0.1634
vn -0.7807 -0.6222 0.0586
vn 0.7656 0.5669 0.3040
vn -0.6387 0.7651 0.0813
vn 0.8089 0.2153 -0.5471
vn -0.5683 0.5654 -0.5978
vn 0.9008 0.3872 -0.1966
vn -0.4254 0.6584 -0.6210
vn 0.4586 -0.7645 0.4530
vn -0.8659 -0.5002 0.0079
vn 0.3751 -0.2331 0.8972
vn -0.9126 0.0871 0.3995
vn -0.8652 -0.0907 0.4932
vn 0.4067 -0.8245 0.3933
vn -0.9475 -0.0221 -0.3191
vn 0.2844 -0.9055 -0.3150
vn 0.0055 0.9966 0.0820
vn 0.9969 -0.0362 0.0698
vn -0.9713 -0.2043 -0.1221
vn 0.2851 -0.9533 -0.0996
vn -0.0122 0.9998 -0.0178
vn 0.9998 -0.0106 -0.0150
vn -0.2520 0.9145 0.3165
vn 0.9484 -0.0092 0.3170
vn -0.5216 -0.7618 0.3842
vn 0.8922 -0.2916 0.3449
vn -0.7103 -0.3268 -0.6235
vn 0.7561 -0.0098 -0.6543
vn -0.7656 0.6382 -0.0818
vn 0.6488 0.7607 -0.0221
vn -0.8767 -0.3473 -0.3328
vn 0.5045 -0.8077 -0.3052
vn -0.4755 0.8771 0.0673
vn 0.9050 0.4000 0.1445
vn -0.8101 -0.5863 0.0021
vn 0.5917 -0.8017 0.0848
vn -0.4289 0.6939 -0.5785
vn 0.9101 0.3170 -0.2669
vn -0.5130 0.8339 0.2038
vn 0.7307 0.2457 0.6370
vn -0.8463 -0.4860 -0.2180
vn 0.4749 -0.8446 0.2473
vn -0.4424 0.7754 0.4505
vn 0.8742 0.1975 0.4435
vn -0.9267 -0.3491 -0.1391
vn 0.3852 -0.9226 -0.0208
vn -0.5676 0.5384 -0.6228
vn 0.8043 0.1643 -0.5711
vn -0.1342 0.9844 0.1134
vn 0.9074 0.1149 -0.4042
vn -0.4469 0.2239 0.8661
vn 0.4637 -0.7824 0.4157
vn -0.9613 0.0820 -0.2629
vn 0.1246 -0.8078 -0.5762
vn 0.1432 0.8090 0.5701
vn 0.9391 -0.3068 0.1549
vn -0.8092 0.1595 0.5655
vn 0.0618 -0.9519 0.3000
vn -0.4456 0.7679 -0.4602
vn 0.4733 -0.2587 -0.8420
vn 0.3322 0.9025 0.2742
vn 0.8677 -0.4173 0.2700
vn -0.9656 0.2600 0.0070
vn -0.2379 -0.9710 0.0234
vn 0.0977 0.9102 -0.4024
vn 0.7978 -0.3412 -0.4971
vn -0.7878 0.6159 0.0057
vn 0.6417 0.7670 -0.0052
vn -0.6011 -0.7069 0.3727
vn 0.8103 -0.5128 0.2835
vn -0.7329 -0.5102 -0.4500
vn 0.6832 -0.5125 -0.5202
vn -0.8198 0.5533 -0.1473
vn 0.5769 0.8085 -0.1160
vn -0.5526 -0.6348 0.5401
vn 0.8002 -0.1823 0.5714
vn -0.5101 -0.8601 0.0068
vn 0.8764 -0.4815 -0.0092
vn -0.5190 -0.8504 -0.0865
vn 0.8465 -0.5078 0.1599
vn -0.7301 0.2624 -0.6310
vn 0.6461 0.6020 -0.4691
vn -0.8126 0.5828 -0.0016
vn 0.5690 0.7885 0.2333
vn 0.2470 -0.9662 -0.0733
vn 0.9368 0.3483 -0.0323
vn -0.9838 -0.0176 -0.1785
vn 0.0206 0.9998 -0.0072
vn 0.1539 -0.9834 0.0959
vn 0.8908 0.3718 0.2613
vn 0.4134 -0.9103 -0.0204
vn 0.8040 0.4387 -0.4014
vn -0.8764 -0.4815 -0.0075
vn -0.4158 0.8539 -0.3131
vn -0.1166 -0.5587 0.8211
vn 0.1872 0.8093 0.5568
vn -0.5842 -0.7936 -0.1698
vn 0.7384 -0.3904 -0.5499
vn -0.9140 0.3525 -0.2010
vn 0.4227 0.8013 -0.4234
vn -0.3438 -0.6782 0.6495
vn 0.9368 -0.0937 0.3370
vn 0.1803 -0.9814 -0.0659
vn 0.1948 0.2117 -0.9577
vn -0.7695 -0.4724 0.4298
vn -0.6149 0.6298 -0.4745
vn 0.1067 -0.0433 0.9933
vn 0.1115 0.9919 -0.0615
vn -0.2241 0.9607 -0.1637
vn -0.4608 -0.3192 -0.8281
vn 0.7247 0.2890 0.6256
vn 0.3747 -0.9216 -0.1018
vn -0.3002 0.2649 0.9164
vn -0.4355 -0.8951 0.0960
vn -0.4953 0.3096 0.8117
vn -0.4659 0.6648 -0.5839
vn -0.0233 0.5358 0.8441
vn 0.0575 0.8176 -0.5729
vn 0.2089 -0.8464 0.4898
vn 0.2382 -0.3826 -0.8927
vn -0.4570 -0.3629 0.8120
vn 0.8812 -0.0236 0.4721
vn -0.7352 -0.4953 -0.4628
vn 0.5682 0.0024 -0.8229
vn -0.8575 0.5117 0.0536
vn 0.4635 0.7537 -0.4660
vn -0.3673 -0.6159 0.6969
vn -0.4517 0.7733 0.4449
vn 0.3421 -0.7775 0.5277
vn 0.0315 0.9674 0.2513
vn -0.4171 -0.4713 -0.7771
vn -0.5480 0.3218 -0.7721
vn 0.0637 -0.8940 0.4436
vn -0.1449 0.8469 -0.5117
vn 0.1467 -0.8873 0.4373
vn -0.1109 0.8624 -0.4940
vn -0.1376 -0.8746 -0.4648
vn -0.2381 0.5080 -0.8278
vn -0.0465 -0.9886 -0.1430
vn 0.0235 0.9560 0.2926
vn -0.0388 -0.4685 0.8826
vn 0.1651 0.8502 0.4999
vn 0.6258 -0.5599 0.5430
vn 0.5912 0.7923 0.1509
vn -0.4491 -0.8926 -0.0394
vn 0.3759 0.8917 -0.2523
vn -0.1042 -0.9884 -0.1103
vn -0.1161 0.9789 0.1682
vn 0.4166 -0.3401 0.8431
vn 0.3895 0.6940 0.6055
vn -0.6689 -0.7203 -0.1836
vn 0.9873 -0.1556 -0.0325
vn -0.1322 -0.9579 0.2551
vn 0.0000 0.9053 -0.4249
vn -0.3794 -0.9197 0.1008
vn 0.6281 0.5223 0.5769
vn 0.8393 -0.4593 0.2909
vn 0.9434 0.2782 0.1804
vn -0.4871 -0.7699 0.4123
vn 0.9245 -0.3038 0.2300
vn -0.7665 0.0983 -0.6347
vn 0.6311 0.3508 -0.6919
vn -0.7911 0.5092 0.3389
vn 0.7451 0.6075 0.2753
vn -0.2823 -0.3850 0.8787
vn 0.9357 0.1318 0.3274
vn 0.8173 0.2426 -0.5226
vn -0.5941 -0.1931 -0.7809
vn 0.8197 -0.2623 0.5093
vn -0.5278 -0.8105 0.2540
vn 0.1659 0.9796 0.1131
vn -0.9618 0.1792 -0.2071
vn 0.6525 -0.7524 -0.0904
vn 0.7439 0.6624 -0.0883
vn -0.8469 -0.5256 -0.0811
vn -0.4732 0.8787 -0.0628
vn -0.2289 -0.7505 0.6199
vn -0.0951 0.7352 0.6712
vn 0.4005 -0.9022 -0.1601
vn 0.8642 0.4747 -0.1668
vn -0.9587 -0.2843 -0.0016
vn -0.2755 0.9612 0.0173
vn 0.4114 -0.9099 0.0525
vn 0.8826 0.4617 0.0887
vn -0.2799 -0.9599 -0.0153
vn 0.9630 -0.2693 -0.0080
vn -0.8961 0.4427 -0.0336
vn 0.5179 0.8543 -0.0447
vn -0.7529 -0.2361 0.6144
vn 0.7141 0.0381 0.6990
vn 0.7837 0.5836 0.2128
vn -0.6158 0.7874 0.0280
vn 0.7080 -0.5339 -0.4622
vn -0.6945 -0.2301 -0.6817
vn 0.6690 -0.2323 0.7061
vn -0.7239 0.0753 0.6858
vn 0.6455 -0.0495 -0.7621
vn -0.7442 0.2413 -0.6229
vn 0.6613 -0.6744 0.3284
vn -0.7368 -0.4433 0.5105
vn 0.8096 0.5812 -0.0822
vn -0.5839 0.8097 0.0587
vn -0.6818 -0.1941 -0.7053
vn 0.7422 -0.1387 -0.6557
vn -0.7536 0.6401 0.1493
vn 0.6962 0.6916 0.1925
vn -0.6022 -0.7789 0.1754
vn 0.8082 -0.5633 0.1717
vn -0.7800 -0.4860 -0.3942
vn 0.6313 -0.6418 -0.4353
vn -0.6728 0.7393 0.0266
vn 0.7717 0.6304 0.0838
vn -0.6644 -0.4468 0.5991
vn 0.7608 -0.3795 0.5264
vn -0.4637 -0.0468 0.8847
vn -0.8734 -0.0696 -0.4820
vn 0.9063 0.1863 0.3793
vn 0.2778 0.1284 -0.9520
vn 0.9527 -0.0441 0.3006
vn 0.2499 -0.0571 -0.9666
vn -0.3368 -0.1295 0.9326
vn -0.8809 -0.1855 -0.4353
vn -0.2693 0.3804 0.8847
vn -0.7382 0.4408 -0.5106
vn 0.9801 -0.0100 0.1982
vn 0.1907 -0.0122 -0.9816
vn 0.6552 0.1633 0.7376
vn -0.6363 -0.5379 0.5530
vn 0.1723 0.9678 0.1837
vn -0.9740 0.1999 -0.1068
vn 0.8304 0.0291 -0.5564
vn -0.7316 -0.1329 -0.6687
vn 0.7362 -0.6581 0.1579
vn -0.6816 -0.7298 0.0530
vn -0.8473 -0.4858 -0.2147
vn 0.6679 -0.6288 -0.3982
vn -0.8699 0.3067 -0.3863
vn 0.5517 0.3529 -0.7557
vn -0.3023 0.1352 0.9436
vn 0.9586 -0.0054 0.2846
vn -0.8092 0.0331 -0.5866
vn 0.5886 -0.0852 -0.8039
vn -0.4628 0.3728 0.8042
vn 0.9091 0.1277 0.3966
vn -0.5688 -0.3423 0.7478
vn 0.8600 -0.3216 0.3963
vn -0.6153 0.4876 0.6194
vn -0.4640 0.3208 -0.8257
vn 0.6837 0.2136 0.6978
vn 0.6366 0.2691 -0.7227
vn -0.3066 -0.6075 0.7327
vn -0.3764 -0.4944 -0.7835
vn 0.9607 -0.2749 0.0388
vn 0.2218 0.9588 0.1777
vn 0.9725 -0.1631 -0.1661
vn 0.1555 0.9876 0.0214
vn -0.3100 -0.9449 -0.1052
vn -0.9428 0.3299 0.0486
vn -0.1074 -0.9806 -0.1640
vn -0.9846 0.1619 -0.0655
vn 0.7596 -0.3394 0.5548
vn -0.2172 0.7352 0.6421
vn 0.9984 0.0571 0.0038
vn -0.0609 0.9948 0.0813
vn 0.0342 -0.9758 -0.2158
vn 0.9196 -0.0267 0.3920
vn -0.4341 -0.1192 -0.8930
vn 0.6496 0.6903 -0.3187
vn -0.9979 0.0492 0.0428
vn 0.1086 0.7592 0.6418
vn -0.2446 -0.9696 -0.0026
vn -0.9640 0.2658 0.0080
vn 0.9913 -0.0889 0.0970
vn 0.0666 0.9952 0.0722
vn 0.9800 -0.1957 -0.0372
vn 0.1289 0.9914 -0.0231
vn 0.4508 -0.8926 -0.0065
vn -0.8945 -0.4294 -0.1243
vn 0.7424 0.0090 0.6699
vn -0.7877 0.0142 0.6159
vn 0.8013 0.5435 -0.2501
vn -0.6408 0.6190 -0.4541
vn 0.2540 0.8706 -0.4214
vn 0.8099 -0.5078 -0.2937
vn 0.2450 0.9308 0.2714
vn 0.7396 -0.4483 0.5021
vn -0.9819 0.1715 -0.0808
vn -0.1689 -0.9797 0.1080
vn -0.4594 0.8781 -0.1337
vn 0.8915 0.4529 -0.0004
vn -0.8276 -0.5288 0.1881
vn 0.6278 -0.6835 0.3725
vn -0.7811 -0.2941 -0.5509
vn 0.6870 -0.3325 -0.6461
vn -0.3612 0.9177 0.1656
vn -0.8221 -0.4430 0.3576
vn -0.2315 0.9069 -0.3520
vn -0.8227 -0.4668 -0.3245
vn 0.9616 0.2143 -0.1716
vn 0.1817 -0.9826 0.0374
vn 0.2424 -0.6979 0.6740
vn 0.3848 0.7896 0.4781
vn 0.6594 -0.7511 -0.0328
vn 0.6810 0.6268 -0.3787
vn -0.2298 -0.8385 -0.4942
vn 0.0992 0.5754 -0.8118
vn -0.9463 -0.3052 0.1063
vn -0.3226 0.9283 -0.1846
vn 0.4158 0.9005 -0.1270
vn -0.9114 0.3934 0.1208
vn 0.7501 -0.6080 -0.2600
vn -0.7307 -0.6826 -0.0062
vn 0.8385 0.1300 0.5292
vn -0.7234 -0.0110 0.6903
vn 0.6332 -0.7727 0.0443
vn 0.6529 0.6046 0.4562
vn 0.1408 -0.6136 -0.7770
vn 0.2080 0.8497 -0.4845
vn -0.8305 -0.4968 -0.2520
vn -0.4980 0.8456 0.1925
vn -0.4403 -0.6650 -0.6033
vn 0.5153 0.4698 -0.7168
vn -0.9508 0.0245 0.3088
vn 0.0700 0.9972 0.0272
vn 0.1691 -0.9729 0.1577
vn 0.9737 0.2048 -0.0994
vn -0.5955 0.0149 -0.8032
vn 0.8451 0.2432 -0.4761
vn -0.8385 0.5422 -0.0540
vn 0.5285 0.7601 0.3780
vn -0.3660 -0.8929 -0.2623
vn 0.9087 -0.3691 0.1950
vn -0.8226 -0.1802 -0.5393
vn 0.6237 -0.1524 -0.7667
vn -0.7213 0.4698 0.5090
vn 0.7647 0.6269 0.1493
vn -0.4744 -0.8729 0.1140
vn 0.8430 -0.4479 -0.2978
vn -0.0122 0.9939 -0.1092
vn 0.9988 -0.0094 -0.0473
vn -0.6924 0.2736 0.6676
vn 0.4696 -0.6239 0.6247
vn -0.9020 -0.3978 0.1681
vn 0.4498 -0.8575 0.2498
vn -0.8302 -0.0608 -0.5541
vn 0.5156 -0.7429 -0.4269
vn 0.0820 -0.9945 -0.0651
vn -0.9968 -0.0756 -0.0261
vn 0.9493 0.2311 0.2132
vn -0.3858 0.8945 0.2259
vn 0.8174 0.0021 -0.5760
vn -0.5145 0.6720 -0.5327
vn 0.1510 -0.9875 -0.0461
vn -0.9771 -0.1533 0.1479
vn 0.5746 -0.6709 0.4688
vn -0.7732 -0.0521 0.6320
vn 0.9104 0.3276 -0.2528
vn -0.4336 0.9003 -0.0379
vn -0.7489 0.5489 0.3714
vn -0.3759 -0.8868 0.2690
vn -0.6965 0.5561 -0.4535
vn -0.3311 -0.8806 -0.3391
vn 0.6420 0.7656 0.0409
vn 0.7614 -0.6477 0.0294
vn 0.3082 0.9242 -0.2256
vn 0.7861 -0.4693 -0.4024
vn 0.3825 0.8660 0.3222
vn 0.8347 -0.5068 0.2153
vn -0.9651 0.2616 0.0075
vn -0.2502 -0.9629 -0.1007
vn -0.3792 0.9214 0.0854
vn 0.9303 0.3628 0.0534
vn -0.8563 -0.5165 -0.0079
vn 0.6266 -0.7788 0.0271
vn -0.8128 -0.5486 -0.1958
vn 0.6495 -0.7255 -0.2278
vn -0.0077 0.8002 0.5997
vn 0.4664 0.4591 -0.7561
vn 0.1168 -0.5264 0.8422
vn 0.5454 -0.6592 -0.5176
vn -0.8217 -0.2345 0.5194
vn -0.2954 -0.4751 -0.8289
vn -0.0171 -0.1046 0.9944
vn -0.5915 -0.7843 -0.1872
vn 0.1517 0.9619 0.2274
vn -0.3638 0.2025 -0.9092
vn 0.9810 0.1333 0.1407
vn 0.1636 -0.4258 -0.8899
vn 0.9245 -0.2692 0.2700
vn 0.3385 0.8386 -0.4269
vn 0.3359 -0.8870 -0.3170
vn 0.0612 0.4553 -0.8882
vn -0.4623 -0.6345 0.6195
vn -0.7848 0.6173 -0.0545
vn -0.9862 -0.1591 0.0451
vn -0.1359 0.8540 -0.5023
vn 0.1832 -0.6509 0.7367
vn 0.8762 0.4662 0.1222
vn 0.2506 -0.9549 0.1593
vn 0.8829 0.1959 -0.4268
vn -0.7278 -0.0676 0.6825
vn -0.2769 0.9097 -0.3095
vn 0.5525 -0.6629 0.5053
vn 0.8164 0.4229 -0.3933
vn -0.8223 -0.5682 0.0314
vn -0.3378 0.5491 -0.7645
vn 0.9404 0.2178 -0.2613
vn -0.3859 0.5818 -0.7160
vn 0.2329 -0.8322 0.5032
vn -0.9718 -0.2359 0.0038
vn 0.3205 -0.3847 0.8656
vn -0.9590 -0.0141 0.2832
vn 0.8545 -0.2104 0.4749
vn 0.4846 0.4447 -0.7532
vn -0.0849 -0.9585 0.2720
vn -0.1317 -0.1683 -0.9769
vn -0.1987 0.2411 0.9499
vn -0.2481 0.9044 -0.3472
vn 0.5094 0.6524 -0.5612
vn 0.2928 -0.8041 -0.5173
vn 0.8976 0.4048 0.1748
vn 0.3746 -0.9161 0.1431
vn -0.5157 0.8248 0.2317
vn -0.7355 -0.6158 0.2826
vn 0.6464 0.5585 -0.5199
vn -0.6302 -0.1608 -0.7596
vn 0.9167 -0.2138 0.3376
vn -0.3960 -0.9136 0.0929
vn 0.0785 0.9959 -0.0457
vn -0.9732 0.0576 -0.2226
vn 0.6513 0.7524 0.0988
vn -0.7302 0.6439 -0.2286
vn 0.7098 -0.7034 0.0378
vn -0.6681 -0.6814 -0.2989
vn 0.5973 -0.2885 0.7484
vn -0.8124 -0.2989 0.5006
vn -0.3123 -0.5132 0.7994
vn -0.6510 -0.4780 -0.5897
vn 0.3541 0.7161 0.6015
vn -0.0785 0.5750 -0.8144
vn 0.7438 -0.4348 0.5076
vn 0.2574 -0.3938 -0.8824
vn 0.2042 -0.4805 0.8529
vn 0.0994 -0.8368 -0.5384
vn -0.6822 0.3926 0.6168
vn -0.5711 -0.0712 -0.8178
vn -0.0815 0.5564 -0.8269
vn -0.0863 0.4884 -0.8684
vn 0.1886 0.6398 -0.7451
vn 0.1974 0.4593 -0.8661
vn 0.6243 0.5567 0.5480
vn 0.4582 0.1026 -0.8829
vn -0.9518 0.3067 -0.0016
vn 0.3305 0.9289 -0.1674
vn -0.2692 -0.8399 0.4713
vn 0.9694 -0.1874 0.1586
vn -0.2789 -0.9593 -0.0452
vn 0.9594 -0.2528 -0.1253
vn 0.9832 -0.1812 0.0229
vn 0.1561 0.9876 -0.0150
vn -0.1917 -0.9453 -0.2638
vn -0.7855 0.4243 -0.4506
vn 0.0219 -0.6745 0.7379
vn -0.3523 0.7487 0.5615
vn 0.4627 -0.8656 0.1913
vn -0.8915 -0.3504 0.2871
vn 0.9365 0.3504 0.0168
vn -0.5006 0.8637 0.0591
vn 0.2820 -0.8075 -0.5180
vn -0.9531 -0.0159 -0.3022
vn 0.3738 -0.8659 -0.3324
vn -0.9234 -0.3834 -0.0179
vn 0.8687 0.2223 0.4427
vn -0.5515 0.4047 0.7294
vn 0.7982 0.5137 -0.3146
vn -0.6189 0.7733 -0.1376
vn 0.5225 -0.4158 -0.7444
vn -0.8846 -0.2011 -0.4208
vn 0.7094 -0.5624 0.4249
vn -0.7035 -0.2988 0.6448
vn 0.7081 0.5987 -0.3744
vn -0.6679 0.7410 -0.0688
vn 0.9244 -0.0056 0.3813
vn 0.3605 -0.1627 -0.9184
vn -0.1464 -0.4785 0.8658
vn -0.2847 -0.7608 -0.5832
vn -0.1483 0.7166 0.6815
vn -0.2723 0.5200 -0.8096
vn -0.3577 0.1944 0.9134
vn -0.2997 -0.9521 -0.0605
vn 0.0410 0.9957 0.0828
vn 0.0133 -0.1439 -0.9895
vn 0.0985 0.3028 0.9479
vn 0.0927 -0.9775 0.1893
vn 0.9674 -0.0322 0.2511
vn 0.2131 -0.3389 -0.9164
vn -0.3771 0.1025 0.9205
vn -0.8836 -0.2783 -0.3766
vn 0.1579 0.8317 0.5324
vn -0.3716 0.4983 -0.7833
vn -0.7914 0.4100 -0.4534
vn 0.6135 0.6203 -0.4888
vn -0.8035 0.5900 0.0792
vn 0.7348 0.6529 0.1839
vn -0.7088 -0.6798 0.1883
vn 0.8155 -0.5164 0.2614
vn -0.2076 -0.7589 0.6172
vn 0.9804 -0.0082 0.1970
vn -0.3114 -0.9503 -0.0009
vn 0.8246 -0.2363 -0.5140
vn -0.9628 0.2248 0.1499
vn 0.2196 0.9237 -0.3138
vn -0.5430 0.2708 0.7949
vn 0.8686 0.2500 0.4277
vn -0.7078 -0.6759 -0.2054
vn 0.8340 -0.5481 -0.0640
vn -0.8766 0.2552 -0.4079
vn 0.5342 0.6918 -0.4858
vn 0.2475 0.2467 0.9369
vn 0.9085 -0.2714 -0.3177
vn -0.9536 -0.0849 0.2887
vn -0.1231 -0.5729 -0.8103
vn 0.8018 -0.5916 0.0843
vn -0.1530 -0.4067 -0.9007
vn 0.0731 0.8961 -0.4378
vn 0.5727 -0.1302 -0.8094
vn 0.3729 0.9277 -0.0165
vn 0.2130 -0.0473 -0.9759
vn -0.1714 -0.3624 0.9161
vn 0.7086 -0.6774 -0.1977
vn -0.9874 0.1381 -0.0768
vn 0.0586 -0.2460 -0.9675
vn 0.0694 0.5533 0.8301
vn 0.9598 0.1297 -0.2489
vn 0.0060 -0.9806 -0.1962
vn -0.0855 -0.0403 0.9955
vn 0.3585 -0.9152 -0.1840
vn 0.4130 -0.0015 0.9107
vn 0.1255 0.0893 -0.9881
vn 0.1117 0.9852 0.1299
vn -0.8379 -0.3273 -0.4368
vn -0.5163 0.5950 0.6160
vn -0.9398 -0.3092 -0.1454
vn 0.4083 -0.9114 0.0507
vn -0.4117 0.8867 -0.2103
vn 0.9402 0.3156 -0.1279
vn -0.2619 0.9565 0.1288
vn 0.9563 0.1686 0.2389
vn 0.3541 0.6992 0.6211
vn 0.4689 0.4391 -0.7663
vn -0.0858 -0.5182 0.8510
vn 0.0246 -0.7628 -0.6462
vn -0.7566 0.4160 0.5045
vn -0.4388 0.0507 -0.8971
vn 0.0615 0.3342 -0.9405
vn -0.3615 0.8531 0.3762
vn -0.2958 -0.4182 -0.8589
vn -0.8873 -0.0770 0.4547
vn 0.9722 -0.1916 -0.1347
vn 0.1604 0.2330 0.9591
vn 0.7026 -0.5665 -0.4307
vn 0.3906 -0.1584 0.9068
vn -0.0667 0.3087 -0.9488
vn -0.4345 0.8388 0.3279
vn -0.5770 -0.2862 -0.7649
vn -0.7997 0.1357 0.5849
vn 0.5586 0.3281 -0.7618
vn -0.5516 0.8321 0.0578
vn -0.1318 -0.6916 -0.7101
vn -0.9764 0.1152 0.1826
vn 0.9852 -0.1714 0.0085
vn -0.1127 0.5018 0.8576
vn 0.4372 -0.8979 -0.0512
vn -0.0566 -0.0581 0.9967
vn 0.6907 -0.0272 -0.7226
vn 0.0966 0.9775 0.1877
vn -0.4454 -0.7546 -0.4819
vn -0.8549 0.3143 0.4127
vn 0.9396 -0.1567 -0.3042
vn 0.2299 -0.0864 0.9694
vn -0.0429 0.4224 -0.9054
vn -0.5116 0.6998 0.4985
vn -0.3474 -0.5401 -0.7666
vn -0.5898 -0.4540 0.6679
vn 0.2425 0.2504 -0.9373
vn -0.2450 0.9281 0.2805
vn -0.3290 -0.7886 -0.5195
vn -0.7371 -0.1095 0.6669
vn 0.7081 -0.6747 -0.2084
vn 0.1666 -0.0007 0.9860
vn 0.8629 0.3831 0.3296
vn -0.5512 0.4980 0.6694
vn 0.3484 -0.4060 -0.8449
vn -0.9358 -0.2049 -0.2868
vn 0.7343 -0.6446 0.2130
vn -0.7091 -0.5415 0.4517
vn 0.7052 0.5307 0.4702
vn -0.7260 0.6297 0.2765
vn 0.5854 -0.4343 -0.6846
vn -0.8238 -0.1947 -0.5325
vn 0.7448 -0.1932 0.6387
vn -0.7486 -0.2532 0.6127
vn 0.7267 0.6869 0.0062
vn -0.7313 0.6818 0.0176
vn 0.5643 -0.1734 -0.8072
vn -0.8283 -0.2724 -0.4897
vn 0.7621 -0.1898 0.6190
vn -0.6698 -0.3898 0.6320
vn -0.1185 -0.5130 -0.8501
vn 0.9937 -0.0442 -0.1026
vn -0.9328 0.3590 0.0333
vn 0.3272 0.7134 0.6197
vn -0.6094 -0.7928 0.0074
vn 0.6511 -0.4131 0.6367
vn 0.6182 -0.6163 -0.4878
vn -0.7761 -0.3593 -0.5182
vn 0.6303 -0.7715 0.0870
vn -0.7652 -0.5580 0.3210
vn 0.7627 0.5148 0.3914
vn -0.6459 0.6105 0.4584
vn 0.7572 0.6511 -0.0528
vn -0.6510 0.7588 0.0218
vn -0.5350 0.2001 -0.8208
vn 0.2102 0.9648 0.1578
vn -0.9767 -0.2144 -0.0065
vn -0.1115 0.5325 0.8390
vn 0.2594 -0.6517 -0.7127
vn 0.9567 0.1459 0.2520
vn 0.2593 -0.6816 -0.6842
vn 0.9196 -0.0089 0.3928
vn -0.4764 0.2772 -0.8344
vn 0.2530 0.9386 0.2347
vn -0.9896 -0.0829 -0.1175
vn -0.1357 0.5057 0.8520
vn -0.8732 0.4461 -0.1966
vn 0.3590 0.2592 -0.8966
vn -0.3722 0.1823 0.9101
vn 0.9230 0.1998 0.3288
vn -0.8648 -0.4938 -0.0907
vn 0.3700 -0.4233 -0.8270
vn 0.5221 -0.8512 -0.0538
vn -0.8506 -0.5185 0.0872
vn 0.7364 -0.0639 0.6735
vn -0.6200 0.4018 0.6739
vn 0.7604 0.2641 -0.5934
vn -0.5910 0.7027 -0.3962
vn 0.7805 -0.6244 0.0305
vn -0.6182 -0.7543 -0.2211
vn 0.6371 0.4459 0.6287
vn -0.7708 0.2480 0.5869
vn 0.7367 0.3214 -0.5949
vn -0.6415 -0.0312 -0.7665
vn 0.6531 -0.7352 0.1816
vn -0.7326 -0.6333 -0.2492
vn 0.6143 0.2944 0.7321
vn -0.7786 0.4986 0.3809
vn 0.8332 0.3101 -0.4579
vn -0.5537 0.3792 -0.7414
vn 0.7880 0.2817 0.5474
vn 0.5400 -0.0369 -0.8409
vn 0.0606 -0.5677 0.8210
vn 0.0578 -0.7559 -0.6521
vn -0.6608 -0.3093 0.6839
vn -0.4902 -0.4814 -0.7266
vn -0.0350 0.8148 0.5786
vn -0.0274 0.5231 -0.8518
vn 0.6866 -0.4491 -0.5717
vn -0.5896 -0.8057 0.0572
vn 0.8626 0.0140 0.5057
vn -0.4978 -0.3134 0.8087
vn 0.5141 0.6227 -0.5899
vn -0.8455 0.5101 -0.1577
vn 0.1756 -0.9222 -0.3445
vn 0.1241 -0.3068 0.9437
vn 0.7451 -0.1185 -0.6563
vn 0.5585 0.6285 0.5413
vn -0.4996 0.0551 -0.8645
vn -0.5028 0.7752 0.3823
vn 0.4689 -0.6453 -0.6031
vn 0.6714 -0.1382 0.7281
vn -0.5107 0.2945 -0.8077
vn -0.2004 0.8613 0.4670
vn -0.7882 -0.2811 -0.5475
vn -0.5488 -0.0010 0.8360
vn 0.7192 -0.4756 -0.5065
vn 0.6356 0.6718 0.3805
vn -0.2674 0.0103 -0.9635
vn -0.1420 0.9873 0.0705
vn -0.1238 -0.9917 -0.0341
vn -0.1127 0.0069 0.9936
vn 0.6704 -0.2548 -0.6969
vn 0.6943 0.0034 0.7197
vn -0.3400 0.4429 -0.8296
vn -0.1188 0.7988 0.5898
vn -0.2385 -0.8627 -0.4460
vn 0.0659 -0.4038 0.9125
vn 0.2287 -0.9241 -0.3061
vn 0.2703 -0.1385 0.9528
vn 0.1396 0.1701 -0.9755
vn 0.0585 0.9763 0.2084
vn -0.7979 -0.1965 -0.5699
vn -0.5156 0.6637 0.5419
vn -0.0597 -0.9746 -0.2160
vn -0.1378 -0.1787 0.9742
vn 0.6600 -0.0431 -0.7500
vn 0.4620 0.7990 0.3849
vn -0.2188 0.1328 -0.9667
vn -0.2272 0.9533 0.1988
vn -0.2478 -0.5748 -0.7799
vn 0.9550 0.0125 -0.2962
vn -0.9262 0.3028 0.2248
vn 0.4205 0.7836 0.4573
vn -0.4949 -0.8589 -0.1317
vn 0.9087 -0.4075 0.0912
vn -0.4298 -0.7780 -0.4583
vn 0.9221 -0.3140 -0.2260
vn -0.8322 0.4416 -0.3354
vn 0.5616 0.8170 -0.1306
vn -0.8098 0.1217 0.5739
vn 0.5710 0.4774 0.6678
vn -0.5539 -0.5870 -0.5905
vn 0.8236 -0.5357 -0.1863
vn -0.7603 0.6474 -0.0526
vn 0.6747 0.7114 0.1970
vn -0.7880 -0.2993 0.5381
vn 0.6308 -0.4282 0.6471
vn -0.6621 0.5061 0.5527
vn 0.6679 -0.1079 0.7364
vn -0.8797 -0.4458 0.1652
vn 0.4891 -0.8334 0.2575
vn -0.3900 0.6867 -0.6135
vn 0.9240 0.0122 -0.3822
vn 0.2890 0.9188 -0.2687
vn 0.9929 -0.1132 0.0366
vn 0.2744 0.9351 -0.2241
vn 0.9904 -0.1314 -0.0432
vn -0.4414 -0.3845 0.8108
vn -0.3879 -0.7308 -0.5617
vn 0.0779 0.8401 0.5369
vn 0.0532 0.3913 -0.9187
vn 0.2486 -0.4327 0.8666
vn 0.1763 -0.7824 -0.5973
vn -0.3162 -0.7223 0.6150
vn 0.9486 -0.1790 0.2610
vn -0.8366 -0.3083 -0.4529
vn 0.3591 0.4025 -0.8421
vn -0.8120 0.2734 0.5156
vn 0.3411 0.9398 -0.0221
vn -0.9061 0.4049 -0.1229
vn -0.3082 -0.9216 -0.2358
vn 0.1455 0.9405 -0.3070
vn 0.2815 -0.5230 -0.8045
vn 0.0095 0.6296 0.7769
vn 0.0630 -0.8665 0.4952
vn -0.5491 -0.4830 -0.6820
vn 0.8243 -0.1062 -0.5561
vn -0.8214 0.4527 0.3469
vn 0.5701 0.6837 0.4555
vn -0.6734 -0.6166 0.4079
vn 0.6838 -0.2105 0.6987
vn -0.8736 -0.2516 -0.4165
vn 0.4976 -0.4949 -0.7124
vn -0.4957 0.7934 0.3534
vn 0.8464 0.5319 -0.0241
vn -0.7246 -0.5635 0.3967
vn 0.6263 -0.7790 -0.0291
vn -0.5615 0.1725 0.8093
vn 0.7965 0.4175 0.4373
vn -0.6789 -0.7276 -0.0986
vn 0.6723 -0.4658 -0.5754
vn -0.8574 0.3310 -0.3941
vn 0.5175 0.4092 -0.7515
vn -0.6798 0.7031 -0.2089
vn 0.7438 0.6303 -0.2225
vn -0.7209 0.1445 0.6778
vn 0.7045 0.1893 0.6840
vn -0.6629 -0.7181 -0.2120
vn 0.7580 -0.6092 -0.2332
vn -0.4968 0.8355 0.2350
vn 0.8352 0.2295 0.4998
vn -0.8621 -0.5038 -0.0554
vn 0.4889 -0.8422 0.2273
vn -0.6228 0.0517 -0.7807
vn 0.7076 -0.5146 -0.4842
vn 0.2669 0.9274 -0.2620
vn 0.9684 -0.0372 0.2465
vn 0.2785 0.9365 -0.2131
vn 0.9888 -0.0681 0.1329
vn 0.2243 0.7749 0.5909
vn 0.5655 -0.1834 -0.8041
vn 0.3662 -0.8434 -0.3931
vn -0.5812 -0.6528 0.4859
vn -0.8110 -0.2856 0.5106
vn 0.5217 -0.8029 0.2885
vn -0.7866 0.0898 -0.6109
vn 0.5422 -0.5742 -0.6134
vn 0.2815 0.9036 -0.3229
vn 0.9708 -0.1812 -0.1571
vn -0.6441 0.5764 0.5029
vn 0.7045 -0.0160 0.7096
vn -0.8510 -0.2253 -0.4744
vn 0.4895 -0.8329 -0.2583
vn -0.0904 0.9569 -0.2758
vn 0.9918 0.1102 0.0645
vn 0.6748 -0.2323 0.7004
vn -0.7245 -0.0097 0.6892
vn 0.8187 0.4887 -0.3013
vn -0.6380 0.7207 -0.2712
vn 0.5646 -0.7503 -0.3441
vn -0.8652 -0.4341 -0.2511
vn 0.6884 -0.6035 0.4024
vn -0.6782 -0.7346 0.0189
vn 0.5968 0.5027 0.6254
vn -0.7930 0.5058 0.3395
vn 0.8309 -0.2785 -0.4818
vn -0.5576 -0.3332 -0.7603
vn 0.7461 -0.6101 -0.2667
vn -0.6861 -0.5535 -0.4721
vn 0.5968 0.3173 0.7370
vn -0.8031 0.2960 0.5172
vn 0.7512 0.3585 -0.5542
vn -0.6838 0.2417 -0.6885
vn 0.6291 0.7396 0.2391
vn -0.8145 0.5672 -0.1223
vn 0.8257 -0.2904 -0.4836
vn -0.5696 -0.4471 -0.6897
vn 0.8349 -0.4093 0.3681
vn -0.5718 -0.8072 0.1465
vn 0.3318 0.3126 0.8901
vn -0.9678 -0.0347 0.2493
vn 0.4113 0.8759 -0.2524
vn -0.9119 0.3947 -0.1123
vn 0.8265 -0.5342 -0.1776
vn -0.6769 -0.6730 -0.2980
vn 0.6988 0.5708 0.4311
vn -0.8161 0.4854 0.3135
vn 0.3950 0.8817 -0.2581
vn -0.9176 0.3247 -0.2295
vn 0.8440 -0.5195 -0.1331
vn -0.6376 -0.7221 -0.2684
vn 0.5380 0.7788 0.3225
vn -0.9105 0.3896 0.1383
vn 0.6449 -0.7384 -0.1973
vn -0.8523 -0.4987 -0.1578
vn 0.8962 0.4098 0.1698
vn -0.6339 0.7380 0.2313
vn 0.6357 0.5120 -0.5776
vn -0.6962 0.7178 0.0004
vn 0.7455 -0.1205 -0.6555
vn -0.6834 0.1673 -0.7106
vn 0.6821 -0.4775 0.5538
vn -0.7838 -0.4763 0.3986
vn 0.7607 0.5956 0.2582
vn -0.6190 0.7660 -0.1736
vn 0.8592 -0.5091 0.0514
vn -0.5441 -0.7936 0.2724
vn 0.8279 -0.0469 0.5589
vn -0.5378 -0.4043 0.7398
vn 0.5136 0.6299 -0.5826
vn -0.8897 0.2752 -0.3642
vn -0.5378 0.0885 0.8384
vn 0.8844 0.1690 0.4350
vn -0.7585 -0.6308 0.1636
vn 0.7156 -0.6742 0.1824
vn -0.8452 -0.0291 -0.5337
vn 0.5593 0.1462 -0.8159
vn 0.7730 -0.5984 0.2108
vn -0.6225 -0.7818 -0.0361
vn 0.5982 0.4335 0.6740
vn -0.8053 0.3083 0.5064
vn 0.7406 0.2949 -0.6038
vn -0.6673 0.0881 -0.7395
vn -0.3505 -0.7026 0.6193
vn 0.9069 -0.0783 0.4140
vn -0.4271 -0.8406 0.3332
vn 0.9102 -0.3858 0.1503
vn -0.7633 0.1185 -0.6350
vn 0.6187 0.4264 -0.6599
vn -0.8813 0.4491 -0.1469
vn 0.4832 0.8529 -0.1979
vn 0.9776 0.0734 0.1970
vn 0.2052 -0.1670 -0.9644
vn 0.3686 -0.5347 0.7605
vn -0.1868 -0.8082 -0.5586
vn -0.3444 0.3423 0.8742
vn -0.8954 0.0959 -0.4348
vn 0.8581 -0.5059 -0.0883
vn -0.6519 -0.7583 -0.0027
vn 0.4679 0.4384 0.7674
vn -0.9003 0.0406 0.4335
vn 0.7194 0.6502 -0.2444
vn -0.7533 0.6148 -0.2335
vn 0.7612 -0.0848 -0.6430
vn -0.6440 -0.3185 -0.6956
vn 0.5782 -0.1688 0.7983
vn -0.8372 -0.3709 0.4019
vn 0.6715 0.7408 -0.0171
vn -0.8073 0.5452 -0.2258
vn 0.6182 -0.5574 0.5541
vn -0.7487 -0.6617 0.0394
vn 0.2051 0.1850 0.9611
vn -0.9783 -0.0019 0.2073
vn 0.8939 0.3335 -0.2996
vn -0.4753 0.2235 -0.8510
vn -0.9479 -0.0284 -0.3173
vn 0.2160 0.7072 -0.6732
vn -0.5702 0.1639 0.8050
vn 0.5283 0.8341 0.1585
vn -0.2144 -0.9259 0.3110
vn 0.9637 -0.2189 -0.1527
vn -0.7464 0.0321 0.6648
vn -0.6566 -0.1673 -0.7354
vn 0.0772 0.7675 0.6364
vn 0.0245 0.5454 -0.8378
vn 0.2279 -0.5165 0.8254
vn 0.1695 -0.7345 -0.6570
vn -0.2354 -0.4591 0.8566
vn -0.2197 -0.8281 -0.5157
vn -0.0147 0.8185 0.5743
vn -0.0169 0.4617 -0.8869
vn 0.8055 -0.0161 0.5923
vn 0.5109 -0.3674 -0.7772
vn 0.0263 -0.4884 0.8722
vn 0.0373 -0.8366 -0.5465
vn -0.7839 0.1283 0.6075
vn -0.5949 -0.2327 -0.7694
vn 0.2171 0.8209 0.5283
vn 0.2378 0.4720 -0.8489
vn 0.1225 -0.5775 0.8072
vn 0.0639 -0.8036 -0.5918
vn -0.6460 0.3665 0.6696
vn -0.6610 0.1655 -0.7319
vn 0.4575 0.6713 0.5831
vn 0.3659 0.4543 -0.8122
vn -0.8327 0.4905 -0.2569
vn 0.6842 0.7009 -0.2014
vn -0.5433 0.0775 0.8359
vn 0.8497 0.1395 0.5085
vn -0.7382 -0.6696 -0.0824
vn 0.7091 -0.7046 -0.0264
vn -0.7448 -0.4522 -0.4908
vn 0.6779 -0.4694 -0.5657
vn -0.8561 -0.5166 -0.0165
vn 0.5236 -0.8278 -0.2014
vn -0.7029 0.6124 -0.3617
vn 0.6624 0.2406 -0.7095
vn -0.5406 0.2273 0.8099
vn 0.8024 -0.2397 0.5465
vn -0.6991 0.7001 0.1455
vn 0.7114 0.5767 0.4016
vn -0.7523 -0.2854 0.5938
vn 0.6620 -0.4418 0.6055
vn -0.6770 -0.5856 -0.4458
vn 0.7118 -0.6921 -0.1199
vn -0.5841 0.6283 -0.5139
vn 0.8256 0.4714 -0.3102
vn -0.9007 0.2540 -0.3524
vn 0.4422 0.4261 -0.7893
vn -0.5095 0.3355 0.7924
vn 0.7955 0.5597 0.2322
vn -0.6206 -0.7684 0.1563
vn 0.6934 -0.5935 -0.4085
vn -0.5558 -0.7119 -0.4292
vn 0.8266 -0.5599 -0.0565
vn -0.6293 0.2556 -0.7339
vn 0.7225 0.5974 -0.3480
vn -0.7978 0.1550 0.5827
vn 0.5974 0.3496 0.7217
vn 0.6797 -0.6540 -0.3322
vn -0.6866 -0.7134 0.1400
vn 0.8072 0.2870 0.5158
vn -0.5852 0.1604 0.7948
vn 0.5687 0.4817 -0.6668
vn -0.8071 0.5161 -0.2868
vn -0.4545 -0.6289 0.6308
vn -0.2318 -0.5512 -0.8016
vn -0.8598 0.0468 0.5085
vn -0.4823 0.0350 -0.8753
vn 0.5453 0.3059 0.7804
vn 0.7030 0.3059 -0.6420
vn -0.8876 -0.4035 0.2221
vn -0.0407 -0.3523 -0.9350
vn -0.7294 0.5936 0.3399
vn 0.0614 0.4804 -0.8749
vn 0.2902 -0.0174 0.9568
vn 0.9468 -0.0580 -0.3167
vn -0.6163 0.6889 0.3817
vn 0.7320 0.6732 -0.1045
vn -0.5579 -0.3275 0.7625
vn 0.7845 -0.5673 0.2504
vn -0.8323 -0.2848 -0.4757
vn 0.5541 -0.3682 -0.7466
vn 0.5446 -0.7843 0.2973
vn -0.8778 -0.4498 0.1647
vn 0.8676 0.4970 0.0127
vn -0.5426 0.8259 -0.1532
vn 0.5744 -0.8119 -0.1045
vn -0.7976 -0.5052 -0.3294
vn -0.3755 -0.4669 0.8006
vn -0.4496 -0.6627 -0.5989
vn -0.0098 0.7150 0.6990
vn -0.0430 0.5843 -0.8104
vn 0.6534 -0.3666 0.6623
vn 0.4386 -0.3960 -0.8067
vn 0.6206 0.6626 0.4193
vn -0.7580 0.2925 0.5830
vn 0.6037 0.7447 -0.2845
vn -0.7940 0.5236 -0.3090
vn 0.8136 -0.5804 -0.0339
vn -0.5823 -0.8116 0.0467
vn 0.3619 0.4087 0.8378
vn 0.7403 0.3973 -0.5423
vn -0.1209 -0.6319 0.7655
vn 0.3366 -0.6824 -0.6489
vn -0.9556 -0.0113 0.2944
vn -0.2635 0.0162 -0.9645
vn -0.3332 -0.9405 0.0665
vn -0.8389 0.4347 0.3276
vn 0.8848 -0.3888 0.2569
vn 0.4795 0.8337 0.2739
vn 0.9734 -0.2037 0.1044
vn 0.4427 0.8372 0.3211
vn -0.0133 -0.7293 -0.6841
vn -0.4143 0.7357 -0.5357
vn -0.0911 -0.5862 -0.8050
vn 0.6046 -0.6230 0.4964
vn -0.4340 0.6133 -0.6599
vn 0.1066 0.7313 0.6737
vn -0.8957 0.2293 -0.3810
vn -0.1598 0.4756 0.8650
vn 0.3974 0.1822 -0.8994
vn 0.8910 0.0523 0.4511
vn -0.8340 0.3082 -0.4577
vn -0.3734 0.2652 0.8889
vn -0.1958 -0.6000 -0.7757
vn 0.4160 -0.7438 0.5232
vn 0.8289 -0.4290 -0.3591
vn -0.0333 -0.5108 0.8590
vn 0.7494 0.5779 -0.3231
vn -0.0073 0.4013 0.9159
vn -0.1955 0.2570 -0.9464
vn -0.9490 0.0747 0.3062
vn 0.4830 0.6211 -0.6172
vn 0.3738 0.4454 0.8136
vn -0.7384 -0.0015 -0.6744
vn -0.6285 -0.1896 0.7543
vn 0.3930 -0.3988 -0.8285
vn 0.3139 -0.7398 0.5951
vn 0.6666 0.6640 -0.3387
vn -0.0232 0.4144 0.9098
vn -0.3157 0.0383 -0.9481
vn -0.9261 -0.2049 0.3168
vn 0.8435 -0.3489 -0.4084
vn 0.1172 -0.5700 0.8132
vn -0.1487 0.6647 -0.7321
vn -0.2861 0.6428 0.7106
vn -0.3930 -0.4594 -0.7965
vn -0.4660 -0.6113 0.6396
vn 0.8303 0.2082 -0.5169
vn 0.5124 0.0060 0.8587
vn -0.5483 -0.1765 -0.8175
vn -0.7313 0.4834 0.4811
vn 0.3263 -0.8353 -0.4425
vn 0.0396 -0.4043 0.9138
vn 0.7563 0.0597 -0.6514
vn 0.3500 0.7274 0.5903
vn 0.3343 0.1579 -0.9292
vn -0.4670 0.8731 0.1404
vn -0.2164 -0.6893 -0.6914
vn -0.8091 -0.1901 0.5561
vn 0.9216 -0.3713 -0.1129
vn 0.0055 0.0785 0.9969
vn 0.4791 -0.3015 -0.8244
vn 0.7768 -0.2727 0.5677
vn -0.5256 0.5838 -0.6188
vn -0.2220 0.5890 0.7771
vn -0.8065 -0.3630 -0.4666
vn -0.3906 -0.2509 0.8857
vn -0.4991 0.8249 0.2653
vn 0.4708 0.2549 -0.8446
vn 0.0977 0.2777 0.9557
vn 0.8098 -0.5631 -0.1650
vn -0.9745 -0.0742 0.2118
vn -0.0199 -0.8158 -0.5779
vn -0.2346 0.4950 0.8366
vn 0.5922 0.6536 -0.4713
vn -0.2444 -0.6415 0.7271
vn 0.5933 -0.5641 -0.5743
vn -0.9989 -0.0156 0.0452
vn -0.0190 0.0972 -0.9951
vn 0.0940 -0.3568 0.9294
vn 0.8065 0.5801 -0.1138
vn -0.5215 -0.8380 0.1608
vn 0.4437 -0.1403 -0.8851
vn -0.9961 -0.0645 0.0597
vn -0.0549 0.7752 -0.6293
vn 0.5395 -0.4863 0.6873
vn 0.7554 0.4176 -0.5050
vn -0.7468 -0.6010 0.2846
vn -0.2699 0.2366 -0.9334
vn -0.3157 -0.0233 0.9486
vn 0.2204 0.9751 0.0243
vn 0.9058 -0.3952 -0.1531
vn 0.1269 0.6537 -0.7461
vn -0.2587 -0.9377 0.2321
vn -0.8036 0.1394 -0.5786
vn 0.0260 -0.3846 0.9227
vn -0.5651 0.7894 0.2399
vn 0.9266 -0.3711 0.0612
vn 0.0414 0.2236 -0.9738
vn -0.2136 -0.5905 0.7783
vn -0.9347 0.1808 -0.3061
vn 0.8607 0.0936 0.5004
vn 0.0347 0.9330 -0.3583
vn 0.6111 -0.7790 0.1404
vn -0.5098 -0.3790 -0.7723
vn 0.0118 -0.2531 0.9674
vn -0.9271 0.3747 -0.0052
vn 0.9204 0.2971 0.2543
vn -0.1736 0.8657 -0.4695
vn -0.2452 0.5992 0.7621
vn -0.9024 -0.2236 -0.3683
vn 0.9110 0.4027 0.0893
vn 0.0393 -0.2666 -0.9630
vn 0.7683 -0.0391 0.6388
vn 0.0168 -0.9761 -0.2166
vn -0.7987 0.5558 0.2306
vn -0.1633 -0.2289 -0.9597
vn 0.3933 0.5443 0.7410
vn 0.8178 -0.3849 -0.4278
vn -0.7201 -0.0045 0.6939
vn -0.1063 -0.9771 -0.1842
vn 0.9099 -0.2430 -0.3361
vn 0.1497 0.9887 -0.0086
vn -0.3784 -0.7996 -0.4663
vn -0.8586 0.5108 -0.0438
vn 0.2827 -0.9050 0.3179
vn -0.4954 0.2801 0.8222
vn 0.4630 -0.6290 -0.6246
vn 0.3479 0.7971 -0.4936
vn -0.7816 -0.6045 -0.1539
vn -0.5549 0.8254 0.1041
vn 0.3201 -0.9295 0.1833
vn 0.5262 0.3641 0.7684
vn 0.6141 -0.7677 0.1829
vn 0.5540 0.5804 0.5969
vn -0.4814 -0.8465 0.2274
vn -0.8590 0.4498 -0.2446
vn 0.7096 -0.3096 0.6329
vn 0.0830 0.9714 0.2227
vn 0.5699 -0.7335 -0.3704
vn -0.1130 0.4806 -0.8696
vn -0.4801 -0.5696 0.6671
vn -0.3236 0.8406 0.4343
vn 0.5706 -0.8037 -0.1690
vn 0.6448 0.5876 -0.4888
vn -0.1952 -0.8275 -0.5265
vn 0.1138 0.5294 -0.8407
vn -0.1193 0.9928 0.0080
vn 0.6742 -0.0493 0.7369
vn -0.9689 0.0896 0.2307
vn 0.1705 -0.6201 0.7658
vn -0.8307 0.2468 -0.4990
vn -0.0579 -0.9902 -0.1272
vn 0.5219 0.7832 -0.3381
vn 0.8059 -0.5919 0.0152
vn -0.5146 0.8449 -0.1462
vn -0.8092 -0.4994 0.3095
vn 0.7738 0.3032 -0.5562
vn 0.1866 -0.9804 -0.0635
vn 0.0968 0.9752 0.1991
vn -0.5203 -0.2279 0.8230
vn 0.7449 0.6289 0.2227
vn 0.6233 -0.7784 0.0752
vn -0.4646 0.6576 0.5931
vn -0.4649 -0.7860 0.4075
vn -0.1529 0.7958 -0.5860
vn -0.2009 -0.6610 -0.7230
vn 0.1828 -0.8783 -0.4419
vn 0.9123 0.3891 -0.1273
vn -0.9586 -0.0368 -0.2825
vn 0.0228 0.9992 0.0316
vn -0.4413 -0.6594 0.6087
vn 0.3764 0.5629 0.7358
vn -0.9092 -0.2704 -0.3166
vn 0.3886 -0.9196 -0.0571
vn -0.1082 0.9186 -0.3802
vn 0.9940 -0.0244 -0.1066
vn -0.6501 0.4350 0.6230
vn 0.5739 -0.3841 0.7233
vn -0.2902 0.9023 -0.3187
vn -0.9144 -0.4015 -0.0519
vn 0.9169 0.1329 -0.3763
vn -0.0100 -0.9936 -0.1128
vn 0.4345 0.6478 0.6257
vn -0.3850 -0.5748 0.7221
vn 0.8754 0.0402 -0.4818
vn -0.3484 0.8534 -0.3878
vn 0.0130 -0.9946 -0.1027
vn -0.9936 0.0549 -0.0986
vn 0.7153 -0.1955 0.6709
vn -0.4577 0.6985 0.5501
vn 0.4903 -0.3370 -0.8038
vn 0.0385 0.9495 -0.3113
vn -0.5887 -0.7420 -0.3207
vn -0.7190 0.6946 -0.0234
vn 0.6047 -0.7053 0.3700
vn 0.2689 0.7332 0.6246
vn 0.3289 -0.9310 0.1581
vn 0.7587 0.4611 -0.4602
vn -0.7242 -0.6872 0.0573
vn -0.3720 0.6961 -0.6140
vn 0.0211 0.0639 0.9977
vn 0.3104 0.9480 -0.0711
vn 0.1868 -0.7914 0.5821
vn 0.8257 0.5624 0.0426
vn -0.4599 -0.6868 -0.5628
vn 0.3533 0.5270 -0.7730
vn -0.8837 -0.1444 0.4452
vn 0.1460 0.9888 -0.0313
vn -0.4253 -0.8909 0.1595
vn 0.8647 -0.1932 -0.4636
vn -0.9981 0.0319 0.0524
vn 0.2408 0.7530 -0.6124
vn 0.0625 0.0317 0.9975
vn 0.8883 0.4523 -0.0797
vn -0.4380 -0.6871 0.5797
vn 0.9798 -0.1941 0.0479
vn -0.8039 -0.1592 -0.5731
vn 0.6190 0.1226 -0.7758
vn -0.7306 0.5182 0.4447
vn 0.7967 0.6037 -0.0271
vn -0.9287 -0.3366 0.1552
vn 0.4820 -0.7435 -0.4636
vn -0.6875 0.7238 0.0581
vn 0.6970 0.3710 -0.6137
vn 0.0666 -0.0218 0.9975
vn 0.9479 -0.3084 -0.0797
vn -0.7922 -0.1848 0.5816
vn 0.5624 -0.8258 0.0424
vn -0.6851 0.4590 -0.5656
vn 0.5299 -0.3552 -0.7701
vn -0.1455 0.8836 0.4451
vn 0.9887 -0.1468 -0.0318
vn -0.8905 0.4259 0.1601
vn -0.1923 -0.8649 -0.4636
vn 0.0333 0.9981 0.0511
vn 0.7533 -0.2409 -0.6119
vn 0.0310 -0.0609 0.9977
vn 0.4530 -0.8881 -0.0777
vn -0.6872 0.4378 0.5797
vn -0.1955 -0.9795 0.0492
vn -0.1581 0.7994 -0.5796
vn 0.1232 -0.6224 -0.7730
vn 0.5127 0.7347 0.4443
vn 0.6082 -0.7934 -0.0237
vn -0.3413 0.9275 0.1525
vn -0.7388 -0.4888 -0.4640
vn 0.7261 0.6853 0.0561
vn 0.3832 -0.6904 -0.6136
vn -0.0187 -0.0565 0.9982
vn -0.3068 -0.9493 -0.0690
vn -0.1994 0.7860 0.5852
vn -0.8262 -0.5618 0.0437
vn 0.4591 0.6858 -0.5647
vn -0.3532 -0.5284 -0.7721
vn 0.8830 0.1503 0.4446
vn -0.1293 -0.9914 -0.0207
vn 0.4097 0.8997 0.1508
vn -0.8665 0.1808 -0.4654
vn 0.9981 -0.0261 0.0566
vn -0.2404 -0.7522 -0.6135
vn -0.0585 -0.0301 0.9978
vn -0.8883 -0.4516 -0.0830
vn 0.4401 0.6865 0.5789
vn -0.9810 0.1888 0.0447
vn 0.8084 0.1596 -0.5666
vn -0.6152 -0.1218 -0.7789
vn 0.7272 -0.5226 0.4451
vn -0.7999 -0.5994 -0.0304
vn 0.9302 0.3318 0.1568
vn -0.4769 0.7475 -0.4624
vn 0.6961 -0.7149 0.0661
vn -0.6822 -0.3967 -0.6142
vn -0.0688 0.0222 0.9974
vn -0.9484 0.3075 -0.0771
vn 0.7765 0.2209 0.5901
vn -0.5853 0.8106 0.0195
vn 0.5421 -0.7135 -0.4438
vn -0.6527 0.1016 -0.7508
vn 0.1062 -0.7315 0.6735
vn -0.9697 0.2356 0.0651
vn 0.8601 -0.4860 0.1551
vn 0.2623 0.6479 -0.7152
vn 0.0548 -0.9956 0.0765
vn -0.5514 0.0765 -0.8307
vn -0.0838 0.1662 0.9825
vn -0.4448 0.8710 -0.2084
vn 0.5037 -0.3531 0.7884
vn 0.1147 0.9868 0.1143
vn 0.4466 -0.7768 -0.4439
vn 0.1896 0.6337 -0.7500
vn -0.5585 -0.6963 0.4508
vn -0.5708 0.8196 -0.0492
vn -0.0893 -0.3084 -0.9471
vn 0.3382 0.9086 -0.2453
vn -0.8613 -0.5050 0.0562
vn -0.3150 0.8253 0.4687
vn 0.4865 -0.8703 -0.0769
vn 0.7957 0.5119 0.3237
vn 0.6695 0.7369 -0.0937
vn 0.6606 -0.6763 0.3259
vn -0.1643 0.8261 0.5390
vn 0.1171 -0.5860 0.8018
vn -0.9164 0.3954 -0.0622
vn -0.2946 -0.8642 0.4079
vn -0.0858 0.3193 -0.9438
vn 0.2574 -0.9549 -0.1483
vn 0.7624 -0.5943 -0.2559
vn -0.6582 -0.7507 0.0575
vn 0.8031 0.1613 0.5736
vn -0.6199 -0.1260 0.7745
vn 0.3407 0.9395 -0.0344
vn -0.8841 0.2302 0.4068
vn 0.3329 0.1337 -0.9334
vn -0.8694 -0.4253 -0.2514
vn 0.1873 -0.9774 -0.0980
vn -0.4597 -0.1283 0.8787
vn 0.9593 -0.2653 -0.0968
vn 0.1317 0.4084 0.9033
vn 0.3866 0.4641 -0.7970
vn -0.1640 0.8310 0.5316
vn -0.4531 -0.3882 -0.8025
vn -0.8377 0.1594 0.5223
vn 0.6342 -0.2613 -0.7276
vn 0.7025 0.3328 0.6291
vn -0.6341 0.1963 -0.7479
vn -0.3376 0.7055 0.6231
vn -0.3320 -0.9216 -0.2012
vn -0.0628 -0.1104 0.9919
vn -0.6005 -0.7964 -0.0715
vn -0.1187 0.2287 -0.9662
vn -0.6889 -0.6924 0.2147
vn -0.2284 0.8357 -0.4995
vn 0.1046 0.3212 0.9412
vn 0.2898 0.8865 -0.3608
vn 0.0604 -0.8994 0.4329
vn 0.7654 0.4672 -0.4426
vn -0.3243 0.5367 -0.7790
vn -0.7841 0.1805 0.5938
vn 0.2711 -0.6084 -0.7459
vn -0.3246 -0.7261 0.6061
vn 0.8792 0.4194 -0.2262
vn 0.0988 0.0732 0.9924
vn -0.5215 -0.2777 -0.8068
vn -0.2089 -0.8026 0.5587
vn 0.5973 0.0163 -0.8019
vn 0.5814 -0.5875 0.5628
vn -0.2517 0.9311 -0.2641
vn -0.0247 0.0917 0.9955
vn 0.1575 -0.6092 -0.7772
vn 0.7177 -0.3759 0.5862
vn 0.0035 0.6201 -0.7845
vn 0.5862 0.5540 0.5911
vn -0.9591 -0.1556 -0.2363
vn -0.1074 -0.0113 0.9941
vn 0.8680 0.4771 -0.1375
vn -0.5060 0.8320 0.2274
vn 0.2665 -0.4755 -0.8384
vn -0.9588 0.0889 -0.2699
vn 0.5286 -0.8090 0.2572
vn -0.7876 -0.2316 0.5710
vn 0.9340 -0.3520 0.0606
vn 0.2869 0.9489 0.1313
vn -0.2273 -0.7757 -0.5887
vn -0.6244 0.6599 -0.4179
vn -0.1001 -0.7637 0.6378
vn -0.4775 0.6535 0.5874
vn 0.2561 -0.0839 0.9630
vn 0.9073 -0.2940 -0.3006
vn -0.9788 0.0079 0.2047
vn 0.5051 -0.7203 -0.4755
vn -0.8277 0.5451 0.1338
vn 0.7588 0.2613 -0.5966
vn -0.3608 0.5546 0.7498
vn 0.5256 -0.1640 0.8348
vn -0.1742 -0.3469 0.9216
vn -0.4074 -0.8093 -0.4231
vn -0.0665 0.5647 0.8226
vn 0.4630 -0.4481 0.7647
vn -0.3699 -0.1233 0.9209
vn -0.8607 -0.2844 -0.4222
vn 0.1914 0.4567 0.8688
vn 0.2643 -0.7070 0.6559
vn -0.3288 0.1639 0.9301
vn -0.8185 0.4124 -0.3999
vn 0.3967 0.1810 0.9000
vn 0.4592 0.7885 -0.4093
vn -0.0788 -0.8767 0.4746
vn -0.0887 0.2605 0.9614
vn -0.2963 0.9034 -0.3100
vn -0.7128 0.6967 -0.0808
vn 0.7073 0.6263 0.3278
vn -0.8110 -0.1600 0.5628
vn 0.6111 0.1202 0.7823
vn -0.4126 -0.8995 -0.1437
vn 0.8923 -0.3724 0.2551
vn -0.3376 -0.0599 -0.9394
vn 0.9659 0.1516 -0.2097
vn -0.6535 0.4032 0.6406
vn 0.4428 0.2161 0.8702
vn 0.8405 0.1023 -0.5320
vn 0.2024 -0.3242 0.9241
vn 0.3926 -0.8042 -0.4462
vn 0.8918 -0.4396 -0.1068
vn -0.1258 0.0586 -0.9903
vn 0.7175 -0.6575 0.2299
vn -0.8316 -0.2475 -0.4972
vn -0.3059 0.0996 0.9468
vn -0.8915 0.2929 -0.3457
vn 0.9089 0.0987 0.4053
vn -0.4630 0.7768 -0.4269
vn 0.4410 0.8918 -0.1006
vn -0.0575 -0.1214 -0.9909
vn 0.6416 0.7292 0.2378
vn 0.2567 -0.8285 -0.4978
vn -0.1070 -0.3287 0.9384
vn -0.2937 -0.8884 -0.3529
vn -0.0946 0.9087 0.4067
vn -0.7749 -0.4656 -0.4276
vn -0.4583 0.8876 -0.0457
vn 0.0204 -0.1183 -0.9928
vn 0.0512 0.9106 0.4101
vn 0.8042 -0.4283 -0.4121
vn 0.1297 -0.2554 0.9581
vn 0.4265 -0.8364 -0.3444
vn -0.7556 0.5227 0.3949
vn -0.1665 -0.8804 -0.4440
vn -0.9752 -0.2191 -0.0313
vn 0.1196 -0.1093 -0.9868
vn -0.9745 0.0132 0.2242
vn 0.4940 0.7043 -0.5098
vn 0.3310 0.1692 0.9284
vn 0.8261 0.4124 -0.3840
vn -0.4574 -0.6412 0.6162
vn 0.8906 -0.2469 -0.3821
vn 0.3204 -0.9387 -0.1273
vn -0.0572 0.1518 -0.9868
vn 0.0412 -0.9725 0.2292
vn -0.7652 0.4087 -0.4974
vn -0.1468 0.2887 0.9461
vn -0.4238 0.8364 -0.3476
vn 0.7147 -0.5709 0.4040
vn 0.2317 0.8748 -0.4254
vn 0.9422 0.3194 -0.1013
vn -0.1248 -0.0451 -0.9912
vn 0.9723 0.0423 0.2298
vn -0.4140 -0.7625 -0.4972
vn -0.2867 -0.1459 0.9469
vn -0.8374 -0.4234 -0.3457
vn 0.5746 0.7106 0.4061
vn -0.8771 0.2187 -0.4276
vn -0.7138 -0.6750 0.1868
vn -0.5535 0.8191 0.1508
vn 0.6942 -0.6936 0.1926
vn 0.5802 0.8008 0.1486
vn 0.0290 -0.6190 -0.7849
vn 0.0479 0.8859 -0.4614
vn -0.9128 0.1726 -0.3701
vn 0.9206 0.3787 0.0947
vn -0.9320 0.0710 0.3554
vn 0.6935 0.1534 0.7039
vn -0.4100 -0.5997 -0.6872
vn 0.9881 -0.1193 0.0972
vn 0.6355 -0.7683 -0.0772
vn -0.9484 -0.3112 -0.0616
vn 0.6836 0.4679 0.5602
vn -0.9433 0.2197 0.2488
vn 0.8511 -0.0565 -0.5219
vn -0.8340 -0.0697 -0.5474
vn -0.0469 0.5808 -0.8127
vn 0.0171 0.5704 0.8212
vn -0.8076 -0.1540 -0.5693
vn -0.3521 0.1792 0.9186
vn -0.0065 -0.9472 -0.3205
vn -0.0565 -0.0998 0.9934
vn 0.8106 -0.2222 -0.5419
vn 0.3358 0.2610 0.9051
vn -0.7964 0.6010 0.0676
vn -0.3388 -0.9404 -0.0289
vn -0.0460 0.7206 -0.6919
vn 0.0129 -0.9675 -0.2526
vn 0.8386 0.5371 0.0912
vn 0.2636 -0.9627 -0.0617
vn -0.1331 0.7117 0.6898
vn -0.2564 -0.8775 0.4053
vn 0.4825 -0.5598 -0.6737
vn -0.9880 -0.1292 0.0849
vn 0.9202 0.0578 0.3872
vn -0.7476 0.0682 0.6606
vn 0.9318 0.2164 -0.2914
vn -0.9286 0.3595 0.0922
vn 0.7724 0.6277 0.0966
vn -0.8288 0.5595 -0.0034
vn 0.6808 -0.2623 -0.6839
vn -0.9049 -0.0693 -0.4200
vn -0.1288 -0.9914 -0.0220
vn -0.9591 0.1259 -0.2534
vn 0.4392 -0.8751 0.2032
vn -0.9139 0.3999 0.0694
vn -0.5295 -0.8119 0.2458
vn 0.9236 0.3713 0.0960
vn 0.0364 -0.9993 -0.0107
vn 0.9627 0.1010 -0.2512
vn -0.6748 -0.1806 -0.7156
vn 0.9075 -0.0440 -0.4176
vn -0.7478 0.6603 0.0692
vn 0.8444 0.5355 -0.0162
vn -0.8333 0.3920 0.3899
vn -0.3145 -0.6593 -0.6830
vn 0.1139 0.9890 0.0945
vn 0.2648 -0.2718 -0.9252
vn 0.7237 0.4428 0.5294
vn 0.2909 -0.6179 -0.7304
vn -0.1557 -0.1229 0.9801
vn -0.2211 -0.7587 -0.6128
vn -0.8018 -0.1354 -0.5821
vn 0.8558 -0.0999 -0.5076
vn -0.6077 0.5598 0.5632
vn 0.9114 0.2810 0.3008
vn -0.6468 -0.7626 -0.0143
vn 0.9117 -0.4097 0.0311
vn -0.7267 -0.4038 -0.5557
vn -0.4762 0.6710 0.5683
vn -0.0634 -0.9978 -0.0214
vn 0.0008 0.2523 0.9676
vn 0.6851 -0.4330 -0.5858
vn 0.5325 0.6472 0.5454
vn 0.6462 -0.7595 -0.0744
vn 0.4711 0.8750 0.1112
vn -0.0317 -0.6618 -0.7490
vn 0.0660 0.9008 -0.4291
vn -0.8988 -0.4377 -0.0250
vn -0.1333 0.9910 -0.0148
vn -0.2986 -0.5632 0.7705
vn 0.3193 0.9163 0.2416
vn -0.5737 -0.7470 -0.3358
vn 0.9017 -0.4278 -0.0622
vn -0.7533 0.5465 -0.3659
vn 0.6464 0.7564 -0.0998
vn -0.7001 -0.0993 0.7071
vn 0.7315 0.1731 0.6596
vn -0.4665 0.8791 -0.0982
vn 0.8649 0.4599 0.2011
vn -0.8102 0.1613 0.5635
vn 0.5813 -0.1149 0.8056
vn -0.7717 -0.6353 0.0299
vn 0.6249 -0.6816 0.3806
vn -0.4104 0.1209 -0.9039
vn 0.9245 -0.0625 -0.3760
vn -0.1993 -0.7246 0.6597
vn 0.1834 0.6605 0.7281
vn 0.5624 -0.8100 -0.1659
vn 0.7958 0.5993 -0.0868
vn -0.6113 -0.4893 -0.6220
vn -0.1468 0.8736 -0.4639
vn -0.2054 0.6668 0.7164
vn 0.2092 -0.7602 0.6151
vn -0.9003 0.3362 -0.2764
vn -0.2881 -0.9513 -0.1099
vn 0.2153 0.8411 -0.4961
vn 0.6729 -0.6132 -0.4137
vn -0.2925 -0.5065 -0.8111
vn 0.7807 -0.6033 0.1629
vn -0.2416 0.7781 -0.5798
vn 0.8125 0.4619 0.3557
vn -0.9835 0.0874 0.1586
vn 0.1951 -0.1047 0.9752
vn -0.0612 -0.9689 -0.2398
vn 0.7966 -0.1478 0.5862
vn -0.3104 0.1404 -0.9402
vn 0.6206 0.7840 -0.0092
vn -0.9112 -0.3668 0.1874
vn 0.1044 0.3268 0.9393
vn 0.4027 -0.5777 -0.7100
vn 0.8003 0.5985 0.0355
vn -0.7803 -0.0869 -0.6194
vn -0.1281 0.9869 0.0979
vn -0.3877 -0.8649 0.3189
vn 0.1687 0.3300 0.9288
vn -0.6219 0.7070 0.3369
vn -0.3070 -0.7759 0.5511
vn -0.1423 0.4040 -0.9036
vn 0.0497 -0.9243 -0.3784
vn 0.5920 0.8059 0.0104
vn 0.6434 -0.6982 0.3138
vn 0.3772 -0.7764 -0.5050
vn 0.0827 -0.4875 0.8692
vn 0.5397 0.5237 -0.6591
vn 0.2304 0.6076 0.7601
vn -0.6176 -0.1256 -0.7764
vn -0.7538 0.0485 0.6553
vn 0.4036 -0.9070 0.1207
vn 0.1487 0.2485 0.9572
vn 0.2890 -0.0640 -0.9552
vn 0.1000 0.9932 0.0604
vn -0.6379 -0.7321 -0.2388
vn -0.6226 0.3882 0.6795
vn 0.8146 -0.5657 0.1280
vn -0.1577 0.0903 0.9834
vn 0.6777 0.4202 -0.6034
vn -0.2788 0.8842 0.3749
vn -0.1540 -0.5267 -0.8360
vn -0.9788 0.1166 0.1683
vn -0.6406 -0.7663 0.0485
vn -0.7334 0.6551 0.1817
vn 0.1405 -0.7590 0.6357
vn -0.1148 0.6554 0.7465
vn 0.5772 -0.5321 -0.6194
vn 0.2801 0.8690 -0.4079
vn 0.9533 0.2838 -0.1030
vn 0.2745 -0.9404 0.2006
vn -0.1742 0.9572 0.2311
vn -0.7596 -0.3344 0.5579
vn 0.1981 0.3645 -0.9099
vn -0.3488 -0.8537 -0.3866
vn -0.4537 0.8416 -0.2930
vn -0.7554 -0.6494 -0.0871
vn 0.7360 0.4225 -0.5290
vn 0.2464 -0.9266 -0.2839
vn 0.1989 0.6783 0.7074
vn -0.1931 -0.7496 0.6331
vn 0.4400 -0.6436 0.6262
vn -0.3641 0.5188 0.7735
vn 0.9399 -0.1302 -0.3158
vn 0.0795 0.9953 -0.0548
vn -0.2019 -0.9010 -0.3840
vn -0.9467 0.3016 -0.1130
vn 0.8469 -0.3850 0.3669
vn -0.6317 -0.4536 0.6286
vn 0.6678 0.5582 0.4924
vn -0.7271 0.0728 0.6826
vn 0.5093 0.1101 -0.8535
vn -0.8514 -0.1821 -0.4920
vn -0.6187 0.6810 0.3917
vn 0.7621 0.1486 0.6302
vn -0.8269 -0.2764 0.4898
vn 0.6519 -0.3605 0.6671
vn -0.5315 0.1076 -0.8402
vn 0.8429 -0.1703 -0.5105
vn 0.0192 0.6324 0.7744
vn 0.3032 -0.7797 0.5479
vn -0.9039 0.4163 0.0984
vn -0.2013 -0.9177 0.3424
vn -0.1979 0.6960 -0.6902
vn 0.2303 -0.7345 -0.6383
vn -0.6247 -0.4731 -0.6212
vn 0.5282 0.4473 -0.7217
vn -0.4989 -0.1847 0.8468
vn 0.6542 0.6085 0.4492
vn -0.0741 -0.9952 -0.0640
vn 0.9951 0.0946 0.0274
vn 0.0616 -0.9265 0.3713
vn 0.6288 0.3679 0.6850
vn -0.2134 -0.4297 -0.8774
vn 0.3670 0.8246 -0.4305
vn -0.9582 -0.2826 0.0454
vn -0.2357 0.9093 0.3429
vn -0.3385 -0.4097 -0.8471
vn 0.8582 0.2702 -0.4365
vn -0.9753 0.2199 -0.0221
vn 0.3731 0.8594 0.3495
vn -0.5677 -0.4677 0.6775
vn 0.6004 0.4389 0.6684
vn -0.0643 -0.9479 -0.3121
vn 0.9891 -0.0098 -0.1469
vn -0.0097 0.9998 0.0172
vn 0.9534 -0.0249 0.3005
vn -0.6465 0.4970 0.5788
vn 0.4729 -0.3659 0.8015
vn -0.9517 -0.2154 -0.2188
vn 0.2296 -0.9722 0.0448
vn -0.3148 0.3319 -0.8893
vn 0.7153 -0.5615 -0.4159
vn 0.5987 0.3704 -0.7102
vn 0.7264 -0.5150 0.4551
vn -0.0973 0.9950 0.0225
vn 0.1177 -0.0504 0.9918
vn -0.8831 0.3324 -0.3311
vn -0.3910 -0.4713 0.7906
vn -0.2468 -0.3346 -0.9095
vn 0.1396 -0.9304 0.3389
vn -0.8385 -0.2686 -0.4742
vn 0.0536 -0.8702 0.4898
vn 0.1987 0.5211 -0.8300
vn 0.9575 -0.2340 0.1684
vn -0.7664 0.6242 0.1517
vn 0.1103 -0.1689 0.9794
vn -0.6582 -0.7366 -0.1558
vn 0.2017 -0.2772 0.9394
vn 0.2071 -0.0599 -0.9765
vn 0.9235 0.2776 0.2646
vn -0.8182 0.4525 -0.3548
vn 0.0971 0.6451 0.7579
vn -0.2242 0.7129 -0.6644
vn 0.1752 0.6771 0.7147
vn -0.8679 -0.2796 -0.4106
vn -0.3528 0.0157 0.9356
vn 0.2881 -0.7468 -0.5994
vn 0.6328 -0.3007 0.7136
vn 0.5540 -0.0807 -0.8286
vn 0.8028 0.1106 0.5859
vn 0.8908 0.4409 -0.1101
vn 0.2909 -0.4183 0.8605
vn 0.3926 0.9184 0.0493
vn -0.0684 -0.0546 0.9962
vn -0.5469 0.5802 -0.6036
vn -0.7676 -0.2432 0.5930
vn 0.4577 -0.2417 -0.8556
vn 0.0787 -0.9159 0.3935
vn 0.9100 -0.2292 -0.3456
vn 0.3678 0.4951 0.7872
vn 0.0415 0.2066 -0.9775
vn -0.3833 0.9055 0.1819
vn -0.4311 -0.0667 -0.8998
vn -0.5523 0.8067 0.2101
vn -0.0698 -0.9862 -0.1502
vn -0.3012 -0.0334 0.9530
vn -0.1202 -0.4908 -0.8629
vn -0.5801 -0.6349 0.5104
vn 0.9241 -0.1386 -0.3561
vn 0.2374 -0.3407 0.9097
vn 0.0291 0.8193 -0.5726
vn -0.4719 0.4513 0.7574
vn 0.8399 0.1788 0.5125
vn -0.5288 -0.1134 0.8411
vn 0.4488 0.8813 -0.1478
vn -0.8555 0.4250 0.2957
vn 0.3847 -0.1475 -0.9112
vn -0.9007 -0.3504 -0.2570
vn 0.7963 -0.6025 0.0534
vn -0.5798 -0.6834 0.4436
vn -0.2133 -0.9181 0.3340
vn -0.6069 0.4353 0.6649
vn 0.8990 -0.4347 0.0533
vn 0.3450 0.8496 0.3988
vn -0.0401 -0.4663 -0.8837
vn -0.4332 0.8260 -0.3607
vn 0.4271 -0.7513 -0.5030
vn -0.5997 -0.6208 0.5049
vn 0.9542 0.2982 0.0238
vn -0.1575 0.2314 0.9600
vn -0.0089 0.2931 -0.9560
vn -0.9667 0.2177 0.1348
vn 0.9590 0.2830 -0.0168
vn -0.2893 0.9045 0.3134
vn 0.3451 -0.2220 -0.9119
vn -0.7640 0.5357 -0.3595
vn 0.1009 -0.9949 -0.0058
vn -0.9445 -0.0584 0.3232
vn 0.6748 -0.4648 0.5731
vn -0.4909 0.3393 0.8025
vn 0.6444 0.5155 0.5648
vn -0.4624 -0.3718 0.8049
vn 0.0116 0.9753 -0.2206
vn -0.9991 -0.0006 0.0431
vn 0.1151 0.5641 -0.8176
vn -0.9370 -0.2265 -0.2658
vn 0.9208 -0.2290 -0.3158
vn -0.2646 -0.9606 0.0848
vn 0.4792 -0.8219 -0.3079
vn -0.8835 -0.4659 -0.0481
vn 0.7800 -0.1560 0.6060
vn -0.6039 0.1225 0.7876
vn 0.7344 0.5341 -0.4188
vn -0.6566 0.7396 -0.1480
vn -0.8844 0.2039 -0.4199
vn 0.5368 0.4117 -0.7364
vn -0.3553 -0.2037 0.9123
vn 0.9447 0.0568 0.3229
vn -0.8575 -0.1754 -0.4836
vn 0.5315 0.0523 -0.8455
vn 0.1260 0.9901 0.0615
vn -0.9323 -0.1221 0.3406
vn 0.5437 0.4313 -0.7199
vn -0.5489 -0.4327 -0.7152
vn 0.9001 0.1865 -0.3938
vn -0.3082 -0.5678 -0.7633
vn 0.3582 0.2231 0.9066
vn -0.7696 -0.4799 0.4213
vn 0.2347 0.9552 0.1802
vn 0.2290 0.1721 -0.9581
vn 0.7606 0.4696 0.4483
vn 0.3387 0.2086 -0.9175
vn 0.8992 -0.2033 0.3874
vn 0.2959 -0.0671 -0.9529
vn 0.5231 -0.7559 0.3937
vn 0.1729 -0.2496 -0.9528
vn -0.1877 -0.8674 0.4609
vn -0.0837 -0.3898 -0.9171
vn -0.7991 -0.5704 0.1899
vn -0.0881 -0.2840 -0.9548
vn -0.9762 -0.1444 0.1620
vn -0.2173 0.1375 -0.9664
vn -0.6739 0.4867 0.5558
vn -0.3657 0.2645 -0.8923
vn -0.2033 0.9709 0.1267
vn -0.2385 0.1625 -0.9575
vn -0.8915 0.1281 -0.4345
vn 0.3077 -0.7216 -0.6202
vn -0.5665 0.4351 -0.6998
vn 0.5674 -0.4337 -0.7000
vn -0.1793 0.9440 -0.2768
vn 0.9679 -0.0405 -0.2482
vn -0.3504 0.2537 0.9016
vn 0.7473 -0.5414 0.3853
vn 0.1807 -0.8882 -0.4224
vn 0.4902 0.5220 -0.6980
vn -0.1944 -0.7076 -0.6793
vn 0.1827 0.6698 -0.7197
vn -0.8815 -0.4680 -0.0623
vn -0.3113 0.9499 0.0286
vn -0.0905 -0.4137 0.9059
vn 0.1976 0.9030 0.3816
vn 0.2153 -0.3108 0.9258
vn -0.5391 0.7791 0.3201
vn 0.7749 -0.4761 -0.4157
vn -0.0638 0.6964 -0.7148
vn 0.4470 -0.6400 -0.6250
vn -0.3560 0.5233 -0.7742
vn 0.1391 -0.8980 -0.4175
vn -0.6512 0.3150 -0.6905
vn 0.8515 0.2619 -0.4543
vn -0.6011 0.5418 -0.5875
vn 0.7299 -0.1482 -0.6673
vn -0.6621 0.1329 -0.7375
vn 0.7190 -0.5581 -0.4142
vn -0.6932 -0.2244 -0.6849
vn 0.3974 -0.0897 0.9133
vn -0.9125 0.2060 0.3534
vn 0.0942 -0.5449 -0.8332
vn -0.1548 0.8413 -0.5180
vn -0.3508 -0.8202 0.4519
vn -0.3723 0.6531 0.6594
vn 0.6233 -0.6467 0.4398
vn 0.1280 0.7442 0.6556
vn 0.4641 -0.3201 -0.8259
vn -0.6939 0.4773 -0.5391
vn 0.3491 -0.7957 0.4949
vn -0.7384 0.2100 0.6409
vn 0.8851 -0.0161 0.4651
vn -0.4481 0.6336 0.6307
vn 0.8070 0.5191 -0.2814
vn 0.2861 -0.9301 -0.2302
vn -0.0236 0.5117 0.8588
vn -0.3208 -0.8539 0.4098
vn 0.2104 0.7757 -0.5950
vn -0.1955 -0.6395 -0.7435
vn -0.4088 0.5908 0.6956
vn 0.5126 -0.7223 0.4643
vn -0.9955 -0.0940 0.0090
vn 0.2257 -0.9728 0.0517
vn -0.2332 0.8162 -0.5286
vn 0.7140 -0.5591 -0.4213
vn 0.7142 0.6939 0.0915
vn 0.5100 -0.7345 0.4477
vn -0.6462 0.7512 -0.1347
vn -0.5462 -0.7271 0.4159
vn 0.5076 0.3890 -0.7688
vn 0.4213 -0.9059 -0.0431
vn 0.2593 0.2192 0.9406
vn 0.7684 0.3907 -0.5068
vn -0.7147 -0.5769 0.3955
vn 0.1134 -0.2278 -0.9671
vn -0.6209 0.6441 0.4468
vn 0.2739 0.5964 -0.7545
vn -0.6062 -0.4499 0.6559
vn 0.8043 0.3079 0.5083
vn -0.5934 -0.4148 -0.6897
vn 0.7998 0.3479 -0.4892
vn -0.8576 0.5136 -0.0265
vn 0.6180 0.7851 -0.0404
vn -0.3083 -0.0975 0.9463
vn -0.7402 -0.4497 -0.4998
vn -0.3294 0.8037 0.4955
vn -0.7111 -0.0103 -0.7031
vn 0.8390 0.3364 0.4276
vn 0.1008 -0.2167 -0.9710
vn 0.6720 -0.5590 -0.4857
vn -0.4380 -0.6289 0.6423
vn 0.8364 0.5403 0.0925
vn -0.3143 -0.0544 0.9478
vn -0.0087 0.2498 -0.9683
vn -0.9467 -0.2077 0.2464
vn 0.9317 0.2312 -0.2803
vn 0.0608 -0.2496 0.9664
vn -0.0466 0.9144 -0.4020
vn -0.6816 0.1582 0.7145
vn -0.2439 -0.0650 -0.9676
vn -0.8142 -0.3957 0.4248
vn -0.5864 0.0031 0.8100
vn 0.3508 -0.9308 0.1024
vn -0.5519 0.7809 -0.2925
vn 0.3089 -0.4544 -0.8355
vn 0.2299 0.5565 0.7984
vn 0.7592 -0.6452 0.0856
vn -0.6988 0.6426 0.3142
vn 0.1382 -0.7766 0.6147
vn -0.4406 0.1566 -0.8839
vn 0.3540 -0.9195 -0.1709
vn 0.3077 0.8573 -0.4127
vn 0.8007 -0.5983 0.0316
vn 0.7204 -0.1012 -0.6861
vn -0.2629 0.9629 -0.0610
vn -0.2458 -0.6726 -0.6980
vn -0.7419 0.6679 -0.0590
vn 0.4657 -0.8119 0.3520
vn -0.4082 0.6009 0.6872
vn 0.8006 -0.2071 0.5622
vn -0.2475 0.9486 0.1971
vn 0.4670 -0.7160 -0.5189
vn -0.4082 0.7359 -0.5403
vn -0.2514 -0.8342 0.4909
vn -0.7425 0.6498 0.1627
vn -0.6450 -0.5472 -0.5334
vn -0.0539 -0.3281 0.9431
vn 0.4399 0.2468 -0.8635
vn 0.7044 0.2921 0.6469
vn -0.5243 0.6966 -0.4897
vn 0.1308 0.4990 0.8567
vn 0.1963 -0.8461 -0.4956
vn 0.7667 0.0762 0.6375
vn -0.1245 0.1325 -0.9833
vn 0.6821 0.6627 0.3092
vn -0.8816 -0.4715 -0.0207
vn 0.1763 0.2396 0.9547
vn 0.0581 -0.9341 0.3523
vn 0.8236 0.1535 -0.5460
vn -0.8902 -0.4340 -0.1385
vn 0.3217 0.3563 -0.8773
vn -0.2996 0.0288 0.9536
vn 0.7188 0.6723 -0.1769
vn 0.6884 0.3453 -0.6378
vn -0.6082 -0.4759 -0.6353
vn 0.6106 0.3068 0.7300
vn -0.7148 -0.5724 0.4018
vn 0.0793 0.9609 -0.2654
vn -0.9211 -0.1396 -0.3635
vn 0.7651 -0.4941 0.4129
vn -0.4562 -0.6242 -0.6343
vn 0.0547 0.2520 0.9662
vn -0.8974 -0.3147 -0.3094
vn 0.8170 0.5760 -0.0268
vn -0.3918 -0.1172 -0.9126
vn 0.0143 0.9288 -0.3702
vn -0.6329 -0.6447 -0.4286
vn 0.9525 0.2696 0.1417
vn -0.0417 -0.9991 -0.0040
vn -0.0205 0.6001 0.7997
vn -0.4846 -0.8224 0.2979
vn 0.2151 -0.2848 0.9341
vn 0.5489 -0.4704 -0.6910
vn -0.8487 0.3358 0.4087
vn -0.1747 -0.0171 -0.9845
vn 0.1895 0.8338 0.5185
vn 0.4023 0.1744 -0.8988
vn 0.5876 -0.4533 0.6702
vn -0.9403 0.2197 0.2598
vn 0.8581 0.4975 0.1271
vn -0.7534 0.6478 -0.1128
vn 0.7125 -0.3986 -0.5775
vn -0.8328 0.2694 -0.4835
vn -0.6092 -0.7733 0.1757
vn 0.3045 0.4463 0.8415
vn 0.3742 -0.6259 -0.6843
vn 0.8085 0.5558 0.1933
vn -0.5076 0.0016 -0.8616
vn 0.3733 0.9273 0.0291
vn 0.5938 0.7216 0.3559
vn 0.0638 -0.8926 0.4464
vn -0.6190 0.7852 -0.0142
vn -0.6443 -0.7618 0.0665
vn 0.1249 0.5628 -0.8171
vn -0.3104 -0.8949 -0.3206
vn 0.6210 -0.6509 0.4368
vn 0.6569 0.6917 -0.3001
vn -0.6413 -0.7642 -0.0683
vn -0.1888 0.6333 -0.7506
vn -0.1706 -0.1453 0.9746
vn 0.2173 0.9759 0.0224
vn -0.9482 0.0165 0.3171
vn 0.2563 0.9506 0.1751
vn -0.1236 -0.8195 0.5595
vn 0.7425 0.5620 0.3644
vn -0.4562 -0.6173 -0.6410
vn 0.5551 0.6945 -0.4577
vn -0.6894 0.1099 -0.7160
vn -0.5087 -0.0834 0.8569
vn 0.6168 -0.3318 -0.7137
vn 0.3881 -0.3422 0.8557
vn 0.2240 0.8118 -0.5394
vn 0.1363 0.2381 0.9616
vn -0.5570 -0.6510 -0.5157
vn 0.2742 -0.5302 0.8023
vn 0.2453 0.0954 -0.9647
vn 0.8673 -0.0859 0.4903
vn -0.8819 0.4356 -0.1805
vn 0.0912 0.1031 0.9905
vn -0.7646 0.2133 0.6082
vn 0.6684 -0.5316 0.5203
vn -0.6086 0.2060 -0.7663
vn 0.7606 -0.4708 -0.4469
vn -0.1195 0.9917 -0.0467
vn 0.9964 -0.0769 -0.0361
vn -0.8199 -0.5609 0.1145
vn 0.6217 -0.6808 -0.3873
vn -0.7956 0.5209 -0.3094
vn 0.6386 -0.0860 -0.7648
vn -0.3224 0.1875 0.9278
vn 0.9380 -0.3240 0.1234
vn -0.2572 -0.7731 0.5797
vn 0.0232 -0.4608 -0.8872
vn -0.5007 0.4026 0.7663
vn -0.2997 0.3684 -0.8800
vn 0.6688 -0.3397 0.6613
vn 0.4823 -0.2113 -0.8501
vn -0.1735 -0.7668 -0.6180
vn -0.9055 0.1047 0.4112
vn 0.9209 -0.3897 0.0083
vn -0.2763 0.2755 0.9207
vn 0.1030 0.0240 -0.9944
vn -0.8321 0.5282 0.1692
vn 0.9516 -0.2761 -0.1347
vn -0.4579 0.4516 -0.7657
vn 0.0402 -0.8724 0.4872
vn -0.9831 0.0869 -0.1608
vn 0.2060 -0.1256 0.9705
vn -0.9005 0.4293 0.0690
vn -0.0807 0.5384 -0.8388
vn -0.0595 -0.9398 -0.3364
vn 0.7839 0.5868 -0.2030
vn 0.3031 -0.9484 -0.0935
vn -0.2977 0.8896 0.3463
vn -0.3844 -0.8435 0.3751
vn -0.0408 -0.5661 -0.8233
vn -0.0152 0.9365 -0.3504
vn -0.7100 -0.7032 0.0363
vn -0.4279 0.9012 0.0694
vn 0.6699 -0.7350 0.1054
vn 0.4418 0.8896 0.1160
vn 0.5715 -0.0721 0.8175
vn 0.4644 -0.1888 -0.8652
vn -0.7379 -0.0623 0.6720
vn -0.2728 -0.1933 -0.9424
vn -0.0641 0.7900 0.6098
vn 0.1252 0.2225 -0.9669
vn -0.0806 0.6872 0.7220
vn -0.0591 -0.9399 0.3362
vn -0.7858 0.5640 -0.2539
vn -0.3269 -0.9375 -0.1192
vn 0.3766 0.8497 -0.3689
vn 0.3039 -0.8847 -0.3536
vn -0.5347 -0.8448 0.0215
vn 0.9923 -0.0696 -0.1027
vn -0.8595 -0.0046 -0.5110
vn 0.7943 0.3038 -0.5262
vn -0.6960 -0.0474 0.7164
vn 0.9531 0.2371 0.1879
vn -0.9260 -0.2489 0.2837
vn 0.6978 -0.0956 0.7099
vn -0.3939 -0.0239 -0.9189
vn 0.9863 0.0811 -0.1438
vn -0.5801 0.7939 -0.1825
vn 0.8692 0.4043 0.2848
vn -0.0407 0.8348 -0.5490
vn 0.1064 0.3755 0.9207
vn -0.8209 -0.0645 -0.5675
vn -0.3125 -0.0329 0.9493
vn -0.0278 -0.8236 -0.5665
vn 0.0423 -0.3285 0.9436
vn 0.7467 -0.0538 -0.6630
vn 0.4169 -0.0116 0.9089
vn 0.4090 -0.0367 -0.9118
vn -0.9855 0.0549 -0.1603
vn 0.9203 -0.2559 0.2958
vn -0.7592 -0.1201 0.6397
vn 0.6346 0.7561 -0.1599
vn -0.8933 0.3812 0.2379
vn 0.5422 -0.8364 0.0807
vn -0.9792 -0.0207 -0.2017
vn 0.6007 -0.0809 0.7953
vn -0.9648 0.2501 0.0810
vn 0.9241 -0.0126 -0.3820
vn -0.7492 0.3361 -0.5707
vn -0.8613 0.5025 0.0747
vn -0.4193 -0.7944 0.4394
vn -0.8567 0.5097 0.0790
vn -0.4756 -0.8431 0.2512
vn -0.8651 0.5016 0.0011
vn -0.4796 -0.8282 0.2899
vn -0.8587 0.5101 0.0485
vn -0.4651 -0.8204 0.3325
vn -0.8791 0.4308 -0.2037
vn -0.4660 -0.8629 0.1954
vn -0.8753 0.4252 -0.2302
vn -0.4679 -0.8650 0.1813
vn -0.8666 0.4126 -0.2808
vn -0.4635 -0.8725 0.1546
vn -0.8793 0.4662 -0.0974
vn -0.4741 -0.8438 0.2514
vn -0.8798 0.4593 -0.1230
vn -0.4753 -0.8467 0.2389
vn -0.8832 0.4654 -0.0574
vn -0.4614 -0.8431 0.2761
vn -0.8876 0.4355 -0.1503
vn -0.4584 -0.8603 0.2229
vn -0.8725 0.4013 -0.2787
vn -0.4530 -0.8771 0.1596
vn -0.8526 0.3650 -0.3739
vn -0.4326 -0.8942 0.1151
vn -0.8412 0.3305 -0.4280
vn -0.4077 -0.9072 0.1038
vn -0.8126 0.2937 -0.5034
vn -0.3739 -0.9253 0.0638
vn -0.8234 0.2951 -0.4848
vn -0.3774 -0.9224 0.0824
vn -0.7474 0.2505 -0.6154
vn -0.3341 -0.9421 0.0291
vn -0.5822 0.1920 -0.7901
vn -0.2588 -0.9653 -0.0352
vn -0.3766 0.1390 -0.9159
vn -0.1646 -0.9835 -0.0757
vn -0.2094 0.1065 -0.9720
vn -0.0852 -0.9924 -0.0887
vn -0.1436 0.0920 -0.9853
vn -0.0568 -0.9948 -0.0841
vn -0.1067 0.0851 -0.9906
vn -0.0396 -0.9959 -0.0812
vn -0.0610 0.1200 -0.9909
vn 0.0390 -0.9921 -0.1189
vn -0.0487 0.1434 -0.9885
vn -0.0449 -0.9891 -0.1404
vn 0.1812 0.1233 -0.9757
vn 0.0123 -0.9933 -0.1153
vn 0.1953 0.1460 -0.9698
vn -0.0227 -0.9836 -0.1789
vn 0.2491 0.0834 -0.9649
vn 0.0794 -0.9911 -0.1072
vn 0.0780 0.0688 -0.9946
vn -0.0359 -0.9953 -0.0903
vn 0.5084 0.8498 0.1393
vn 0.5866 -0.7745 0.2368
vn 0.2955 0.8228 0.4854
vn 0.3030 -0.4955 0.8140
vn 0.3582 0.8296 0.4283
vn 0.4253 -0.3350 0.8408
vn 0.0389 0.9017 0.4305
vn 0.0161 -0.3961 0.9181
vn 0.5525 0.8255 0.1157
vn 0.6550 -0.5173 0.5508
vn 0.8376 0.5419 0.0693
vn 0.7530 -0.6179 0.2263
vn -0.2276 0.5978 -0.7687
vn -0.1773 -0.8232 -0.5394
vn -0.6285 0.5800 -0.5182
vn -0.6126 -0.7791 -0.1327
vn -0.2514 0.5744 -0.7790
vn 0.1151 -0.9209 -0.3724
vn 0.8882 0.4297 -0.1624
vn 0.4353 -0.8883 0.1461
vn 0.7220 0.3841 -0.5756
vn 0.4161 -0.8684 0.2696
vn 0.9906 0.1355 -0.0208
vn 0.2490 -0.8551 0.4548
vn 0.9721 -0.2314 0.0368
vn 0.5464 -0.8201 0.1699
vn 0.9885 -0.1388 0.0603
vn 0.6262 -0.7433 0.2352
vn 0.9256 0.3774 -0.0280
vn 0.3689 -0.8868 0.2785
vn 0.9270 0.3618 -0.0993
vn 0.3750 -0.8928 0.2495
vn 0.9267 0.3664 -0.0832
vn 0.3752 -0.8909 0.2559
vn 0.9268 0.3488 -0.1391
vn 0.3718 -0.8986 0.2332
vn 0.9315 0.3546 -0.0810
vn 0.3631 -0.8960 0.2554
vn 0.9326 0.3545 -0.0673
vn 0.3592 -0.8956 0.2623
vn 0.9299 0.3659 -0.0380
vn 0.3614 -0.8913 0.2738
vn 0.9190 0.3916 0.0457
vn 0.3564 -0.8835 0.3039
vn 0.8311 0.4705 0.2965
vn 0.3198 -0.8590 0.3997
vn 0.5064 0.5692 0.6478
vn 0.1927 -0.8221 0.5358
vn 0.1912 0.5950 0.7807
vn 0.0703 -0.8062 0.5875
vn 0.0781 0.5959 0.7993
vn 0.0305 -0.8033 0.5948
vn 0.0350 0.5937 0.8039
vn 0.0141 -0.8047 0.5935
vn 0.0150 0.5904 0.8069
vn 0.0063 -0.8071 0.5904
vn 0.0046 0.5914 0.8063
vn 0.0009 -0.8064 0.5913
vn 0.0186 0.5950 0.8035
vn 0.0070 -0.8037 0.5950
vn -0.0043 0.5969 0.8023
vn -0.0019 -0.8024 0.5967
vn -0.0138 0.5971 0.8020
vn -0.0052 -0.8023 0.5969
vn -0.0561 0.6021 0.7965
vn -0.0239 -0.7993 0.6004
vn 0.0275 0.6113 0.7909
vn 0.0066 -0.7916 0.6110
vn 0.0616 0.6138 0.7871
vn 0.0257 -0.7904 0.6121
vn -0.1474 0.6193 0.7712
vn -0.0663 -0.7899 0.6096
vn -0.4129 0.6081 0.6781
vn -0.1969 -0.7894 0.5815
vn -0.4973 0.5999 0.6267
vn -0.2223 -0.7871 0.5753
vn 0.7341 -0.5614 -0.3819
vn -0.7380 -0.5588 -0.3782
vn 0.8544 -0.5066 -0.1153
vn -0.5345 -0.8328 0.1445
vn 0.8847 0.3208 -0.3381
vn 0.3600 -0.9289 0.0864
vn 0.9080 0.4068 -0.1004
vn 0.4260 -0.8948 0.1339
vn -0.1104 0.8383 0.5339
vn 0.2054 -0.7010 0.6830
vn -0.5011 0.7353 0.4563
vn -0.1899 -0.6015 0.7759
vn -0.4224 0.8239 0.3778
vn -0.4019 -0.5440 0.7366
vn -0.3302 0.8389 0.4328
vn -0.3173 -0.5311 0.7857
vn -0.2501 0.8243 0.5079
vn -0.2605 -0.5614 0.7855
vn -0.6607 0.7238 -0.1988
vn -0.4521 -0.8905 -0.0505
vn 0.0922 0.1005 -0.9907
vn 0.1493 -0.9838 -0.0989
vn 0.1838 0.1373 -0.9733
vn 0.1216 -0.9832 -0.1361
vn 0.3617 0.2218 -0.9055
vn 0.2422 -0.9611 -0.1324
vn 0.6191 0.2438 -0.7465
vn 0.2742 -0.9596 -0.0633
vn 0.7995 0.3012 -0.5197
vn 0.3480 -0.9374 0.0153
vn 0.3131 0.5277 -0.7896
vn 0.3609 -0.8353 -0.4147
vn 0.6520 0.7395 0.1676
vn 0.5810 -0.6377 0.5058
vn 0.1598 0.8284 0.5368
vn 0.2211 -0.5986 0.7700
vn -0.7660 0.5836 -0.2696
vn -0.8425 -0.5312 -0.0895
vn -0.6540 0.5165 -0.5528
vn -0.5543 -0.8245 -0.1139
vn 0.0063 0.4034 -0.9150
vn -0.0815 -0.9359 -0.3427
vn -0.3802 0.4771 -0.7924
vn -0.2604 -0.9235 -0.2817
vn -0.3089 0.4713 -0.8261
vn -0.2557 -0.8933 -0.3695
vn 0.2510 0.5090 -0.8234
vn 0.2622 -0.8554 -0.4468
vn 0.3163 0.5309 -0.7862
vn 0.3316 -0.8387 -0.4321
vn 0.4053 0.5445 -0.7343
vn 0.4191 -0.8247 -0.3798
usemtl Black
s off
f 2906/1/1 2905/2/1 634/3/1 630/4/1
f 2907/5/2 2906/1/2 630/4/2 628/6/2
f 2909/7/3 2908/8/3 622/9/3 630/4/3
f 2910/10/4 2909/7/4 630/4/4 634/3/4
f 2912/11/5 2911/12/5 632/13/5 630/4/5
f 2913/14/6 2912/11/6 630/4/6 622/9/6
f 2916/15/7 2915/16/7 630/4/7 632/13/7
f 2922/17/8 2921/18/8 628/6/8 630/4/8
f 3579/19/9 3604/20/9 3553/21/9
f 3621/22/10 3579/19/10 3553/21/10
f 3579/19/11 3621/22/11 3357/23/11
f 3523/24/12 3579/19/12 3676/25/12
f 3579/19/13 3357/23/13 3676/25/13
f 3535/26/14 3456/27/14 3447/28/14
f 3368/29/15 3447/28/15 3412/30/15
f 3624/31/16 3680/32/16 3359/33/16
f 3624/31/17 3359/33/17 3483/34/17
f 3680/32/18 3453/35/18 3359/33/18
f 3680/32/19 3481/36/19 3453/35/19
f 3387/37/20 3473/38/20 3599/39/20
f 3387/37/21 3599/39/21 3370/40/21
f 3599/39/22 3683/41/22 3370/40/22
f 3473/38/22 3683/41/22 3599/39/22
f 3442/42/23 3523/24/23 3676/25/23
f 3558/43/24 3575/44/24 3678/45/24
f 3704/46/25 3500/47/25 3611/48/25
f 3651/49/26 3650/50/26 3500/47/26
f 3500/47/27 3585/51/27 3563/52/27
f 3563/52/28 3439/53/28 3423/54/28
f 3537/55/29 3468/56/29 3516/57/29
f 3537/55/30 3369/58/30 3468/56/30
f 3433/59/31 3529/60/31 3547/61/31
f 3515/62/32 3497/63/32 3514/64/32
f 3515/62/33 3514/64/33 3433/59/33
f 3514/64/34 3358/65/34 3529/60/34
f 3698/66/35 3625/67/35 3696/68/35
f 3511/69/36 3625/67/36 3698/66/36
f 3625/67/37 3411/70/37 3504/71/37
f 3452/72/38 3483/34/38 3359/33/38
f 3406/73/39 3626/74/39 3474/75/39
f 3684/76/40 3406/73/40 3494/77/40
f 3605/78/41 3558/43/41 3626/74/41
f 3474/75/42 3626/74/42 3606/79/42
f 3626/74/43 3559/80/43 3606/79/43
f 3627/81/44 3647/82/44 3593/83/44
f 3627/81/45 3593/83/45 3361/84/45
f 3463/85/46 3628/86/46 3651/49/46
f 3582/87/47 3430/88/47 3542/89/47
f 3542/89/48 3430/88/48 3687/90/48
f 3601/91/49 3379/92/49 3607/93/49
f 3630/94/50 3629/95/50 3649/96/50
f 3630/94/51 3391/97/51 3612/98/51
f 3578/99/52 3562/100/52 3632/101/52
f 3596/102/53 3634/103/53 3628/104/53
f 3570/105/54 3398/106/54 3635/107/54
f 3497/63/55 3496/108/55 3514/64/55
f 3358/65/56 3496/108/56 3484/109/56
f 3484/109/57 3496/108/57 3636/110/57
f 3357/23/58 3636/110/58 3496/108/58
f 3497/63/59 3676/25/59 3357/23/59
f 3637/111/60 3466/112/60 3452/72/60
f 3637/111/61 3548/113/61 3466/112/61
f 3466/112/62 3548/113/62 3664/114/62
f 3591/115/63 3467/116/63 3588/117/63
f 3515/62/64 3639/118/64 3638/119/64
f 3646/120/65 3639/118/65 3547/61/65
f 3640/121/66 3681/122/66 3450/123/66
f 3641/124/67 3378/125/67 3681/122/67
f 3644/126/68 3613/127/68 3380/128/68
f 3622/129/69 3623/130/69 3568/131/69 3454/132/69
f 3642/133/70 3643/134/70 3429/135/70
f 3642/133/71 3423/54/71 3664/114/71
f 3460/136/72 3555/137/72 3453/35/72
f 3461/138/73 3645/139/73 3460/136/73
f 3399/140/74 3645/139/74 3379/92/74
f 3722/141/75 3645/139/75 3399/140/75
f 3490/142/76 3645/139/76 3722/141/76
f 3547/61/77 3546/143/77 3646/120/77
f 3546/143/78 3432/144/78 3556/145/78
f 3537/55/79 3516/57/79 3448/146/79
f 3484/109/80 3614/147/80 3358/65/80
f 3398/106/81 3570/105/81 3448/146/81
f 3635/107/82 3457/148/82 3570/105/82
f 3457/148/83 3537/55/83 3570/105/83
f 3537/55/84 3448/146/84 3570/105/84
f 3358/65/85 3432/144/85 3529/60/85
f 3391/97/86 3649/96/86 3471/149/86
f 3629/95/87 3648/150/87 3649/96/87
f 3601/91/88 3648/150/88 3629/95/88
f 3649/96/89 3648/150/89 3658/151/89
f 3649/96/90 3658/151/90 3471/149/90
f 3465/152/91 3650/50/91 3452/72/91
f 3650/50/92 3465/152/92 3585/51/92
f 3463/85/93 3651/49/93 3704/46/93
f 3588/117/94 3589/153/94 3389/154/94
f 3494/77/95 3512/155/95 3475/156/95
f 3512/155/96 3494/77/96 3406/73/96
f 3503/157/97 3554/158/97 3652/159/97
f 3569/160/98 3593/83/98 3468/56/98
f 3569/160/99 3510/161/99 3593/83/99
f 3625/67/100 3654/162/100 3696/68/100
f 3654/162/101 3524/163/101 3696/68/101
f 3534/164/102 3576/165/102 3435/166/102
f 3447/167/103 3456/168/103 3412/169/103
f 3596/102/104 3463/85/104 3478/170/104
f 3448/146/105 3484/109/105 3398/106/105
f 3538/171/106 3516/57/106 3593/83/106
f 3593/83/107 3516/57/107 3468/56/107
f 3534/164/108 3478/170/108 3463/85/108
f 3412/30/109 3635/107/109 3368/29/109
f 3378/125/110 3492/172/110 3656/173/110
f 3492/172/111 3657/174/111 3656/173/111
f 3677/175/112 3657/174/112 3390/176/112
f 3402/177/113 3424/178/113 3658/151/113
f 3658/151/114 3424/178/114 3471/149/114
f 3444/179/115 3541/180/115 3640/121/115
f 3660/181/116 3661/182/116 3572/183/116
f 3661/182/117 3561/184/117 3459/185/117
f 3573/186/118 3505/187/118 3401/188/118
f 3555/137/119 3438/189/119 3548/113/119
f 3664/114/120 3574/190/120 3425/191/120
f 3574/190/121 3438/189/121 3413/192/121
f 3667/193/122 3668/194/122 3666/195/122
f 3667/193/123 3666/195/123 3462/196/123
f 3668/194/124 3667/193/124 3428/197/124
f 3404/198/125 3405/199/125 3646/120/125
f 3479/200/126 3660/181/126 3572/183/126
f 3476/201/127 3669/202/127 3479/200/127
f 3669/202/128 3476/201/128 3392/203/128
f 3475/156/129 3615/204/129 3494/77/129
f 3444/179/130 3381/205/130 3582/206/130
f 3670/207/131 3464/208/131 3633/209/131
f 3602/210/132 3407/211/132 3659/212/132
f 3389/213/133 3671/214/133 3588/215/133
f 3588/215/134 3671/214/134 3467/216/134
f 3362/217/135 3671/214/135 3498/218/135
f 3671/214/136 3409/219/136 3498/218/136
f 3410/220/137 3672/221/137 3502/222/137
f 3672/221/138 3397/223/138 3487/224/138
f 3363/225/139 3672/221/139 3501/226/139
f 3501/226/140 3672/221/140 3410/220/140
f 3673/227/141 3411/228/141 3504/229/141
f 3446/230/142 3674/231/142 3550/232/142
f 3454/233/143 3674/231/143 3567/234/143
f 3674/231/144 3446/230/144 3549/235/144
f 3388/236/145 3675/237/145 3568/238/145
f 3675/237/146 3443/239/146 3543/240/146
f 3675/237/147 3415/241/147 3508/242/147
f 3374/243/148 3674/231/148 3520/244/148
f 3473/245/149 3674/231/149 3600/246/149
f 3520/244/150 3674/231/150 3426/247/150
f 3480/248/151 3671/214/151 3617/249/151
f 3671/214/152 3472/250/152 3598/251/152
f 3467/216/153 3671/214/153 3587/252/153
f 3616/253/154 3671/214/154 3480/248/154
f 3563/52/155 3423/54/155 3677/254/155
f 3575/44/156 3680/255/156 3624/256/156
f 3702/257/157 3422/258/157 3701/259/157
f 3706/260/158 3470/261/158 3387/37/158
f 3601/91/159 3688/262/159 3376/263/159
f 3377/264/160 3402/177/160 3601/91/160
f 3601/91/161 3402/177/161 3648/150/161
f 3417/265/162 3578/99/162 3577/266/162
f 3464/208/163 3577/266/163 3633/209/163
f 3685/267/164 3687/268/164 3417/265/164
f 3442/269/165 3557/270/165 3603/271/165
f 3575/44/166 3481/272/166 3680/255/166
f 3657/174/167 3492/172/167 3509/273/167
f 3492/172/168 3427/274/168 3509/273/168
f 3492/172/169 3378/125/169 3427/274/169
f 3450/123/170 3545/275/170 3640/121/170
f 3656/173/171 3681/122/171 3378/125/171
f 3656/173/172 3429/276/172 3681/122/172
f 3656/277/173 3642/133/173 3429/135/173
f 3606/79/174 3462/196/174 3474/75/174
f 3606/79/175 3679/278/175 3682/279/175
f 3522/280/176 3462/196/176 3665/281/176
f 3441/282/177 3667/193/177 3682/279/177
f 3370/40/178 3683/41/178 3597/283/178
f 3597/283/179 3683/41/179 3472/284/179
f 3472/284/180 3683/41/180 3598/285/180
f 3493/286/181 3617/287/181 3372/288/181
f 3493/286/182 3480/289/182 3617/287/182
f 3493/286/183 3616/290/183 3480/289/183
f 3373/291/184 3581/292/184 3507/293/184
f 3415/294/185 3560/295/185 3508/296/185
f 3508/296/186 3560/295/186 3375/297/186
f 3560/295/187 3521/298/187 3375/297/187
f 3419/299/188 3520/300/188 3426/301/188
f 3419/299/189 3374/302/189 3520/300/189
f 3684/76/190 3605/78/190 3626/74/190
f 3684/303/191 3379/92/191 3461/138/191
f 3420/304/192 3660/181/192 3405/199/192
f 3561/184/193 3541/180/193 3685/267/193
f 3685/267/194 3541/180/194 3687/268/194
f 3687/305/195 3541/180/195 3542/306/195
f 3686/307/196 3381/205/196 3444/179/196
f 3377/264/197 3381/308/197 3686/309/197
f 3377/264/198 3430/88/198 3582/87/198
f 3688/262/199 3615/310/199 3376/263/199
f 3464/208/200 3451/311/200 3663/312/200
f 3464/208/201 3670/207/201 3451/313/201
f 3444/314/202 3380/128/202 3686/309/202
f 3687/268/203 3562/100/203 3417/265/203
f 3420/304/204 3640/121/204 3541/180/204
f 3512/155/205 3406/73/205 3522/280/205
f 3379/315/206 3684/76/206 3494/77/206
f 3607/93/207 3688/262/207 3601/91/207
f 3372/316/208 3387/37/208 3598/317/208
f 3598/317/209 3387/37/209 3472/318/209
f 3387/37/210 3597/319/210 3472/318/210
f 3387/37/211 3370/40/211 3597/319/211
f 3371/320/212 3387/321/212 3616/290/212
f 3616/290/213 3387/321/213 3480/289/213
f 3480/289/214 3387/321/214 3617/287/214
f 3617/287/215 3387/321/215 3372/288/215
f 3385/322/216 3595/323/216 3609/324/216
f 3595/323/217 3469/325/217 3609/324/217
f 3386/326/218 3552/327/218 3530/328/218
f 3530/328/219 3700/329/219 3386/326/219
f 3552/327/220 3477/330/220 3530/328/220
f 3690/331/221 3508/296/221 3375/297/221
f 3690/331/222 3415/294/222 3508/296/222
f 3383/332/223 3702/257/223 3690/331/223
f 3690/331/224 3507/293/224 3415/294/224
f 3690/331/225 3373/291/225 3507/293/225
f 3395/333/226 3707/334/226 3709/335/226
f 3431/336/227 3709/335/227 3566/337/227
f 3527/338/228 3520/300/228 3374/302/228
f 3691/339/229 3521/298/229 3426/301/229
f 3382/340/230 3408/341/230 3584/342/230
f 3383/332/231 3594/343/231 3422/258/231
f 3702/257/232 3383/332/232 3422/258/232
f 3431/336/233 3566/337/233 3531/344/233
f 3495/345/234 3360/346/234 3435/347/234
f 3495/345/235 3526/348/235 3360/346/235
f 3692/349/236 3526/348/236 3495/345/236
f 3693/350/237 3723/351/237 3692/349/237
f 3583/352/238 3694/353/238 3693/350/238
f 3511/69/239 3421/354/239 3694/353/239
f 3583/355/240 3692/356/240 3495/357/240
f 3511/358/241 3694/359/241 3437/360/241
f 3608/361/242 3455/362/242 3565/363/242
f 3608/361/243 3565/363/243 3695/364/243
f 3708/365/244 3518/366/244 3618/367/244
f 3403/368/245 3386/326/245 3710/369/245
f 3396/370/246 3710/369/246 3590/371/246
f 3526/348/247 3697/372/247 3517/373/247
f 3695/364/248 3723/351/248 3608/361/248
f 3723/351/249 3693/350/249 3421/354/249
f 3510/161/250 3699/374/250 3361/84/250
f 3565/363/251 3455/362/251 3580/375/251
f 3455/362/252 3519/376/252 3580/375/252
f 3524/163/253 3528/377/253 3519/376/253
f 3528/377/254 3524/163/254 3564/378/254
f 3519/376/255 3689/379/255 3513/380/255
f 3705/381/256 3485/382/256 3657/174/256
f 3618/367/257 3709/335/257 3708/365/257
f 3580/375/258 3395/333/258 3618/367/258
f 3556/145/259 3432/144/259 3518/383/259
f 3432/144/260 3647/82/260 3627/81/260
f 3544/384/261 3445/385/261 3443/386/261
f 3576/165/262 3396/370/262 3434/387/262
f 3396/370/263 3590/371/263 3434/387/263
f 3576/165/264 3434/387/264 3495/357/264
f 3498/388/265 3525/389/265 3362/390/265
f 3499/391/266 3440/392/266 3409/393/266
f 3591/115/267 3389/154/267 3499/391/267
f 3485/382/268 3705/381/268 3488/394/268
f 3488/394/269 3705/381/269 3431/336/269
f 3609/395/270 3470/261/270 3706/260/270
f 3584/342/271 3422/258/271 3594/343/271
f 3566/337/272 3408/341/272 3551/396/272
f 3382/340/273 3584/342/273 3594/343/273
f 3531/344/274 3566/337/274 3551/396/274
f 3595/323/275 3590/371/275 3710/369/275
f 3485/382/276 3477/397/276 3390/176/276
f 3395/333/277 3513/380/277 3707/334/277
f 3709/335/278 3431/336/278 3556/398/278
f 3530/399/279 3477/397/279 3488/394/279
f 3677/175/280 3390/176/280 3563/400/280
f 3527/338/281 3382/340/281 3691/339/281
f 3482/401/282 3469/402/282 3551/396/282
f 3482/401/283 3551/396/283 3408/341/283
f 3382/340/284 3470/261/284 3609/395/284
f 3591/115/285 3437/360/285 3610/403/285
f 3385/322/286 3609/324/286 3610/403/286
f 3612/404/287 3711/405/287 3720/406/287
f 3711/405/288 3416/407/288 3720/406/288
f 3471/408/289 3711/405/289 3391/409/289
f 3712/410/290 3471/408/290 3424/411/290
f 3572/412/291 3713/413/291 3540/414/291
f 3713/413/292 3572/412/292 3459/415/292
f 3714/416/293 3713/413/293 3459/415/293
f 3401/417/294 3714/416/294 3573/418/294
f 3458/419/295 3717/420/295 3638/421/295
f 3413/422/296 3715/423/296 3425/424/296
f 3438/425/297 3716/426/297 3413/422/297
f 3555/427/298 3490/428/298 3716/426/298
f 3716/426/299 3438/425/299 3555/427/299
f 3717/420/300 3394/429/300 3506/430/300
f 3540/431/301 3719/432/301 3572/433/301
f 3400/434/302 3719/432/302 3540/431/302
f 3718/435/303 3400/434/303 3643/436/303
f 3718/435/304 3393/437/304 3476/438/304
f 3612/439/305 3721/440/305 3399/441/305
f 3399/441/306 3721/440/306 3722/442/306
f 3505/443/307 3720/444/307 3416/445/307
f 3491/446/308 3721/440/308 3662/447/308
f 3491/446/309 3414/448/309 3721/440/309
f 3394/449/310 3722/442/310 3506/450/310
f 3722/442/311 3414/448/311 3506/450/311
f 3603/451/312 3620/452/312 3442/453/312
f 3603/451/313 3456/27/313 3620/452/313
f 3553/21/314 3620/452/314 3456/27/314
f 3604/20/315 3620/452/315 3553/21/315
f 3442/453/316 3620/452/316 3604/20/316
f 3357/23/317 3621/22/317 3636/110/317
f 3368/29/318 3535/26/318 3447/28/318
f 3388/454/319 3568/131/319 3623/130/319
f 3571/455/320 3622/129/320 3567/456/320 3366/457/320
f 3454/132/321 3567/456/321 3622/129/321
f 3624/31/322 3483/34/322 3356/458/322 3557/270/322
f 3473/38/323 3387/37/323 3527/338/323 3600/459/323
f 3481/36/324 3460/136/324 3453/35/324
f 3527/338/325 3374/302/325 3600/459/325
f 3419/299/326 3683/41/326 3473/38/326 3600/459/326
f 3363/460/327 3503/157/327 3625/67/327 3511/69/327
f 3600/459/328 3374/302/328 3419/299/328
f 3575/44/329 3442/42/329 3676/25/329
f 3523/24/330 3442/42/330 3604/461/330
f 3515/62/331 3428/197/331 3497/63/331
f 3428/197/332 3441/282/332 3497/63/332
f 3497/63/333 3441/282/333 3676/25/333
f 3559/80/334 3558/43/334 3678/45/334
f 3517/373/335 3468/56/335 3592/462/335
f 3517/373/336 3592/462/336 3360/346/336
f 3704/46/337 3651/49/337 3500/47/337
f 3500/47/338 3650/50/338 3585/51/338
f 3563/52/339 3585/51/339 3439/53/339
f 3423/54/340 3439/53/340 3664/114/340
f 3468/56/341 3369/58/341 3592/462/341
f 3564/378/342 3366/457/342 3567/456/342
f 3564/378/343 3567/456/343 3454/132/343
f 3564/378/344 3454/132/344 3568/131/344
f 3564/378/345 3568/131/345 3388/454/345
f 3547/61/346 3529/60/346 3546/143/346
f 3546/143/347 3529/60/347 3432/144/347
f 3433/59/348 3514/64/348 3529/60/348
f 3489/463/349 3631/464/349 3380/128/349 3613/127/349
f 3625/67/350 3503/157/350 3411/70/350
f 3625/67/351 3504/71/351 3365/465/351
f 3452/72/352 3586/466/352 3483/34/352
f 3356/458/353 3586/466/353 3628/104/353
f 3356/458/354 3483/34/354 3586/466/354
f 3406/73/355 3684/76/355 3626/74/355
f 3626/74/356 3558/43/356 3559/80/356
f 3463/85/357 3596/102/357 3628/86/357
f 3632/101/358 3562/100/358 3430/88/358
f 3399/140/359 3630/94/359 3612/98/359
f 3379/92/360 3630/94/360 3399/140/360
f 3629/95/361 3630/94/361 3379/92/361
f 3601/91/362 3629/95/362 3379/92/362
f 3391/97/363 3630/94/363 3649/96/363
f 3377/264/364 3631/464/364 3424/178/364
f 3402/177/365 3377/264/365 3424/178/365
f 3686/309/366 3631/464/366 3377/264/366
f 3633/209/367 3578/99/367 3632/101/367 3376/263/367
f 3712/467/368 3424/178/368 3489/463/368
f 3424/178/369 3631/464/369 3489/463/369
f 3634/103/370 3596/102/370 3412/169/370 3456/168/370
f 3633/209/371 3577/266/371 3578/99/371
f 3628/104/372 3634/103/372 3356/458/372
f 3548/113/373 3637/111/373 3359/33/373 3453/35/373
f 3635/107/374 3398/106/374 3368/29/374
f 3514/64/375 3496/108/375 3358/65/375
f 3497/63/376 3357/23/376 3496/108/376
f 3678/45/377 3575/44/377 3676/25/377
f 3452/72/378 3359/33/378 3637/111/378
f 3467/116/379 3591/115/379 3387/321/379 3587/468/379
f 3585/51/380 3465/152/380 3439/53/380
f 3452/72/381 3466/112/381 3664/114/381
f 3465/152/382 3452/72/382 3664/114/382
f 3439/53/383 3465/152/383 3664/114/383
f 3591/115/384 3706/469/384 3387/321/384
f 3387/321/385 3371/320/385 3587/468/385
f 3392/203/386 3458/470/386 3638/119/386 3639/118/386
f 3591/115/387 3588/117/387 3389/154/387
f 3428/197/388 3515/62/388 3638/119/388
f 3515/62/389 3433/59/389 3639/118/389
f 3589/153/390 3588/117/390 3467/116/390 3619/471/390
f 3433/59/391 3547/61/391 3639/118/391
f 3640/121/392 3641/124/392 3681/122/392
f 3640/121/393 3420/304/393 3641/124/393
f 3429/135/394 3643/134/394 3644/126/394
f 3656/277/395 3423/54/395 3642/133/395
f 3425/191/396 3642/133/396 3664/114/396
f 3425/191/397 3643/134/397 3642/133/397
f 3715/472/398 3643/134/398 3425/191/398
f 3644/126/399 3643/134/399 3400/473/399
f 3460/136/400 3645/139/400 3555/137/400
f 3460/136/401 3558/474/401 3461/138/401
f 3379/92/402 3645/139/402 3461/138/402
f 3394/475/403 3490/142/403 3722/141/403
f 3555/137/404 3645/139/404 3490/142/404
f 3646/120/405 3509/273/405 3427/274/405
f 3646/120/406 3546/143/406 3509/273/406
f 3509/273/407 3546/143/407 3556/145/407
f 3358/65/408 3647/82/408 3432/144/408
f 3614/476/409 3647/82/409 3358/65/409
f 3593/83/410 3647/82/410 3538/171/410
f 3648/150/411 3402/177/411 3658/151/411
f 3628/86/412 3586/466/412 3651/49/412
f 3452/72/413 3650/50/413 3586/466/413
f 3650/50/414 3651/49/414 3586/466/414
f 3539/477/415 3365/465/415 3504/71/415 3653/478/415
f 3467/116/416 3587/468/416 3619/471/416
f 3587/468/417 3371/320/417 3619/471/417
f 3653/478/418 3504/71/418 3411/70/418 3652/159/418
f 3532/479/419 3654/162/419 3625/67/419 3365/465/419
f 3411/70/420 3503/157/420 3652/159/420
f 3503/157/421 3363/460/421 3554/158/421
f 3456/27/422 3535/26/422 3553/21/422
f 3517/373/423 3569/160/423 3468/56/423
f 3593/83/424 3510/161/424 3361/84/424
f 3549/480/425 3564/378/425 3654/162/425 3446/481/425
f 3654/162/426 3532/479/426 3436/482/426
f 3654/162/427 3436/482/427 3533/483/427
f 3654/162/428 3533/483/428 3367/484/428
f 3654/162/429 3367/484/429 3550/485/429
f 3654/162/430 3550/485/430 3446/481/430
f 3511/358/431 3591/115/431 3362/390/431 3486/486/431
f 3564/378/432 3549/480/432 3366/457/432
f 3524/163/433 3654/162/433 3564/378/433
f 3621/22/434 3535/26/434 3655/487/434 3636/110/434
f 3486/486/435 3397/488/435 3511/358/435
f 3397/488/436 3487/489/436 3511/358/436
f 3487/489/437 3364/490/437 3511/358/437
f 3364/491/438 3502/492/438 3511/69/438
f 3511/69/439 3502/492/439 3410/493/439
f 3511/69/440 3410/493/440 3501/494/440
f 3501/494/441 3363/460/441 3511/69/441
f 3592/462/442 3534/495/442 3360/346/442
f 3449/496/443 3554/158/443 3501/497/443 3410/498/443
f 3535/26/444 3621/22/444 3553/21/444
f 3537/55/445 3457/148/445 3369/58/445
f 3369/58/446 3457/148/446 3596/499/446
f 3457/148/447 3635/107/447 3596/499/447
f 3369/58/448 3596/499/448 3478/500/448
f 3448/146/449 3538/171/449 3484/109/449
f 3538/171/450 3614/147/450 3484/109/450
f 3448/146/451 3516/57/451 3538/171/451
f 3647/82/452 3614/476/452 3538/171/452
f 3704/46/453 3534/164/453 3463/85/453
f 3478/500/454 3534/495/454 3592/462/454
f 3478/500/455 3592/462/455 3369/58/455
f 3412/30/456 3596/499/456 3635/107/456
f 3636/110/457 3655/487/457 3484/109/457
f 3655/487/458 3398/106/458 3484/109/458
f 3535/26/459 3368/29/459 3655/487/459
f 3655/487/460 3368/29/460 3398/106/460
f 3363/460/461 3501/497/461 3554/158/461
f 3486/486/462 3525/389/462 3449/501/462 3397/488/462
f 3410/498/463 3502/502/463 3449/496/463
f 3502/502/464 3364/503/464 3449/496/464
f 3449/501/465 3364/490/465 3487/489/465
f 3449/501/466 3487/489/466 3397/488/466
f 3533/483/467 3418/504/467 3571/455/467 3367/484/467
f 3525/389/468 3486/486/468 3362/390/468
f 3366/457/469 3549/480/469 3571/455/469
f 3549/480/470 3446/481/470 3571/455/470
f 3446/481/471 3550/485/471 3571/455/471
f 3550/485/472 3367/484/472 3571/455/472
f 3532/479/473 3539/477/473 3418/504/473 3436/482/473
f 3418/504/474 3533/483/474 3436/482/474
f 3407/211/475 3573/186/475 3459/185/475 3659/212/475
f 3539/477/476 3532/479/476 3365/465/476
f 3656/173/477 3657/174/477 3677/175/477
f 3542/306/478 3541/180/478 3444/179/478
f 3659/212/479 3685/267/479 3602/210/479
f 3662/505/480 3522/280/480 3665/281/480 3491/506/480
f 3459/185/481 3573/186/481 3714/507/481
f 3660/181/482 3561/184/482 3661/182/482
f 3659/212/483 3561/184/483 3685/267/483
f 3459/185/484 3572/183/484 3661/182/484
f 3459/185/485 3561/184/485 3659/212/485
f 3451/311/486 3522/280/486 3663/312/486
f 3505/187/487 3573/186/487 3407/211/487 3663/312/487
f 3662/505/488 3663/312/488 3522/280/488
f 3505/187/489 3663/312/489 3662/505/489
f 3671/214/490 3486/508/490 3397/223/490 3672/221/490
f 3664/114/491 3548/113/491 3574/190/491
f 3548/113/492 3438/189/492 3574/190/492
f 3453/35/493 3555/137/493 3548/113/493
f 3425/191/494 3574/190/494 3413/192/494
f 3491/506/495 3665/281/495 3414/509/495
f 3665/281/496 3668/194/496 3414/509/496
f 3665/281/497 3462/196/497 3666/195/497
f 3666/195/498 3668/194/498 3665/281/498
f 3441/282/499 3428/197/499 3667/193/499
f 3638/119/500 3668/194/500 3428/197/500
f 3638/119/501 3717/510/501 3668/194/501
f 3717/510/502 3506/511/502 3668/194/502
f 3506/511/503 3414/509/503 3668/194/503
f 3646/120/504 3669/202/504 3639/118/504
f 3646/120/505 3405/199/505 3669/202/505
f 3660/181/506 3669/202/506 3405/199/506
f 3479/200/507 3669/202/507 3660/181/507
f 3718/512/508 3476/201/508 3479/200/508
f 3392/203/509 3639/118/509 3669/202/509
f 3615/204/510 3475/156/510 3670/513/510
f 3542/306/511 3444/179/511 3582/206/511
f 3670/207/512 3633/209/512 3376/263/512
f 3602/210/513 3663/312/513 3407/211/513
f 3389/213/514 3499/514/514 3671/214/514
f 3499/514/515 3409/219/515 3671/214/515
f 3362/217/516 3486/508/516 3671/214/516
f 3487/224/517 3364/515/517 3502/222/517 3672/221/517
f 3672/221/518 3674/231/518 3671/214/518
f 3672/221/519 3503/516/519 3411/228/519 3673/227/519
f 3363/225/520 3503/516/520 3672/221/520
f 3673/227/521 3504/229/521 3365/517/521 3532/518/521
f 3673/227/522 3674/231/522 3672/221/522
f 3533/519/523 3367/520/523 3550/232/523 3674/231/523
f 3532/518/524 3436/521/524 3673/227/524
f 3436/521/525 3533/519/525 3674/231/525 3673/227/525
f 3674/231/526 3549/235/526 3366/522/526 3567/234/526
f 3674/231/527 3454/233/527 3568/238/527 3675/237/527
f 3388/236/528 3544/523/528 3675/237/528
f 3544/523/529 3443/239/529 3675/237/529
f 3675/237/530 3543/240/530 3373/524/530 3507/525/530
f 3508/242/531 3375/526/531 3521/527/531 3675/237/531
f 3507/525/532 3415/241/532 3675/237/532
f 3675/237/533 3521/527/533 3426/247/533 3674/231/533
f 3671/214/534 3599/528/534 3370/529/534 3597/530/534
f 3374/243/535 3600/246/535 3674/231/535
f 3473/245/536 3599/528/536 3671/214/536 3674/231/536
f 3597/530/537 3472/250/537 3671/214/537
f 3598/251/538 3372/531/538 3617/249/538 3671/214/538
f 3671/214/539 3616/253/539 3371/532/539 3587/252/539
f 3464/208/540 3663/312/540 3602/210/540 3577/266/540
f 3677/254/541 3423/54/541 3656/277/541
f 3559/80/542 3678/45/542 3679/278/542
f 3678/45/543 3676/25/543 3679/278/543
f 3679/278/544 3676/25/544 3441/282/544
f 3403/368/545 3396/370/545 3611/48/545
f 3403/368/546 3611/48/546 3552/327/546
f 3701/259/547 3422/258/547 3528/377/547
f 3709/335/548 3707/334/548 3566/337/548
f 3376/263/549 3632/101/549 3601/91/549
f 3601/91/550 3632/101/550 3377/264/550
f 3380/128/551 3545/533/551 3450/534/551 3644/126/551
f 3577/266/552 3602/210/552 3417/265/552
f 3602/210/553 3685/267/553 3417/265/553
f 3417/265/554 3562/100/554 3578/99/554
f 3575/44/555 3557/535/555 3442/42/555
f 3557/270/556 3575/536/556 3624/31/556
f 3523/24/557 3604/461/557 3579/19/557
f 3575/44/558 3558/43/558 3481/272/558
f 3481/36/559 3558/474/559 3460/136/559
f 3427/274/560 3378/125/560 3404/198/560
f 3427/274/561 3404/198/561 3646/120/561
f 3450/123/562 3681/122/562 3429/276/562
f 3522/280/563 3406/73/563 3474/75/563 3462/196/563
f 3450/534/564 3429/135/564 3644/126/564
f 3493/537/565 3372/538/565 3598/285/565 3683/41/565
f 3606/79/566 3559/80/566 3679/278/566
f 3606/79/567 3682/279/567 3462/196/567
f 3679/278/568 3441/282/568 3682/279/568
f 3682/279/569 3667/193/569 3462/196/569
f 3371/320/570 3616/290/570 3493/286/570 3619/471/570
f 3560/295/571 3415/294/571 3507/293/571 3581/292/571
f 3426/301/572 3521/298/572 3560/295/572 3419/299/572
f 3420/304/573 3541/180/573 3561/184/573 3660/181/573
f 3605/539/574 3684/303/574 3461/138/574
f 3558/474/575 3605/539/575 3461/138/575
f 3641/124/576 3404/198/576 3378/125/576
f 3404/198/577 3641/124/577 3420/304/577
f 3404/198/578 3420/304/578 3405/199/578
f 3687/268/579 3430/88/579 3562/100/579
f 3377/264/580 3582/87/580 3381/540/580
f 3615/204/581 3607/541/581 3494/77/581
f 3512/155/582 3451/313/582 3475/156/582
f 3451/313/583 3670/513/583 3475/156/583
f 3688/262/584 3607/93/584 3615/310/584
f 3376/263/585 3615/542/585 3670/207/585
f 3640/121/586 3545/275/586 3444/179/586
f 3545/533/587 3380/128/587 3444/314/587
f 3686/309/588 3380/128/588 3631/464/588
f 3632/101/589 3430/88/589 3377/264/589
f 3426/301/590 3520/300/590 3527/338/590 3691/339/590
f 3522/280/591 3451/311/591 3512/155/591
f 3607/541/592 3379/315/592 3494/77/592
f 3603/271/593 3634/103/593 3456/168/593
f 3603/271/594 3557/270/594 3634/103/594
f 3634/103/595 3557/270/595 3356/458/595
f 3609/395/596 3469/402/596 3482/401/596
f 3657/174/597 3485/382/597 3390/176/597
f 3700/543/598 3530/399/598 3536/544/598
f 3513/380/599 3384/545/599 3408/341/599
f 3584/342/600 3384/545/600 3689/379/600
f 3584/342/601 3408/341/601 3384/545/601
f 3375/297/602 3521/298/602 3691/339/602 3690/331/602
f 3691/339/603 3383/332/603 3690/331/603
f 3510/161/604 3569/160/604 3697/372/604 3695/364/604
f 3509/273/605 3556/145/605 3705/381/605
f 3382/340/606 3482/401/606 3408/341/606
f 3435/347/607 3360/346/607 3534/495/607
f 3526/348/608 3692/349/608 3697/372/608
f 3583/352/609 3693/350/609 3692/349/609
f 3697/372/610 3692/349/610 3723/351/610
f 3693/350/611 3694/353/611 3421/354/611
f 3511/69/612 3698/66/612 3421/354/612
f 3576/165/613 3495/357/613 3435/166/613
f 3434/387/614 3583/355/614 3495/357/614
f 3437/360/615 3694/359/615 3583/355/615
f 3608/361/616 3524/163/616 3455/362/616
f 3437/360/617 3590/371/617 3595/323/617 3385/322/617
f 3695/364/618 3565/363/618 3510/161/618
f 3608/361/619 3696/68/619 3524/163/619
f 3708/365/620 3709/335/620 3556/398/620
f 3403/368/621 3552/327/621 3386/326/621
f 3396/370/622 3403/368/622 3710/369/622
f 3576/165/623 3611/48/623 3396/370/623
f 3536/544/624 3530/399/624 3488/394/624 3531/344/624
f 3611/48/625 3500/47/625 3552/546/625
f 3517/373/626 3360/346/626 3526/348/626
f 3517/373/627 3697/372/627 3569/160/627
f 3697/372/628 3723/351/628 3695/364/628
f 3723/351/629 3421/354/629 3608/361/629
f 3608/361/630 3421/354/630 3696/68/630
f 3696/68/631 3421/354/631 3698/66/631
f 3510/161/632 3565/363/632 3699/374/632
f 3699/374/633 3565/363/633 3580/375/633
f 3455/362/634 3524/163/634 3519/376/634
f 3388/454/635 3544/384/635 3701/259/635 3564/378/635
f 3482/401/636 3382/340/636 3609/395/636
f 3384/545/637 3513/380/637 3689/379/637
f 3509/273/638 3705/381/638 3657/174/638
f 3699/374/639 3580/375/639 3618/367/639
f 3618/367/640 3395/333/640 3709/335/640
f 3518/383/641 3432/144/641 3627/81/641
f 3701/259/642 3528/377/642 3564/378/642
f 3443/386/643 3702/257/643 3701/259/643 3544/384/643
f 3543/547/644 3373/291/644 3690/331/644 3702/257/644
f 3702/257/645 3443/386/645 3543/547/645
f 3581/292/646 3373/291/646 3543/547/646 3703/548/646
f 3703/548/647 3543/547/647 3443/386/647 3445/385/647
f 3623/130/648 3445/385/648 3544/384/648 3388/454/648
f 3525/389/649 3498/388/649 3409/393/649 3440/392/649
f 3511/358/650 3437/360/650 3591/115/650
f 3434/387/651 3590/371/651 3437/360/651
f 3583/355/652 3434/387/652 3437/360/652
f 3440/392/653 3499/391/653 3389/154/653 3589/153/653
f 3477/330/654 3552/327/654 3563/549/654 3390/550/654
f 3591/115/655 3499/391/655 3409/393/655
f 3591/115/656 3409/393/656 3498/388/656
f 3591/115/657 3498/388/657 3362/390/657
f 3576/165/658 3534/164/658 3611/48/658
f 3534/164/659 3704/46/659 3611/48/659
f 3431/336/660 3705/381/660 3556/398/660
f 3500/551/661 3563/549/661 3552/327/661
f 3422/258/662 3689/379/662 3519/376/662 3528/377/662
f 3469/402/663 3700/543/663 3536/544/663
f 3610/403/664 3609/324/664 3706/469/664
f 3595/323/665 3386/326/665 3469/325/665
f 3386/326/666 3700/329/666 3469/325/666
f 3422/258/667 3584/342/667 3689/379/667
f 3485/382/668 3488/394/668 3477/397/668
f 3536/544/669 3551/396/669 3469/402/669
f 3536/544/670 3531/344/670 3551/396/670
f 3382/340/671 3527/338/671 3470/261/671
f 3513/380/672 3408/341/672 3566/337/672 3707/334/672
f 3395/333/673 3580/375/673 3513/380/673
f 3699/374/674 3518/366/674 3627/81/674 3361/84/674
f 3518/366/675 3708/365/675 3556/398/675
f 3518/366/676 3699/374/676 3618/367/676
f 3710/369/677 3386/326/677 3595/323/677
f 3691/339/678 3382/340/678 3594/343/678
f 3383/332/679 3691/339/679 3594/343/679
f 3519/376/680 3513/380/680 3580/375/680
f 3706/469/681 3591/115/681 3610/403/681
f 3387/37/682 3470/261/682 3527/338/682
f 3385/322/683 3610/403/683 3437/360/683
f 3531/344/684 3488/394/684 3431/336/684
f 3400/434/685 3489/552/685 3613/553/685 3644/554/685
f 3505/555/686 3416/407/686 3401/417/686
f 3416/407/687 3713/413/687 3401/417/687
f 3612/404/688 3391/409/688 3711/405/688
f 3711/405/689 3713/413/689 3416/407/689
f 3471/408/690 3712/410/690 3711/405/690
f 3712/410/691 3713/413/691 3711/405/691
f 3540/414/692 3713/413/692 3712/410/692
f 3489/556/693 3540/414/693 3712/410/693
f 3401/417/694 3713/413/694 3714/416/694
f 3458/419/695 3716/426/695 3717/420/695
f 3392/557/696 3716/426/696 3458/419/696
f 3476/558/697 3716/426/697 3392/557/697
f 3393/559/698 3716/426/698 3476/558/698
f 3643/560/699 3715/423/699 3393/559/699
f 3715/423/700 3716/426/700 3393/559/700
f 3413/422/701 3716/426/701 3715/423/701
f 3394/429/702 3716/426/702 3490/428/702
f 3717/420/703 3716/426/703 3394/429/703
f 3489/552/704 3400/434/704 3540/431/704
f 3400/434/705 3479/561/705 3572/433/705 3719/432/705
f 3393/437/706 3718/435/706 3643/436/706
f 3479/561/707 3400/434/707 3718/435/707
f 3720/444/708 3505/443/708 3662/447/708 3721/440/708
f 3720/444/709 3721/440/709 3612/439/709
f 3722/442/710 3721/440/710 3414/448/710
f 3727/562/711 3730/563/711 3729/564/711
f 3731/565/712 3733/566/712 3732/567/712
f 3734/568/713 3736/569/713 3735/570/713
f 3737/571/714 3726/572/714 3728/573/714
f 3726/572/715 3725/574/715 3727/575/715
f 3724/576/716 3727/577/716 3739/578/716
f 3739/578/717 3727/577/717 3729/579/717
f 3739/578/718 3729/579/718 3740/580/718
f 3740/580/719 3729/579/719 3731/581/719
f 3740/580/720 3731/581/720 3741/582/720
f 3741/582/721 3731/581/721 3732/583/721
f 3741/582/722 3732/583/722 3742/584/722
f 3742/584/723 3732/583/723 3734/585/723
f 3742/584/724 3734/585/724 3743/586/724
f 3743/586/725 3734/585/725 3735/587/725
f 3743/586/726 3735/587/726 3744/588/726
f 3744/588/727 3735/587/727 3737/589/727
f 3744/588/728 3737/589/728 3745/590/728
f 3745/590/729 3737/589/729 3728/591/729
f 3745/590/730 3728/591/730 3724/576/730
f 3724/576/731 3728/591/731 3727/577/731
f 3725/592/732 3730/563/732 3727/562/732
f 3736/569/733 3734/568/733 3732/567/733 3733/566/733
f 3738/593/734 3737/571/734 3735/570/734 3736/569/734
f 3725/594/735 3726/595/735 3738/596/735 3753/597/735
f 3725/594/736 3753/597/736 3730/598/736
f 3750/599/737 3747/600/737 3742/584/737 3743/586/737
f 3736/601/738 3753/597/738 3738/596/738
f 3733/602/739 3753/597/739 3736/601/739
f 3730/598/740 3753/597/740 3733/602/740
f 3737/571/741 3738/593/741 3726/572/741
f 3728/573/742 3726/572/742 3727/575/742
f 3744/588/743 3745/590/743 3748/603/743
f 3752/604/744 3750/599/744 3749/605/744
f 3746/606/745 3750/599/745 3752/604/745
f 3751/607/746 3750/599/746 3746/606/746
f 3747/600/747 3750/599/747 3751/607/747
f 3733/566/748 3731/565/748 3729/564/748 3730/563/748
f 3749/605/749 3750/599/749 3748/603/749
f 3751/607/750 3746/606/750 3740/580/750 3741/582/750
f 3752/604/751 3749/605/751 3724/576/751 3739/578/751
f 3749/605/752 3748/603/752 3745/590/752 3724/576/752
f 3748/603/753 3750/599/753 3743/586/753 3744/588/753
f 3747/600/754 3751/607/754 3741/582/754 3742/584/754
f 3746/606/755 3752/604/755 3739/578/755 3740/580/755
f 3757/608/756 3758/609/756 3754/610/756
f 3758/609/757 3759/611/757 3761/612/757
f 3760/613/758 3764/614/758 3762/615/758
f 3755/616/759 3756/617/759 3757/608/759 3754/618/759
f 3759/611/760 3756/617/760 3755/619/760 3762/620/760
f 3758/621/761 3760/613/761 3762/615/761
f 3762/615/762 3755/622/762 3754/623/762 3758/621/762
f 3759/611/763 3758/609/763 3757/608/763 3756/617/763
f 3763/624/764 3759/611/764 3762/620/764 3764/625/764
f 3761/612/765 3759/611/765 3763/624/765
f 3758/609/766 3761/612/766 3760/626/766
f 3764/614/767 3760/613/767 3761/612/767 3763/624/767
f 3786/627/768 3769/628/768 3766/629/768
f 3770/630/769 3794/631/769 3766/629/769 3769/628/769
f 3765/632/770 3798/633/770 3774/634/770
f 3780/635/771 3767/636/771 3773/637/771
f 3769/628/772 3772/638/772 3770/630/772
f 3768/639/773 3771/640/773 3769/628/773
f 3774/634/774 3771/640/774 3768/639/774
f 3780/641/775 3773/637/775 3777/642/775
f 3775/643/776 3778/644/776 3776/645/776
f 3774/634/777 3781/646/777 3771/640/777
f 3781/646/778 3782/647/778 3778/644/778
f 3774/634/779 3798/648/779 3784/649/779
f 3779/650/780 3797/651/780 3777/642/780
f 3780/652/781 3777/642/781 3797/651/781
f 3784/649/782 3793/653/782 3781/646/782
f 3795/654/783 3790/655/783 3796/656/783
f 3794/631/784 3787/657/784 3766/629/784
f 3780/635/785 3788/658/785 3767/636/785
f 3765/632/786 3786/627/786 3785/659/786
f 3765/632/787 3774/634/787 3768/639/787
f 3768/639/788 3769/628/788 3786/627/788 3765/632/788
f 3773/637/789 3767/636/789 3794/631/789 3770/630/789
f 3776/645/790 3777/642/790 3773/637/790 3772/638/790
f 3770/630/791 3772/638/791 3773/637/791
f 3769/628/792 3771/640/792 3772/638/792
f 3776/645/793 3772/638/793 3771/640/793 3775/643/793
f 3783/660/794 3779/650/794 3777/642/794 3776/645/794
f 3781/646/795 3778/644/795 3775/643/795 3771/640/795
f 3776/645/796 3778/644/796 3783/660/796
f 3795/654/797 3796/656/797 3783/660/797 3782/647/797
f 3774/634/798 3784/649/798 3781/646/798
f 3778/644/799 3782/647/799 3783/660/799
f 3799/661/800 3782/647/800 3781/646/800 3793/653/800
f 3796/656/801 3797/651/801 3779/650/801 3783/660/801
f 3782/647/802 3799/661/802 3795/654/802
f 3766/629/803 3787/657/803 3786/627/803
f 3791/662/804 3797/651/804 3796/656/804 3790/655/804
f 3791/662/805 3790/655/805 3789/663/805 3792/664/805 3785/659/805 3786/627/805 3787/657/805 3788/658/805 3780/635/805
f 3787/657/806 3794/631/806 3767/636/806 3788/658/806
f 3792/665/807 3798/633/807 3765/632/807 3785/659/807
f 3792/664/808 3789/663/808 3793/653/808 3784/649/808
f 3790/655/809 3795/654/809 3799/661/809 3789/663/809
f 3784/649/810 3798/666/810 3792/664/810
f 3799/661/811 3793/653/811 3789/663/811
f 3797/651/812 3791/662/812 3780/652/812
f 3801/667/813 3802/668/813 3803/669/813
f 3804/670/814 3801/667/814 3800/671/814
f 3805/672/815 3808/673/815 3802/674/815
f 3802/674/816 3806/675/816 3803/676/816
f 3808/673/817 3805/672/817 3801/677/817
f 3807/678/818 3809/679/818 3804/680/818
f 3807/678/819 3804/680/819 3800/681/819
f 3805/672/820 3802/668/820 3801/667/820
f 3801/667/821 3803/669/821 3800/671/821
f 3809/682/822 3807/683/822 3806/684/822
f 3808/673/823 3809/682/823 3806/684/823
f 3803/676/824 3807/685/824 3800/686/824
f 3806/675/825 3807/685/825 3803/676/825
f 3808/673/826 3806/675/826 3802/674/826
f 3804/680/827 3809/679/827 3801/677/827
f 3809/679/828 3808/673/828 3801/677/828
f 3816/687/829 3818/688/829 3815/689/829
f 3815/690/830 3810/691/830 3816/687/830
f 3814/692/831 3815/690/831 3818/693/831
f 3811/694/832 3814/695/832 3812/696/832
f 3818/688/833 3816/687/833 3817/697/833
f 3813/698/834 3814/699/834 3810/700/834
f 3811/694/835 3810/700/835 3814/699/835
f 3817/697/836 3812/696/836 3818/701/836
f 3811/694/837 3812/696/837 3817/697/837
f 3816/687/838 3811/694/838 3817/697/838
f 3810/691/839 3811/694/839 3816/687/839
f 3813/702/840 3810/691/840 3815/690/840
f 3812/703/841 3814/692/841 3818/693/841
f 3815/690/842 3814/692/842 3813/702/842
f 3823/704/843 3821/705/843 3825/706/843
f 3822/707/844 3819/708/844 3820/709/844
f 3825/710/845 3820/711/845 3824/712/845
f 3825/706/846 3824/712/846 3823/704/846
f 3820/709/847 3819/713/847 3824/712/847
f 3824/712/848 3819/713/848 3823/704/848
f 3821/714/849 3823/715/849 3819/713/849 3822/716/849
f 3821/717/850 3822/718/850 3825/710/850
f 3822/718/851 3820/711/851 3825/710/851
usemtl Outline
f 935/719/852 936/720/852 363/721/852 329/722/852
f 936/720/853 935/719/853 330/723/853 364/724/853
f 936/720/854 937/725/854 287/726/854 363/721/854
f 937/725/855 936/720/855 364/724/855 288/727/855
f 937/725/856 935/719/856 329/722/856 287/726/856
f 935/719/857 937/725/857 288/727/857 330/723/857
f 938/728/858 939/729/858 329/722/858 391/730/858
f 939/729/859 938/728/859 392/731/859 330/723/859
f 939/729/860 940/732/860 287/726/860 329/722/860
f 940/732/861 939/729/861 330/723/861 288/727/861
f 940/732/862 938/728/862 391/730/862 287/726/862
f 938/728/863 940/732/863 288/727/863 392/731/863
f 941/733/864 942/734/864 391/730/864 329/722/864
f 942/734/865 941/733/865 330/723/865 392/731/865
f 942/734/866 943/735/866 3/736/866 391/730/866
f 943/735/867 942/734/867 392/731/867 4/737/867
f 943/735/868 941/733/868 329/722/868 3/736/868
f 941/733/869 943/735/869 4/737/869 330/723/869
f 944/738/870 945/739/870 329/722/870 243/740/870
f 945/739/871 944/738/871 244/741/871 330/723/871
f 945/739/872 946/742/872 485/743/872 329/722/872
f 946/742/873 945/739/873 330/723/873 486/744/873
f 946/742/874 944/738/874 243/740/874 485/743/874
f 944/738/875 946/742/875 486/744/875 244/741/875
f 947/745/876 948/746/876 3/736/876 329/722/876
f 948/746/877 947/745/877 330/723/877 4/737/877
f 948/746/878 949/747/878 485/743/878 3/736/878
f 949/747/879 948/746/879 4/737/879 486/744/879
f 949/747/880 947/745/880 329/722/880 485/743/880
f 947/745/881 949/747/881 486/744/881 330/723/881
f 950/748/882 951/749/882 143/750/882 261/751/882
f 951/749/883 950/748/883 262/752/883 144/753/883
f 951/749/884 952/754/884 129/755/884 143/750/884
f 952/754/885 951/749/885 144/753/885 130/756/885
f 952/754/886 950/748/886 261/751/886 129/755/886
f 950/748/887 952/754/887 130/756/887 262/752/887
f 953/757/888 954/758/888 129/755/888 13/759/888
f 954/758/889 953/757/889 14/760/889 130/756/889
f 954/758/890 955/761/890 77/762/890 129/755/890
f 955/761/891 954/758/891 130/756/891 78/763/891
f 955/761/892 953/757/892 13/759/892 77/762/892
f 953/757/893 955/761/893 78/763/893 14/760/893
f 956/764/894 957/765/894 493/766/894 393/767/894
f 957/765/895 956/764/895 394/768/895 494/769/895
f 957/765/896 958/770/896 7/771/896 493/766/896
f 958/770/897 957/765/897 494/769/897 8/772/897
f 958/770/898 956/764/898 393/767/898 7/771/898
f 956/764/899 958/770/899 8/772/899 394/768/899
f 959/773/900 960/774/900 7/771/900 393/767/900
f 960/774/901 959/773/901 394/768/901 8/772/901
f 960/774/902 961/775/902 189/776/902 7/771/902
f 961/775/903 960/774/903 8/772/903 190/777/903
f 961/775/904 959/773/904 393/767/904 189/776/904
f 959/773/905 961/775/905 190/777/905 394/768/905
f 962/778/906 963/779/906 139/780/906 493/766/906
f 963/779/907 962/778/907 494/769/907 140/781/907
f 963/779/908 964/782/908 7/771/908 139/780/908
f 964/782/909 963/779/909 140/781/909 8/772/909
f 964/782/910 962/778/910 493/766/910 7/771/910
f 962/778/911 964/782/911 8/772/911 494/769/911
f 965/783/912 966/784/912 185/785/912 493/766/912
f 966/784/913 965/783/913 494/769/913 186/786/913
f 966/784/914 967/787/914 139/780/914 185/785/914
f 967/787/915 966/784/915 186/786/915 140/781/915
f 967/787/916 965/783/916 493/766/916 139/780/916
f 965/783/917 967/787/917 140/781/917 494/769/917
f 968/788/918 969/789/918 781/790/918 39/791/918
f 969/789/919 968/788/919 40/792/919 782/793/919
f 969/789/920 970/794/920 785/795/920 781/790/920
f 970/794/921 969/789/921 782/793/921 786/796/921
f 970/794/922 968/788/922 39/791/922 785/795/922
f 968/788/923 970/794/923 786/796/923 40/792/923
f 971/797/924 972/798/924 785/795/924 39/791/924
f 972/798/925 971/797/925 40/792/925 786/796/925
f 972/798/926 973/799/926 807/800/926 785/795/926
f 973/799/927 972/798/927 786/796/927 808/801/927
f 973/799/928 971/797/928 39/791/928 807/800/928
f 971/797/929 973/799/929 808/801/929 40/792/929
f 974/802/930 975/803/930 243/740/930 125/804/930
f 975/803/931 974/802/931 126/805/931 244/741/931
f 975/803/932 976/806/932 485/743/932 243/740/932
f 976/806/933 975/803/933 244/741/933 486/744/933
f 976/806/934 974/802/934 125/804/934 485/743/934
f 974/802/935 976/806/935 486/744/935 126/805/935
f 977/807/936 978/808/936 321/809/936 295/810/936
f 978/808/937 977/807/937 296/811/937 322/812/937
f 978/808/938 979/813/938 489/814/938 321/809/938
f 979/813/939 978/808/939 322/812/939 490/815/939
f 979/813/940 977/807/940 295/810/940 489/814/940
f 977/807/941 979/813/941 490/815/941 296/811/941
f 980/816/942 981/817/942 213/818/942 537/819/942
f 981/817/943 980/816/943 538/820/943 214/821/943
f 981/817/944 982/822/944 377/823/944 213/818/944
f 982/822/945 981/817/945 214/821/945 378/824/945
f 982/822/946 980/816/946 537/819/946 377/823/946
f 980/816/947 982/822/947 378/824/947 538/820/947
f 983/825/948 984/826/948 445/827/948 447/828/948
f 984/826/949 983/825/949 448/829/949 446/830/949
f 984/826/950 985/831/950 213/818/950 445/827/950
f 985/831/951 984/826/951 446/830/951 214/821/951
f 985/831/952 983/825/952 447/828/952 213/818/952
f 983/825/953 985/831/953 214/821/953 448/829/953
f 986/832/954 987/833/954 339/834/954 213/818/954
f 987/833/955 986/832/955 214/821/955 340/835/955
f 987/833/956 988/836/956 303/837/956 339/834/956
f 988/836/957 987/833/957 340/835/957 304/838/957
f 988/836/958 986/832/958 213/818/958 303/837/958
f 986/832/959 988/836/959 304/838/959 214/821/959
f 989/839/960 990/840/960 121/841/960 303/837/960
f 990/840/961 989/839/961 304/838/961 122/842/961
f 990/840/962 991/843/962 93/844/962 121/841/962
f 991/843/963 990/840/963 122/842/963 94/845/963
f 991/843/964 989/839/964 303/837/964 93/844/964
f 989/839/965 991/843/965 94/845/965 304/838/965
f 992/846/966 993/847/966 165/848/966 265/849/966
f 993/847/967 992/846/967 266/850/967 166/851/967
f 993/847/968 994/852/968 233/853/968 165/848/968
f 994/852/969 993/847/969 166/851/969 234/854/969
f 994/852/970 992/846/970 265/849/970 233/853/970
f 992/846/971 994/852/971 234/854/971 266/850/971
f 995/855/972 996/856/972 15/857/972 265/849/972
f 996/856/973 995/855/973 266/850/973 16/858/973
f 996/856/974 997/859/974 165/848/974 15/857/974
f 997/859/975 996/856/975 16/858/975 166/851/975
f 997/859/976 995/855/976 265/849/976 165/848/976
f 995/855/977 997/859/977 166/851/977 266/850/977
f 998/860/978 999/861/978 253/862/978 111/863/978
f 999/861/979 998/860/979 112/864/979 254/865/979
f 999/861/980 1000/866/980 279/867/980 253/862/980
f 1000/866/981 999/861/981 254/865/981 280/868/981
f 1000/866/982 998/860/982 111/863/982 279/867/982
f 998/860/983 1000/866/983 280/868/983 112/864/983
f 1001/869/984 1002/870/984 211/871/984 231/872/984
f 1002/870/985 1001/869/985 232/873/985 212/874/985
f 1002/870/986 1003/875/986 229/876/986 211/871/986
f 1003/875/987 1002/870/987 212/874/987 230/877/987
f 1003/875/988 1001/869/988 231/872/988 229/876/988
f 1001/869/989 1003/875/989 230/877/989 232/873/989
f 1004/878/990 1005/879/990 229/876/990 231/872/990
f 1005/879/991 1004/878/991 232/873/991 230/877/991
f 1005/879/992 1006/880/992 111/863/992 229/876/992
f 1006/880/993 1005/879/993 230/877/993 112/864/993
f 1006/880/994 1004/878/994 231/872/994 111/863/994
f 1004/878/995 1006/880/995 112/864/995 232/873/995
f 1007/881/996 1008/882/996 5/883/996 229/876/996
f 1008/882/997 1007/881/997 230/877/997 6/884/997
f 1008/882/998 1009/885/998 253/862/998 5/883/998
f 1009/885/999 1008/882/999 6/884/999 254/865/999
f 1009/885/1000 1007/881/1000 229/876/1000 253/862/1000
f 1007/881/1001 1009/885/1001 254/865/1001 230/877/1001
f 1010/886/1002 1011/887/1002 395/888/1002 527/889/1002
f 1011/887/1003 1010/886/1003 528/890/1003 396/891/1003
f 1011/887/1004 1012/892/1004 523/893/1004 395/888/1004
f 1012/892/1005 1011/887/1005 396/891/1005 524/894/1005
f 1012/892/1006 1010/886/1006 527/889/1006 523/893/1006
f 1010/886/1007 1012/892/1007 524/894/1007 528/890/1007
f 1013/895/1008 1014/896/1008 223/897/1008 527/889/1008
f 1014/896/1009 1013/895/1009 528/890/1009 224/898/1009
f 1014/896/1010 1015/899/1010 395/888/1010 223/897/1010
f 1015/899/1011 1014/896/1011 224/898/1011 396/891/1011
f 1015/899/1012 1013/895/1012 527/889/1012 395/888/1012
f 1013/895/1013 1015/899/1013 396/891/1013 528/890/1013
f 1016/900/1014 1017/901/1014 831/902/1014 395/888/1014
f 1017/901/1015 1016/900/1015 396/891/1015 832/903/1015
f 1017/901/1016 1018/904/1016 829/905/1016 831/902/1016
f 1018/904/1017 1017/901/1017 832/903/1017 830/906/1017
f 1018/904/1018 1016/900/1018 395/888/1018 829/905/1018
f 1016/900/1019 1018/904/1019 830/906/1019 396/891/1019
f 1019/907/1020 1020/908/1020 189/776/1020 137/909/1020
f 1020/908/1021 1019/907/1021 138/910/1021 190/777/1021
f 1020/908/1022 1021/911/1022 7/771/1022 189/776/1022
f 1021/911/1023 1020/908/1023 190/777/1023 8/772/1023
f 1021/911/1024 1019/907/1024 137/909/1024 7/771/1024
f 1019/907/1025 1021/911/1025 8/772/1025 138/910/1025
f 1022/912/1026 1023/913/1026 397/914/1026 71/915/1026
f 1023/913/1027 1022/912/1027 72/916/1027 398/917/1027
f 1023/913/1028 1024/918/1028 173/919/1028 397/914/1028
f 1024/918/1029 1023/913/1029 398/917/1029 174/920/1029
f 1024/918/1030 1022/912/1030 71/915/1030 173/919/1030
f 1022/912/1031 1024/918/1031 174/920/1031 72/916/1031
f 1025/921/1032 1026/922/1032 71/915/1032 499/923/1032
f 1026/922/1033 1025/921/1033 500/924/1033 72/916/1033
f 1026/922/1034 1027/925/1034 205/926/1034 71/915/1034
f 1027/925/1035 1026/922/1035 72/916/1035 206/927/1035
f 1027/925/1036 1025/921/1036 499/923/1036 205/926/1036
f 1025/921/1037 1027/925/1037 206/927/1037 500/924/1037
f 1028/928/1038 1029/929/1038 295/810/1038 365/930/1038
f 1029/929/1039 1028/928/1039 366/931/1039 296/811/1039
f 1029/929/1040 1030/932/1040 397/914/1040 295/810/1040
f 1030/932/1041 1029/929/1041 296/811/1041 398/917/1041
f 1030/932/1042 1028/928/1042 365/930/1042 397/914/1042
f 1028/928/1043 1030/932/1043 398/917/1043 366/931/1043
f 1031/933/1044 1032/934/1044 397/914/1044 173/919/1044
f 1032/934/1045 1031/933/1045 174/920/1045 398/917/1045
f 1032/934/1046 1033/935/1046 367/936/1046 397/914/1046
f 1033/935/1047 1032/934/1047 398/917/1047 368/937/1047
f 1033/935/1048 1031/933/1048 173/919/1048 367/936/1048
f 1031/933/1049 1033/935/1049 368/937/1049 174/920/1049
f 1034/938/1050 1035/939/1050 297/940/1050 397/914/1050
f 1035/939/1051 1034/938/1051 398/917/1051 298/941/1051
f 1035/939/1052 1036/942/1052 367/936/1052 297/940/1052
f 1036/942/1053 1035/939/1053 298/941/1053 368/937/1053
f 1036/942/1054 1034/938/1054 397/914/1054 367/936/1054
f 1034/938/1055 1036/942/1055 368/937/1055 398/917/1055
f 1037/943/1056 1038/944/1056 439/945/1056 399/946/1056
f 1038/944/1057 1037/943/1057 400/947/1057 440/948/1057
f 1038/944/1058 1039/949/1058 349/950/1058 439/945/1058
f 1039/949/1059 1038/944/1059 440/948/1059 350/951/1059
f 1039/949/1060 1037/943/1060 399/946/1060 349/950/1060
f 1037/943/1061 1039/949/1061 350/951/1061 400/947/1061
f 1040/952/1062 1041/953/1062 349/950/1062 399/946/1062
f 1041/953/1063 1040/952/1063 400/947/1063 350/951/1063
f 1041/953/1064 1042/954/1064 11/955/1064 349/950/1064
f 1042/954/1065 1041/953/1065 350/951/1065 12/956/1065
f 1042/954/1066 1040/952/1066 399/946/1066 11/955/1066
f 1040/952/1067 1042/954/1067 12/956/1067 400/947/1067
f 1043/957/1068 1044/958/1068 401/959/1068 157/960/1068
f 1044/958/1069 1043/957/1069 158/961/1069 402/962/1069
f 1044/958/1070 1045/963/1070 447/828/1070 401/959/1070
f 1045/963/1071 1044/958/1071 402/962/1071 448/829/1071
f 1045/963/1072 1043/957/1072 157/960/1072 447/828/1072
f 1043/957/1073 1045/963/1073 448/829/1073 158/961/1073
f 1046/964/1074 1047/965/1074 105/966/1074 333/967/1074
f 1047/965/1075 1046/964/1075 334/968/1075 106/969/1075
f 1047/965/1076 1048/970/1076 273/971/1076 105/966/1076
f 1048/970/1077 1047/965/1077 106/969/1077 274/972/1077
f 1048/970/1078 1046/964/1078 333/967/1078 273/971/1078
f 1046/964/1079 1048/970/1079 274/972/1079 334/968/1079
f 1049/973/1080 1050/974/1080 105/966/1080 273/971/1080
f 1050/974/1081 1049/973/1081 274/972/1081 106/969/1081
f 1050/974/1082 1051/975/1082 505/976/1082 105/966/1082
f 1051/975/1083 1050/974/1083 106/969/1083 506/977/1083
f 1051/975/1084 1049/973/1084 273/971/1084 505/976/1084
f 1049/973/1085 1051/975/1085 506/977/1085 274/972/1085
f 1052/978/1086 1053/979/1086 23/980/1086 357/981/1086
f 1053/979/1087 1052/978/1087 358/982/1087 24/983/1087
f 1053/979/1088 1054/984/1088 369/985/1088 23/980/1088
f 1054/984/1089 1053/979/1089 24/983/1089 370/986/1089
f 1054/984/1090 1052/978/1090 357/981/1090 369/985/1090
f 1052/978/1091 1054/984/1091 370/986/1091 358/982/1091
f 1055/987/1092 1056/988/1092 403/989/1092 405/990/1092
f 1056/988/1093 1055/987/1093 406/991/1093 404/992/1093
f 1056/988/1094 1057/993/1094 443/994/1094 403/989/1094
f 1057/993/1095 1056/988/1095 404/992/1095 444/995/1095
f 1057/993/1096 1055/987/1096 405/990/1096 443/994/1096
f 1055/987/1097 1057/993/1097 444/995/1097 406/991/1097
f 1058/996/1098 1059/997/1098 43/998/1098 405/990/1098
f 1059/997/1099 1058/996/1099 406/991/1099 44/999/1099
f 1059/997/1100 1060/1000/1100 379/1001/1100 43/998/1100
f 1060/1000/1101 1059/997/1101 44/999/1101 380/1002/1101
f 1060/1000/1102 1058/996/1102 405/990/1102 379/1001/1102
f 1058/996/1103 1060/1000/1103 380/1002/1103 406/991/1103
f 1061/1003/1104 1062/1004/1104 301/1005/1104 327/1006/1104
f 1062/1004/1105 1061/1003/1105 328/1007/1105 302/1008/1105
f 1062/1004/1106 1063/1009/1106 409/1010/1106 301/1005/1106
f 1063/1009/1107 1062/1004/1107 302/1008/1107 410/1011/1107
f 1063/1009/1108 1061/1003/1108 327/1006/1108 409/1010/1108
f 1061/1003/1109 1063/1009/1109 410/1011/1109 328/1007/1109
f 1064/1012/1110 1065/1013/1110 413/1014/1110 355/1015/1110
f 1065/1013/1111 1064/1012/1111 356/1016/1111 414/1017/1111
f 1065/1013/1112 1066/1018/1112 401/1019/1112 413/1014/1112
f 1066/1018/1113 1065/1013/1113 414/1017/1113 402/1020/1113
f 1066/1018/1114 1064/1012/1114 355/1015/1114 401/1019/1114
f 1064/1012/1115 1066/1018/1115 402/1020/1115 356/1016/1115
f 1067/1021/1116 1068/1022/1116 55/1023/1116 313/1024/1116
f 1068/1022/1117 1067/1021/1117 314/1025/1117 56/1026/1117
f 1068/1022/1118 1069/1027/1118 415/1028/1118 55/1023/1118
f 1069/1027/1119 1068/1022/1119 56/1026/1119 416/1029/1119
f 1069/1027/1120 1067/1021/1120 313/1024/1120 415/1028/1120
f 1067/1021/1121 1069/1027/1121 416/1029/1121 314/1025/1121
f 1070/1030/1122 1071/1031/1122 209/1032/1122 211/871/1122
f 1071/1031/1123 1070/1030/1123 212/874/1123 210/1033/1123
f 1071/1031/1124 1072/1034/1124 229/876/1124 209/1032/1124
f 1072/1034/1125 1071/1031/1125 210/1033/1125 230/877/1125
f 1072/1034/1126 1070/1030/1126 211/871/1126 229/876/1126
f 1070/1030/1127 1072/1034/1127 230/877/1127 212/874/1127
f 1073/1035/1128 1074/1036/1128 209/1032/1128 5/883/1128
f 1074/1036/1129 1073/1035/1129 6/884/1129 210/1033/1129
f 1074/1036/1130 1075/1037/1130 191/1038/1130 209/1032/1130
f 1075/1037/1131 1074/1036/1131 210/1033/1131 192/1039/1131
f 1075/1037/1132 1073/1035/1132 5/883/1132 191/1038/1132
f 1073/1035/1133 1075/1037/1133 192/1039/1133 6/884/1133
f 1076/1040/1134 1077/1041/1134 209/1032/1134 191/1038/1134
f 1077/1041/1135 1076/1040/1135 192/1039/1135 210/1033/1135
f 1077/1041/1136 1078/1042/1136 417/1043/1136 209/1032/1136
f 1078/1042/1137 1077/1041/1137 210/1033/1137 418/1044/1137
f 1078/1042/1138 1076/1040/1138 191/1038/1138 417/1043/1138
f 1076/1040/1139 1078/1042/1139 418/1044/1139 192/1039/1139
f 1079/1045/1140 1080/1046/1140 417/1043/1140 3/736/1140
f 1080/1046/1141 1079/1045/1141 4/737/1141 418/1044/1141
f 1080/1046/1142 1081/1047/1142 209/1032/1142 417/1043/1142
f 1081/1047/1143 1080/1046/1143 418/1044/1143 210/1033/1143
f 1081/1047/1144 1079/1045/1144 3/736/1144 209/1032/1144
f 1079/1045/1145 1081/1047/1145 210/1033/1145 4/737/1145
f 1082/1048/1146 1083/1049/1146 485/743/1146 211/871/1146
f 1083/1049/1147 1082/1048/1147 212/874/1147 486/744/1147
f 1083/1049/1148 1084/1050/1148 3/736/1148 485/743/1148
f 1084/1050/1149 1083/1049/1149 486/744/1149 4/737/1149
f 1084/1050/1150 1082/1048/1150 211/871/1150 3/736/1150
f 1082/1048/1151 1084/1050/1151 4/737/1151 212/874/1151
f 1085/1051/1152 1086/1052/1152 163/1053/1152 419/1054/1152
f 1086/1052/1153 1085/1051/1153 420/1055/1153 164/1056/1153
f 1086/1052/1154 1087/1057/1154 137/909/1154 163/1053/1154
f 1087/1057/1155 1086/1052/1155 164/1056/1155 138/910/1155
f 1087/1057/1156 1085/1051/1156 419/1054/1156 137/909/1156
f 1085/1051/1157 1087/1057/1157 138/910/1157 420/1055/1157
f 1088/1058/1158 1089/1059/1158 281/1060/1158 419/1054/1158
f 1089/1059/1159 1088/1058/1159 420/1055/1159 282/1061/1159
f 1089/1059/1160 1090/1062/1160 163/1053/1160 281/1060/1160
f 1090/1062/1161 1089/1059/1161 282/1061/1161 164/1056/1161
f 1090/1062/1162 1088/1058/1162 419/1054/1162 163/1053/1162
f 1088/1058/1163 1090/1062/1163 164/1056/1163 420/1055/1163
f 1091/1063/1164 1092/1064/1164 281/1060/1164 163/1053/1164
f 1092/1064/1165 1091/1063/1165 164/1056/1165 282/1061/1165
f 1092/1064/1166 1093/1065/1166 469/1066/1166 281/1060/1166
f 1093/1065/1167 1092/1064/1167 282/1061/1167 470/1067/1167
f 1093/1065/1168 1091/1063/1168 163/1053/1168 469/1066/1168
f 1091/1063/1169 1093/1065/1169 470/1067/1169 164/1056/1169
f 1094/1068/1170 1095/1069/1170 841/1070/1170 345/1071/1170
f 1095/1069/1171 1094/1068/1171 346/1072/1171 842/1073/1171
f 1095/1069/1172 1096/1074/1172 845/1075/1172 841/1070/1172
f 1096/1074/1173 1095/1069/1173 842/1073/1173 846/1076/1173
f 1096/1074/1174 1094/1068/1174 345/1071/1174 845/1075/1174
f 1094/1068/1175 1096/1074/1175 846/1076/1175 346/1072/1175
f 1097/1077/1176 1098/1078/1176 423/1079/1176 231/872/1176
f 1098/1078/1177 1097/1077/1177 232/873/1177 424/1080/1177
f 1098/1078/1178 1099/1081/1178 421/1082/1178 423/1079/1178
f 1099/1081/1179 1098/1078/1179 424/1080/1179 422/1083/1179
f 1099/1081/1180 1097/1077/1180 231/872/1180 421/1082/1180
f 1097/1077/1181 1099/1081/1181 422/1083/1181 232/873/1181
f 1100/1084/1182 1101/1085/1182 423/1079/1182 437/1086/1182
f 1101/1085/1183 1100/1084/1183 438/1087/1183 424/1080/1183
f 1101/1085/1184 1102/1088/1184 279/867/1184 423/1079/1184
f 1102/1088/1185 1101/1085/1185 424/1080/1185 280/868/1185
f 1102/1088/1186 1100/1084/1186 437/1086/1186 279/867/1186
f 1100/1084/1187 1102/1088/1187 280/868/1187 438/1087/1187
f 1103/1089/1188 1104/1090/1188 495/1091/1188 425/1092/1188
f 1104/1090/1189 1103/1089/1189 426/1093/1189 496/1094/1189
f 1104/1090/1190 1105/1095/1190 133/1096/1190 495/1091/1190
f 1105/1095/1191 1104/1090/1191 496/1094/1191 134/1097/1191
f 1105/1095/1192 1103/1089/1192 425/1092/1192 133/1096/1192
f 1103/1089/1193 1105/1095/1193 134/1097/1193 426/1093/1193
f 1106/1098/1194 1107/1099/1194 21/1100/1194 427/1101/1194
f 1107/1099/1195 1106/1098/1195 428/1102/1195 22/1103/1195
f 1107/1099/1196 1108/1104/1196 495/1091/1196 21/1100/1196
f 1108/1104/1197 1107/1099/1197 22/1103/1197 496/1094/1197
f 1108/1104/1198 1106/1098/1198 427/1101/1198 495/1091/1198
f 1106/1098/1199 1108/1104/1199 496/1094/1199 428/1102/1199
f 1109/1105/1200 1110/1106/1200 381/1107/1200 433/1108/1200
f 1110/1106/1201 1109/1105/1201 434/1109/1201 382/1110/1201
f 1110/1106/1202 1111/1111/1202 25/1112/1202 381/1107/1202
f 1111/1111/1203 1110/1106/1203 382/1110/1203 26/1113/1203
f 1111/1111/1204 1109/1105/1204 433/1108/1204 25/1112/1204
f 1109/1105/1205 1111/1111/1205 26/1113/1205 434/1109/1205
f 1112/1114/1206 1113/1115/1206 431/1116/1206 429/1117/1206
f 1113/1115/1207 1112/1114/1207 430/1118/1207 432/1119/1207
f 1113/1115/1208 1114/1120/1208 103/1121/1208 431/1116/1208
f 1114/1120/1209 1113/1115/1209 432/1119/1209 104/1122/1209
f 1114/1120/1210 1112/1114/1210 429/1117/1210 103/1121/1210
f 1112/1114/1211 1114/1120/1211 104/1122/1211 430/1118/1211
f 1115/1123/1212 1116/1124/1212 93/844/1212 429/1117/1212
f 1116/1124/1213 1115/1123/1213 430/1118/1213 94/845/1213
f 1116/1124/1214 1117/1125/1214 469/1066/1214 93/844/1214
f 1117/1125/1215 1116/1124/1215 94/845/1215 470/1067/1215
f 1117/1125/1216 1115/1123/1216 429/1117/1216 469/1066/1216
f 1115/1123/1217 1117/1125/1217 470/1067/1217 430/1118/1217
f 1118/1126/1218 1119/1127/1218 289/1128/1218 151/1129/1218
f 1119/1127/1219 1118/1126/1219 152/1130/1219 290/1131/1219
f 1119/1127/1220 1120/1132/1220 139/780/1220 289/1128/1220
f 1120/1132/1221 1119/1127/1221 290/1131/1221 140/781/1221
f 1120/1132/1222 1118/1126/1222 151/1129/1222 139/780/1222
f 1118/1126/1223 1120/1132/1223 140/781/1223 152/1130/1223
f 1121/1133/1224 1122/1134/1224 435/1135/1224 153/1136/1224
f 1122/1134/1225 1121/1133/1225 154/1137/1225 436/1138/1225
f 1122/1134/1226 1123/1139/1226 151/1129/1226 435/1135/1226
f 1123/1139/1227 1122/1134/1227 436/1138/1227 152/1130/1227
f 1123/1139/1228 1121/1133/1228 153/1136/1228 151/1129/1228
f 1121/1133/1229 1123/1139/1229 152/1130/1229 154/1137/1229
f 1124/1140/1230 1125/1141/1230 435/1135/1230 57/1142/1230
f 1125/1141/1231 1124/1140/1231 58/1143/1231 436/1138/1231
f 1125/1141/1232 1126/1144/1232 23/980/1232 435/1135/1232
f 1126/1144/1233 1125/1141/1233 436/1138/1233 24/983/1233
f 1126/1144/1234 1124/1140/1234 57/1142/1234 23/980/1234
f 1124/1140/1235 1126/1144/1235 24/983/1235 58/1143/1235
f 1127/1145/1236 1128/1146/1236 435/1135/1236 573/1147/1236
f 1128/1146/1237 1127/1145/1237 574/1148/1237 436/1138/1237
f 1128/1146/1238 1129/1149/1238 57/1142/1238 435/1135/1238
f 1129/1149/1239 1128/1146/1239 436/1138/1239 58/1143/1239
f 1129/1149/1240 1127/1145/1240 573/1147/1240 57/1142/1240
f 1127/1145/1241 1129/1149/1241 58/1143/1241 574/1148/1241
f 1130/1150/1242 1131/1151/1242 435/1135/1242 199/1152/1242
f 1131/1151/1243 1130/1150/1243 200/1153/1243 436/1138/1243
f 1131/1151/1244 1132/1154/1244 573/1147/1244 435/1135/1244
f 1132/1154/1245 1131/1151/1245 436/1138/1245 574/1148/1245
f 1132/1154/1246 1130/1150/1246 199/1152/1246 573/1147/1246
f 1130/1150/1247 1132/1154/1247 574/1148/1247 200/1153/1247
f 1133/1155/1248 1134/1156/1248 277/1157/1248 279/867/1248
f 1134/1156/1249 1133/1155/1249 280/868/1249 278/1158/1249
f 1134/1156/1250 1135/1159/1250 437/1086/1250 277/1157/1250
f 1135/1159/1251 1134/1156/1251 278/1158/1251 438/1087/1251
f 1135/1159/1252 1133/1155/1252 279/867/1252 437/1086/1252
f 1133/1155/1253 1135/1159/1253 438/1087/1253 280/868/1253
f 1136/1160/1254 1137/1161/1254 109/1162/1254 277/1157/1254
f 1137/1161/1255 1136/1160/1255 278/1158/1255 110/1163/1255
f 1137/1161/1256 1138/1164/1256 291/1165/1256 109/1162/1256
f 1138/1164/1257 1137/1161/1257 110/1163/1257 292/1166/1257
f 1138/1164/1258 1136/1160/1258 277/1157/1258 291/1165/1258
f 1136/1160/1259 1138/1164/1259 292/1166/1259 278/1158/1259
f 1139/1167/1260 1140/1168/1260 233/853/1260 265/849/1260
f 1140/1168/1261 1139/1167/1261 266/850/1261 234/854/1261
f 1140/1168/1262 1141/1169/1262 131/1170/1262 233/853/1262
f 1141/1169/1263 1140/1168/1263 234/854/1263 132/1171/1263
f 1141/1169/1264 1139/1167/1264 265/849/1264 131/1170/1264
f 1139/1167/1265 1141/1169/1265 132/1171/1265 266/850/1265
f 1142/1172/1266 1143/1173/1266 383/1174/1266 191/1038/1266
f 1143/1173/1267 1142/1172/1267 192/1039/1267 384/1175/1267
f 1143/1173/1268 1144/1176/1268 5/883/1268 383/1174/1268
f 1144/1176/1269 1143/1173/1269 384/1175/1269 6/884/1269
f 1144/1176/1270 1142/1172/1270 191/1038/1270 5/883/1270
f 1142/1172/1271 1144/1176/1271 6/884/1271 192/1039/1271
f 1145/1177/1272 1146/1178/1272 313/1024/1272 55/1023/1272
f 1146/1178/1273 1145/1177/1273 56/1026/1273 314/1025/1273
f 1146/1178/1274 1147/1179/1274 131/1170/1274 313/1024/1274
f 1147/1179/1275 1146/1178/1275 314/1025/1275 132/1171/1275
f 1147/1179/1276 1145/1177/1276 55/1023/1276 131/1170/1276
f 1145/1177/1277 1147/1179/1277 132/1171/1277 56/1026/1277
f 1148/1180/1278 1149/1181/1278 145/1182/1278 415/1028/1278
f 1149/1181/1279 1148/1180/1279 416/1029/1279 146/1183/1279
f 1149/1181/1280 1150/1184/1280 313/1024/1280 145/1182/1280
f 1150/1184/1281 1149/1181/1281 146/1183/1281 314/1025/1281
f 1150/1184/1282 1148/1180/1282 415/1028/1282 313/1024/1282
f 1148/1180/1283 1150/1184/1283 314/1025/1283 416/1029/1283
f 1151/1185/1284 1152/1186/1284 265/849/1284 145/1182/1284
f 1152/1186/1285 1151/1185/1285 146/1183/1285 266/850/1285
f 1152/1186/1286 1153/1187/1286 313/1024/1286 265/849/1286
f 1153/1187/1287 1152/1186/1287 266/850/1287 314/1025/1287
f 1153/1187/1288 1151/1185/1288 145/1182/1288 313/1024/1288
f 1151/1185/1289 1153/1187/1289 314/1025/1289 146/1183/1289
f 1154/1188/1290 1155/1189/1290 131/1170/1290 265/849/1290
f 1155/1189/1291 1154/1188/1291 266/850/1291 132/1171/1291
f 1155/1189/1292 1156/1190/1292 313/1024/1292 131/1170/1292
f 1156/1190/1293 1155/1189/1293 132/1171/1293 314/1025/1293
f 1156/1190/1294 1154/1188/1294 265/849/1294 313/1024/1294
f 1154/1188/1295 1156/1190/1295 314/1025/1295 266/850/1295
f 1157/1191/1296 1158/1192/1296 109/1162/1296 5/883/1296
f 1158/1192/1297 1157/1191/1297 6/884/1297 110/1163/1297
f 1158/1192/1298 1159/1193/1298 253/862/1298 109/1162/1298
f 1159/1193/1299 1158/1192/1299 110/1163/1299 254/865/1299
f 1159/1193/1300 1157/1191/1300 5/883/1300 253/862/1300
f 1157/1191/1301 1159/1193/1301 254/865/1301 6/884/1301
f 1160/1194/1302 1161/1195/1302 443/994/1302 43/998/1302
f 1161/1195/1303 1160/1194/1303 44/999/1303 444/995/1303
f 1161/1195/1304 1162/1196/1304 171/1197/1304 443/994/1304
f 1162/1196/1305 1161/1195/1305 444/995/1305 172/1198/1305
f 1162/1196/1306 1160/1194/1306 43/998/1306 171/1197/1306
f 1160/1194/1307 1162/1196/1307 172/1198/1307 44/999/1307
f 1163/1199/1308 1164/1200/1308 441/1201/1308 403/989/1308
f 1164/1200/1309 1163/1199/1309 404/992/1309 442/1202/1309
f 1164/1200/1310 1165/1203/1310 443/994/1310 441/1201/1310
f 1165/1203/1311 1164/1200/1311 442/1202/1311 444/995/1311
f 1165/1203/1312 1163/1199/1312 403/989/1312 443/994/1312
f 1163/1199/1313 1165/1203/1313 444/995/1313 404/992/1313
f 1166/1204/1314 1167/1205/1314 441/1201/1314 357/981/1314
f 1167/1205/1315 1166/1204/1315 358/982/1315 442/1202/1315
f 1167/1205/1316 1168/1206/1316 403/989/1316 441/1201/1316
f 1168/1206/1317 1167/1205/1317 442/1202/1317 404/992/1317
f 1168/1206/1318 1166/1204/1318 357/981/1318 403/989/1318
f 1166/1204/1319 1168/1206/1319 404/992/1319 358/982/1319
f 1169/1207/1320 1170/1208/1320 441/1201/1320 443/994/1320
f 1170/1208/1321 1169/1207/1321 444/995/1321 442/1202/1321
f 1170/1208/1322 1171/1209/1322 457/1210/1322 441/1201/1322
f 1171/1209/1323 1170/1208/1323 442/1202/1323 458/1211/1323
f 1171/1209/1324 1169/1207/1324 443/994/1324 457/1210/1324
f 1169/1207/1325 1171/1209/1325 458/1211/1325 444/995/1325
f 1172/1212/1326 1173/1213/1326 457/1210/1326 443/994/1326
f 1173/1213/1327 1172/1212/1327 444/995/1327 458/1211/1327
f 1173/1213/1328 1174/1214/1328 171/1197/1328 457/1210/1328
f 1174/1214/1329 1173/1213/1329 458/1211/1329 172/1198/1329
f 1174/1214/1330 1172/1212/1330 443/994/1330 171/1197/1330
f 1172/1212/1331 1174/1214/1331 172/1198/1331 444/995/1331
f 1175/1215/1332 1176/1216/1332 445/827/1332 161/1217/1332
f 1176/1216/1333 1175/1215/1333 162/1218/1333 446/830/1333
f 1176/1216/1334 1177/1219/1334 137/909/1334 445/827/1334
f 1177/1219/1335 1176/1216/1335 446/830/1335 138/910/1335
f 1177/1219/1336 1175/1215/1336 161/1217/1336 137/909/1336
f 1175/1215/1337 1177/1219/1337 138/910/1337 162/1218/1337
f 1178/1220/1338 1179/1221/1338 161/1217/1338 445/827/1338
f 1179/1221/1339 1178/1220/1339 446/830/1339 162/1218/1339
f 1179/1221/1340 1180/1222/1340 339/834/1340 161/1217/1340
f 1180/1222/1341 1179/1221/1341 162/1218/1341 340/835/1341
f 1180/1222/1342 1178/1220/1342 445/827/1342 339/834/1342
f 1178/1220/1343 1180/1222/1343 340/835/1343 446/830/1343
f 1181/1223/1344 1182/1224/1344 447/828/1344 157/960/1344
f 1182/1224/1345 1181/1223/1345 158/961/1345 448/829/1345
f 1182/1224/1346 1183/1225/1346 537/819/1346 447/828/1346
f 1183/1225/1347 1182/1224/1347 448/829/1347 538/820/1347
f 1183/1225/1348 1181/1223/1348 157/960/1348 537/819/1348
f 1181/1223/1349 1183/1225/1349 538/820/1349 158/961/1349
f 1184/1226/1350 1185/1227/1350 225/1228/1350 205/926/1350
f 1185/1227/1351 1184/1226/1351 206/927/1351 226/1229/1351
f 1185/1227/1352 1186/1230/1352 175/1231/1352 225/1228/1352
f 1186/1230/1353 1185/1227/1353 226/1229/1353 176/1232/1353
f 1186/1230/1354 1184/1226/1354 205/926/1354 175/1231/1354
f 1184/1226/1355 1186/1230/1355 176/1232/1355 206/927/1355
f 1187/1233/1356 1188/1234/1356 205/926/1356 225/1228/1356
f 1188/1234/1357 1187/1233/1357 226/1229/1357 206/927/1357
f 1188/1234/1358 1189/1235/1358 71/915/1358 205/926/1358
f 1189/1235/1359 1188/1234/1359 206/927/1359 72/916/1359
f 1189/1235/1360 1187/1233/1360 225/1228/1360 71/915/1360
f 1187/1233/1361 1189/1235/1361 72/916/1361 226/1229/1361
f 1190/1236/1362 1191/1237/1362 349/950/1362 311/1238/1362
f 1191/1237/1363 1190/1236/1363 312/1239/1363 350/951/1363
f 1191/1237/1364 1192/1240/1364 165/848/1364 349/950/1364
f 1192/1240/1365 1191/1237/1365 350/951/1365 166/851/1365
f 1192/1240/1366 1190/1236/1366 311/1238/1366 165/848/1366
f 1190/1236/1367 1192/1240/1367 166/851/1367 312/1239/1367
f 1193/1241/1368 1194/1242/1368 221/1243/1368 311/1238/1368
f 1194/1242/1369 1193/1241/1369 312/1239/1369 222/1244/1369
f 1194/1242/1370 1195/1245/1370 349/950/1370 221/1243/1370
f 1195/1245/1371 1194/1242/1371 222/1244/1371 350/951/1371
f 1195/1245/1372 1193/1241/1372 311/1238/1372 349/950/1372
f 1193/1241/1373 1195/1245/1373 350/951/1373 312/1239/1373
f 1196/1246/1374 1197/1247/1374 395/888/1374 523/893/1374
f 1197/1247/1375 1196/1246/1375 524/894/1375 396/891/1375
f 1197/1247/1376 1198/1248/1376 449/1249/1376 395/888/1376
f 1198/1248/1377 1197/1247/1377 396/891/1377 450/1250/1377
f 1198/1248/1378 1196/1246/1378 523/893/1378 449/1249/1378
f 1196/1246/1379 1198/1248/1379 450/1250/1379 524/894/1379
f 1199/1251/1380 1200/1252/1380 523/893/1380 245/1253/1380
f 1200/1252/1381 1199/1251/1381 246/1254/1381 524/894/1381
f 1200/1252/1382 1201/1255/1382 449/1249/1382 523/893/1382
f 1201/1255/1383 1200/1252/1383 524/894/1383 450/1250/1383
f 1201/1255/1384 1199/1251/1384 245/1253/1384 449/1249/1384
f 1199/1251/1385 1201/1255/1385 450/1250/1385 246/1254/1385
f 1202/1256/1386 1203/1257/1386 323/1258/1386 259/1259/1386
f 1203/1257/1387 1202/1256/1387 260/1260/1387 324/1261/1387
f 1203/1257/1388 1204/1262/1388 115/1263/1388 323/1258/1388
f 1204/1262/1389 1203/1257/1389 324/1261/1389 116/1264/1389
f 1204/1262/1390 1202/1256/1390 259/1259/1390 115/1263/1390
f 1202/1256/1391 1204/1262/1391 116/1264/1391 260/1260/1391
f 1205/1265/1392 1206/1266/1392 143/1267/1392 129/1268/1392
f 1206/1266/1393 1205/1265/1393 130/1269/1393 144/1270/1393
f 1206/1266/1394 1207/1271/1394 77/1272/1394 143/1267/1394
f 1207/1271/1395 1206/1266/1395 144/1270/1395 78/1273/1395
f 1207/1271/1396 1205/1265/1396 129/1268/1396 77/1272/1396
f 1205/1265/1397 1207/1271/1397 78/1273/1397 130/1269/1397
f 1208/1274/1398 1209/1275/1398 157/960/1398 355/1015/1398
f 1209/1275/1399 1208/1274/1399 356/1016/1399 158/961/1399
f 1209/1275/1400 1210/1276/1400 181/1277/1400 157/960/1400
f 1210/1276/1401 1209/1275/1401 158/961/1401 182/1278/1401
f 1210/1276/1402 1208/1274/1402 355/1015/1402 181/1277/1402
f 1208/1274/1403 1210/1276/1403 182/1278/1403 356/1016/1403
f 1211/1279/1404 1212/1280/1404 191/1038/1404 131/1170/1404
f 1212/1280/1405 1211/1279/1405 132/1171/1405 192/1039/1405
f 1212/1280/1406 1213/1281/1406 55/1023/1406 191/1038/1406
f 1213/1281/1407 1212/1280/1407 192/1039/1407 56/1026/1407
f 1213/1281/1408 1211/1279/1408 131/1170/1408 55/1023/1408
f 1211/1279/1409 1213/1281/1409 56/1026/1409 132/1171/1409
f 1214/1282/1410 1215/1283/1410 233/853/1410 267/1284/1410
f 1215/1283/1411 1214/1282/1411 268/1285/1411 234/854/1411
f 1215/1283/1412 1216/1286/1412 349/950/1412 233/853/1412
f 1216/1286/1413 1215/1283/1413 234/854/1413 350/951/1413
f 1216/1286/1414 1214/1282/1414 267/1284/1414 349/950/1414
f 1214/1282/1415 1216/1286/1415 350/951/1415 268/1285/1415
f 1217/1287/1416 1218/1288/1416 233/853/1416 349/950/1416
f 1218/1288/1417 1217/1287/1417 350/951/1417 234/854/1417
f 1218/1288/1418 1219/1289/1418 165/848/1418 233/853/1418
f 1219/1289/1419 1218/1288/1419 234/854/1419 166/851/1419
f 1219/1289/1420 1217/1287/1420 349/950/1420 165/848/1420
f 1217/1287/1421 1219/1289/1421 166/851/1421 350/951/1421
f 1220/1290/1422 1221/1291/1422 181/1277/1422 259/1259/1422
f 1221/1291/1423 1220/1290/1423 260/1260/1423 182/1278/1423
f 1221/1291/1424 1222/1292/1424 157/960/1424 181/1277/1424
f 1222/1292/1425 1221/1291/1425 182/1278/1425 158/961/1425
f 1222/1292/1426 1220/1290/1426 259/1259/1426 157/960/1426
f 1220/1290/1427 1222/1292/1427 158/961/1427 260/1260/1427
f 1223/1293/1428 1224/1294/1428 415/1028/1428 77/762/1428
f 1224/1294/1429 1223/1293/1429 78/763/1429 416/1029/1429
f 1224/1294/1430 1225/1295/1430 13/759/1430 415/1028/1430
f 1225/1295/1431 1224/1294/1431 416/1029/1431 14/760/1431
f 1225/1295/1432 1223/1293/1432 77/762/1432 13/759/1432
f 1223/1293/1433 1225/1295/1433 14/760/1433 78/763/1433
f 1226/1296/1434 1227/1297/1434 203/1298/1434 21/1100/1434
f 1227/1297/1435 1226/1296/1435 22/1103/1435 204/1299/1435
f 1227/1297/1436 1228/1300/1436 453/1301/1436 203/1298/1436
f 1228/1300/1437 1227/1297/1437 204/1299/1437 454/1302/1437
f 1228/1300/1438 1226/1296/1438 21/1100/1438 453/1301/1438
f 1226/1296/1439 1228/1300/1439 454/1302/1439 22/1103/1439
f 1229/1303/1440 1230/1304/1440 455/1305/1440 203/1298/1440
f 1230/1304/1441 1229/1303/1441 204/1299/1441 456/1306/1441
f 1230/1304/1442 1231/1307/1442 453/1301/1442 455/1305/1442
f 1231/1307/1443 1230/1304/1443 456/1306/1443 454/1302/1443
f 1231/1307/1444 1229/1303/1444 203/1298/1444 453/1301/1444
f 1229/1303/1445 1231/1307/1445 454/1302/1445 204/1299/1445
f 1232/1308/1446 1233/1309/1446 455/1305/1446 487/1310/1446
f 1233/1309/1447 1232/1308/1447 488/1311/1447 456/1306/1447
f 1233/1309/1448 1234/1312/1448 41/1313/1448 455/1305/1448
f 1234/1312/1449 1233/1309/1449 456/1306/1449 42/1314/1449
f 1234/1312/1450 1232/1308/1450 487/1310/1450 41/1313/1450
f 1232/1308/1451 1234/1312/1451 42/1314/1451 488/1311/1451
f 1235/1315/1452 1236/1316/1452 95/1317/1452 63/1318/1452
f 1236/1316/1453 1235/1315/1453 64/1319/1453 96/1320/1453
f 1236/1316/1454 1237/1321/1454 457/1210/1454 95/1317/1454
f 1237/1321/1455 1236/1316/1455 96/1320/1455 458/1211/1455
f 1237/1321/1456 1235/1315/1456 63/1318/1456 457/1210/1456
f 1235/1315/1457 1237/1321/1457 458/1211/1457 64/1319/1457
f 1238/1322/1458 1239/1323/1458 95/1317/1458 457/1210/1458
f 1239/1323/1459 1238/1322/1459 458/1211/1459 96/1320/1459
f 1239/1323/1460 1240/1324/1460 171/1197/1460 95/1317/1460
f 1240/1324/1461 1239/1323/1461 96/1320/1461 172/1198/1461
f 1240/1324/1462 1238/1322/1462 457/1210/1462 171/1197/1462
f 1238/1322/1463 1240/1324/1463 172/1198/1463 458/1211/1463
f 1241/1325/1464 1242/1326/1464 271/1327/1464 127/1328/1464
f 1242/1326/1465 1241/1325/1465 128/1329/1465 272/1330/1465
f 1242/1326/1466 1243/1331/1466 425/1092/1466 271/1327/1466
f 1243/1331/1467 1242/1326/1467 272/1330/1467 426/1093/1467
f 1243/1331/1468 1241/1325/1468 127/1328/1468 425/1092/1468
f 1241/1325/1469 1243/1331/1469 426/1093/1469 128/1329/1469
f 1244/1332/1470 1245/1333/1470 463/1334/1470 461/1335/1470
f 1245/1333/1471 1244/1332/1471 462/1336/1471 464/1337/1471
f 1245/1333/1472 1246/1338/1472 315/1339/1472 463/1334/1472
f 1246/1338/1473 1245/1333/1473 464/1337/1473 316/1340/1473
f 1246/1338/1474 1244/1332/1474 461/1335/1474 315/1339/1474
f 1244/1332/1475 1246/1338/1475 316/1340/1475 462/1336/1475
f 1247/1341/1476 1248/1342/1476 299/1343/1476 463/1334/1476
f 1248/1342/1477 1247/1341/1477 464/1337/1477 300/1344/1477
f 1248/1342/1478 1249/1345/1478 149/1346/1478 299/1343/1478
f 1249/1345/1479 1248/1342/1479 300/1344/1479 150/1347/1479
f 1249/1345/1480 1247/1341/1480 463/1334/1480 149/1346/1480
f 1247/1341/1481 1249/1345/1481 150/1347/1481 464/1337/1481
f 1250/1348/1482 1251/1349/1482 215/1350/1482 317/1351/1482
f 1251/1349/1483 1250/1348/1483 318/1352/1483 216/1353/1483
f 1251/1349/1484 1252/1354/1484 61/1355/1484 215/1350/1484
f 1252/1354/1485 1251/1349/1485 216/1353/1485 62/1356/1485
f 1252/1354/1486 1250/1348/1486 317/1351/1486 61/1355/1486
f 1250/1348/1487 1252/1354/1487 62/1356/1487 318/1352/1487
f 1253/1357/1488 1254/1358/1488 119/1359/1488 289/1128/1488
f 1254/1358/1489 1253/1357/1489 290/1131/1489 120/1360/1489
f 1254/1358/1490 1255/1361/1490 281/1060/1490 119/1359/1490
f 1255/1361/1491 1254/1358/1491 120/1360/1491 282/1061/1491
f 1255/1361/1492 1253/1357/1492 289/1128/1492 281/1060/1492
f 1253/1357/1493 1255/1361/1493 282/1061/1493 290/1131/1493
f 1256/1362/1494 1257/1363/1494 319/1364/1494 469/1066/1494
f 1257/1363/1495 1256/1362/1495 470/1067/1495 320/1365/1495
f 1257/1363/1496 1258/1366/1496 97/1367/1496 319/1364/1496
f 1258/1366/1497 1257/1363/1497 320/1365/1497 98/1368/1497
f 1258/1366/1498 1256/1362/1498 469/1066/1498 97/1367/1498
f 1256/1362/1499 1258/1366/1499 98/1368/1499 470/1067/1499
f 1259/1369/1500 1260/1370/1500 119/1359/1500 319/1364/1500
f 1260/1370/1501 1259/1369/1501 320/1365/1501 120/1360/1501
f 1260/1370/1502 1261/1371/1502 79/1372/1502 119/1359/1502
f 1261/1371/1503 1260/1370/1503 120/1360/1503 80/1373/1503
f 1261/1371/1504 1259/1369/1504 319/1364/1504 79/1372/1504
f 1259/1369/1505 1261/1371/1505 80/1373/1505 320/1365/1505
f 1262/1374/1506 1263/1375/1506 477/1376/1506 475/1377/1506
f 1263/1375/1507 1262/1374/1507 476/1378/1507 478/1379/1507
f 1263/1375/1508 1264/1380/1508 473/1381/1508 477/1376/1508
f 1264/1380/1509 1263/1375/1509 478/1379/1509 474/1382/1509
f 1264/1380/1510 1262/1374/1510 475/1377/1510 473/1381/1510
f 1262/1374/1511 1264/1380/1511 474/1382/1511 476/1378/1511
f 1265/1383/1512 1266/1384/1512 473/1381/1512 475/1377/1512
f 1266/1384/1513 1265/1383/1513 476/1378/1513 474/1382/1513
f 1266/1384/1514 1267/1385/1514 155/1386/1514 473/1381/1514
f 1267/1385/1515 1266/1384/1515 474/1382/1515 156/1387/1515
f 1267/1385/1516 1265/1383/1516 475/1377/1516 155/1386/1516
f 1265/1383/1517 1267/1385/1517 156/1387/1517 476/1378/1517
f 1268/1388/1518 1269/1389/1518 475/1377/1518 477/1376/1518
f 1269/1389/1519 1268/1388/1519 478/1379/1519 476/1378/1519
f 1269/1389/1520 1270/1390/1520 101/1391/1520 475/1377/1520
f 1270/1390/1521 1269/1389/1521 476/1378/1521 102/1392/1521
f 1270/1390/1522 1268/1388/1522 477/1376/1522 101/1391/1522
f 1268/1388/1523 1270/1390/1523 102/1392/1523 478/1379/1523
f 1271/1393/1524 1272/1394/1524 69/1395/1524 67/1396/1524
f 1272/1394/1525 1271/1393/1525 68/1397/1525 70/1398/1525
f 1272/1394/1526 1273/1399/1526 437/1086/1526 69/1395/1526
f 1273/1399/1527 1272/1394/1527 70/1398/1527 438/1087/1527
f 1273/1399/1528 1271/1393/1528 67/1396/1528 437/1086/1528
f 1271/1393/1529 1273/1399/1529 438/1087/1529 68/1397/1529
f 1274/1400/1530 1275/1401/1530 461/1335/1530 183/1402/1530
f 1275/1401/1531 1274/1400/1531 184/1403/1531 462/1336/1531
f 1275/1401/1532 1276/1404/1532 315/1339/1532 461/1335/1532
f 1276/1404/1533 1275/1401/1533 462/1336/1533 316/1340/1533
f 1276/1404/1534 1274/1400/1534 183/1402/1534 315/1339/1534
f 1274/1400/1535 1276/1404/1535 316/1340/1535 184/1403/1535
f 1277/1405/1536 1278/1406/1536 479/1407/1536 177/1408/1536
f 1278/1406/1537 1277/1405/1537 178/1409/1537 480/1410/1537
f 1278/1406/1538 1279/1411/1538 183/1402/1538 479/1407/1538
f 1279/1411/1539 1278/1406/1539 480/1410/1539 184/1403/1539
f 1279/1411/1540 1277/1405/1540 177/1408/1540 183/1402/1540
f 1277/1405/1541 1279/1411/1541 184/1403/1541 178/1409/1541
f 1280/1412/1542 1281/1413/1542 177/1408/1542 479/1407/1542
f 1281/1413/1543 1280/1412/1543 480/1410/1543 178/1409/1543
f 1281/1413/1544 1282/1414/1544 45/1415/1544 177/1408/1544
f 1282/1414/1545 1281/1413/1545 178/1409/1545 46/1416/1545
f 1282/1414/1546 1280/1412/1546 479/1407/1546 45/1415/1546
f 1280/1412/1547 1282/1414/1547 46/1416/1547 480/1410/1547
f 1283/1417/1548 1284/1418/1548 385/1419/1548 175/1231/1548
f 1284/1418/1549 1283/1417/1549 176/1232/1549 386/1420/1549
f 1284/1418/1550 1285/1421/1550 205/926/1550 385/1419/1550
f 1285/1421/1551 1284/1418/1551 386/1420/1551 206/927/1551
f 1285/1421/1552 1283/1417/1552 175/1231/1552 205/926/1552
f 1283/1417/1553 1285/1421/1553 206/927/1553 176/1232/1553
f 1286/1422/1554 1287/1423/1554 27/1424/1554 127/1328/1554
f 1287/1423/1555 1286/1422/1555 128/1329/1555 28/1425/1555
f 1287/1423/1556 1288/1426/1556 333/1427/1556 27/1424/1556
f 1288/1426/1557 1287/1423/1557 28/1425/1557 334/1428/1557
f 1288/1426/1558 1286/1422/1558 127/1328/1558 333/1427/1558
f 1286/1422/1559 1288/1426/1559 334/1428/1559 128/1329/1559
f 1289/1429/1560 1290/1430/1560 159/1431/1560 481/1432/1560
f 1290/1430/1561 1289/1429/1561 482/1433/1561 160/1434/1561
f 1290/1430/1562 1291/1435/1562 411/1436/1562 159/1431/1562
f 1291/1435/1563 1290/1430/1563 160/1434/1563 412/1437/1563
f 1291/1435/1564 1289/1429/1564 481/1432/1564 411/1436/1564
f 1289/1429/1565 1291/1435/1565 412/1437/1565 482/1433/1565
f 1292/1438/1566 1293/1439/1566 73/1440/1566 359/1441/1566
f 1293/1439/1567 1292/1438/1567 360/1442/1567 74/1443/1567
f 1293/1439/1568 1294/1444/1568 459/1445/1568 73/1440/1568
f 1294/1444/1569 1293/1439/1569 74/1443/1569 460/1446/1569
f 1294/1444/1570 1292/1438/1570 359/1441/1570 459/1445/1570
f 1292/1438/1571 1294/1444/1571 460/1446/1571 360/1442/1571
f 1295/1447/1572 1296/1448/1572 483/1449/1572 885/1450/1572
f 1296/1448/1573 1295/1447/1573 886/1451/1573 484/1452/1573
f 1296/1448/1574 1297/1453/1574 817/1454/1574 483/1449/1574
f 1297/1453/1575 1296/1448/1575 484/1452/1575 818/1455/1575
f 1297/1453/1576 1295/1447/1576 885/1450/1576 817/1454/1576
f 1295/1447/1577 1297/1453/1577 818/1455/1577 886/1451/1577
f 1298/1456/1578 1299/1457/1578 815/1458/1578 799/1459/1578
f 1299/1457/1579 1298/1456/1579 800/1460/1579 816/1461/1579
f 1299/1457/1580 1300/1462/1580 483/1449/1580 815/1458/1580
f 1300/1462/1581 1299/1457/1581 816/1461/1581 484/1452/1581
f 1300/1462/1582 1298/1456/1582 799/1459/1582 483/1449/1582
f 1298/1456/1583 1300/1462/1583 484/1452/1583 800/1460/1583
f 1301/1463/1584 1302/1464/1584 483/1449/1584 877/1465/1584
f 1302/1464/1585 1301/1463/1585 878/1466/1585 484/1452/1585
f 1302/1464/1586 1303/1467/1586 903/1468/1586 483/1449/1586
f 1303/1467/1587 1302/1464/1587 484/1452/1587 904/1469/1587
f 1303/1467/1588 1301/1463/1588 877/1465/1588 903/1468/1588
f 1301/1463/1589 1303/1467/1589 904/1469/1589 878/1466/1589
f 1304/1470/1590 1305/1471/1590 483/1449/1590 903/1468/1590
f 1305/1471/1591 1304/1470/1591 904/1469/1591 484/1452/1591
f 1305/1471/1592 1306/1472/1592 885/1450/1592 483/1449/1592
f 1306/1472/1593 1305/1471/1593 484/1452/1593 886/1451/1593
f 1306/1472/1594 1304/1470/1594 903/1468/1594 885/1450/1594
f 1304/1470/1595 1306/1472/1595 886/1451/1595 904/1469/1595
f 1307/1473/1596 1308/1474/1596 93/844/1596 303/837/1596
f 1308/1474/1597 1307/1473/1597 304/838/1597 94/845/1597
f 1308/1474/1598 1309/1475/1598 487/1476/1598 93/844/1598
f 1309/1475/1599 1308/1474/1599 94/845/1599 488/1477/1599
f 1309/1475/1600 1307/1473/1600 303/837/1600 487/1476/1600
f 1307/1473/1601 1309/1475/1601 488/1477/1601 304/838/1601
f 1310/1478/1602 1311/1479/1602 493/1480/1602 321/809/1602
f 1311/1479/1603 1310/1478/1603 322/812/1603 494/1481/1603
f 1311/1479/1604 1312/1482/1604 393/1483/1604 493/1480/1604
f 1312/1482/1605 1311/1479/1605 494/1481/1605 394/1484/1605
f 1312/1482/1606 1310/1478/1606 321/809/1606 393/1483/1606
f 1310/1478/1607 1312/1482/1607 394/1484/1607 322/812/1607
f 1313/1485/1608 1314/1486/1608 535/1487/1608 533/1488/1608
f 1314/1486/1609 1313/1485/1609 534/1489/1609 536/1490/1609
f 1314/1486/1610 1315/1491/1610 91/1492/1610 535/1487/1610
f 1315/1491/1611 1314/1486/1611 536/1490/1611 92/1493/1611
f 1315/1491/1612 1313/1485/1612 533/1488/1612 91/1492/1612
f 1313/1485/1613 1315/1491/1613 92/1493/1613 534/1489/1613
f 1316/1494/1614 1317/1495/1614 169/1496/1614 541/1497/1614
f 1317/1495/1615 1316/1494/1615 542/1498/1615 170/1499/1615
f 1317/1495/1616 1318/1500/1616 39/791/1616 169/1496/1616
f 1318/1500/1617 1317/1495/1617 170/1499/1617 40/792/1617
f 1318/1500/1618 1316/1494/1618 541/1497/1618 39/791/1618
f 1316/1494/1619 1318/1500/1619 40/792/1619 542/1498/1619
f 1319/1501/1620 1320/1502/1620 507/1503/1620 357/981/1620
f 1320/1502/1621 1319/1501/1621 358/982/1621 508/1504/1621
f 1320/1502/1622 1321/1505/1622 17/1506/1622 507/1503/1622
f 1321/1505/1623 1320/1502/1623 508/1504/1623 18/1507/1623
f 1321/1505/1624 1319/1501/1624 357/981/1624 17/1506/1624
f 1319/1501/1625 1321/1505/1625 18/1507/1625 358/982/1625
f 1322/1508/1626 1323/1509/1626 63/1318/1626 19/1510/1626
f 1323/1509/1627 1322/1508/1627 20/1511/1627 64/1319/1627
f 1323/1509/1628 1324/1512/1628 357/981/1628 63/1318/1628
f 1324/1512/1629 1323/1509/1629 64/1319/1629 358/982/1629
f 1324/1512/1630 1322/1508/1630 19/1510/1630 357/981/1630
f 1322/1508/1631 1324/1512/1631 358/982/1631 20/1511/1631
f 1325/1513/1632 1326/1514/1632 63/1318/1632 357/981/1632
f 1326/1514/1633 1325/1513/1633 358/982/1633 64/1319/1633
f 1326/1514/1634 1327/1515/1634 441/1201/1634 63/1318/1634
f 1327/1515/1635 1326/1514/1635 64/1319/1635 442/1202/1635
f 1327/1515/1636 1325/1513/1636 357/981/1636 441/1201/1636
f 1325/1513/1637 1327/1515/1637 442/1202/1637 358/982/1637
f 1328/1516/1638 1329/1517/1638 327/1006/1638 85/1518/1638
f 1329/1517/1639 1328/1516/1639 86/1519/1639 328/1007/1639
f 1329/1517/1640 1330/1520/1640 325/1521/1640 327/1006/1640
f 1330/1520/1641 1329/1517/1641 328/1007/1641 326/1522/1641
f 1330/1520/1642 1328/1516/1642 85/1518/1642 325/1521/1642
f 1328/1516/1643 1330/1520/1643 326/1522/1643 86/1519/1643
f 1331/1523/1644 1332/1524/1644 325/1521/1644 159/1431/1644
f 1332/1524/1645 1331/1523/1645 160/1434/1645 326/1522/1645
f 1332/1524/1646 1333/1525/1646 411/1436/1646 325/1521/1646
f 1333/1525/1647 1332/1524/1647 326/1522/1647 412/1437/1647
f 1333/1525/1648 1331/1523/1648 159/1431/1648 411/1436/1648
f 1331/1523/1649 1333/1525/1649 412/1437/1649 160/1434/1649
f 1334/1526/1650 1335/1527/1650 505/1528/1650 501/1529/1650
f 1335/1527/1651 1334/1526/1651 502/1530/1651 506/1531/1651
f 1335/1527/1652 1336/1532/1652 85/1518/1652 505/1528/1652
f 1336/1532/1653 1335/1527/1653 506/1531/1653 86/1519/1653
f 1336/1532/1654 1334/1526/1654 501/1529/1654 85/1518/1654
f 1334/1526/1655 1336/1532/1655 86/1519/1655 502/1530/1655
f 1337/1533/1656 1338/1534/1656 293/1535/1656 125/1536/1656
f 1338/1534/1657 1337/1533/1657 126/1537/1657 294/1538/1657
f 1338/1534/1658 1339/1539/1658 361/1540/1658 293/1535/1658
f 1339/1539/1659 1338/1534/1659 294/1538/1659 362/1541/1659
f 1339/1539/1660 1337/1533/1660 125/1536/1660 361/1540/1660
f 1337/1533/1661 1339/1539/1661 362/1541/1661 126/1537/1661
f 1340/1542/1662 1341/1543/1662 185/1544/1662 321/809/1662
f 1341/1543/1663 1340/1542/1663 322/812/1663 186/1545/1663
f 1341/1543/1664 1342/1546/1664 493/1480/1664 185/1544/1664
f 1342/1546/1665 1341/1543/1665 186/1545/1665 494/1481/1665
f 1342/1546/1666 1340/1542/1666 321/809/1666 493/1480/1666
f 1340/1542/1667 1342/1546/1667 494/1481/1667 322/812/1667
f 1343/1547/1668 1344/1548/1668 203/1298/1668 455/1305/1668
f 1344/1548/1669 1343/1547/1669 456/1306/1669 204/1299/1669
f 1344/1548/1670 1345/1549/1670 219/1550/1670 203/1298/1670
f 1345/1549/1671 1344/1548/1671 204/1299/1671 220/1551/1671
f 1345/1549/1672 1343/1547/1672 455/1305/1672 219/1550/1672
f 1343/1547/1673 1345/1549/1673 220/1551/1673 456/1306/1673
f 1346/1552/1674 1347/1553/1674 99/1554/1674 203/1298/1674
f 1347/1553/1675 1346/1552/1675 204/1299/1675 100/1555/1675
f 1347/1553/1676 1348/1556/1676 219/1550/1676 99/1554/1676
f 1348/1556/1677 1347/1553/1677 100/1555/1677 220/1551/1677
f 1348/1556/1678 1346/1552/1678 203/1298/1678 219/1550/1678
f 1346/1552/1679 1348/1556/1679 220/1551/1679 204/1299/1679
f 1349/1557/1680 1350/1558/1680 21/1100/1680 203/1298/1680
f 1350/1558/1681 1349/1557/1681 204/1299/1681 22/1103/1681
f 1350/1558/1682 1351/1559/1682 99/1554/1682 21/1100/1682
f 1351/1559/1683 1350/1558/1683 22/1103/1683 100/1555/1683
f 1351/1559/1684 1349/1557/1684 203/1298/1684 99/1554/1684
f 1349/1557/1685 1351/1559/1685 100/1555/1685 204/1299/1685
f 1352/1560/1686 1353/1561/1686 275/1562/1686 133/1096/1686
f 1353/1561/1687 1352/1560/1687 134/1097/1687 276/1563/1687
f 1353/1561/1688 1354/1564/1688 425/1092/1688 275/1562/1688
f 1354/1564/1689 1353/1561/1689 276/1563/1689 426/1093/1689
f 1354/1564/1690 1352/1560/1690 133/1096/1690 425/1092/1690
f 1352/1560/1691 1354/1564/1691 426/1093/1691 134/1097/1691
f 1355/1565/1692 1356/1566/1692 495/1091/1692 453/1301/1692
f 1356/1566/1693 1355/1565/1693 454/1302/1693 496/1094/1693
f 1356/1566/1694 1357/1567/1694 21/1100/1694 495/1091/1694
f 1357/1567/1695 1356/1566/1695 496/1094/1695 22/1103/1695
f 1357/1567/1696 1355/1565/1696 453/1301/1696 21/1100/1696
f 1355/1565/1697 1357/1567/1697 22/1103/1697 454/1302/1697
f 1358/1568/1698 1359/1569/1698 103/1570/1698 453/1301/1698
f 1359/1569/1699 1358/1568/1699 454/1302/1699 104/1571/1699
f 1359/1569/1700 1360/1572/1700 495/1091/1700 103/1570/1700
f 1360/1572/1701 1359/1569/1701 104/1571/1701 496/1094/1701
f 1360/1572/1702 1358/1568/1702 453/1301/1702 495/1091/1702
f 1358/1568/1703 1360/1572/1703 496/1094/1703 454/1302/1703
f 1361/1573/1704 1362/1574/1704 429/1117/1704 453/1575/1704
f 1362/1574/1705 1361/1573/1705 454/1576/1705 430/1118/1705
f 1362/1574/1706 1363/1577/1706 103/1121/1706 429/1117/1706
f 1363/1577/1707 1362/1574/1707 430/1118/1707 104/1122/1707
f 1363/1577/1708 1361/1573/1708 453/1575/1708 103/1121/1708
f 1361/1573/1709 1363/1577/1709 104/1122/1709 454/1576/1709
f 1364/1578/1710 1365/1579/1710 155/1386/1710 367/936/1710
f 1365/1579/1711 1364/1578/1711 368/937/1711 156/1387/1711
f 1365/1579/1712 1366/1580/1712 173/919/1712 155/1386/1712
f 1366/1580/1713 1365/1579/1713 156/1387/1713 174/920/1713
f 1366/1580/1714 1364/1578/1714 367/936/1714 173/919/1714
f 1364/1578/1715 1366/1580/1715 174/920/1715 368/937/1715
f 1367/1581/1716 1368/1582/1716 491/1583/1716 367/936/1716
f 1368/1582/1717 1367/1581/1717 368/937/1717 492/1584/1717
f 1368/1582/1718 1369/1585/1718 497/1586/1718 491/1583/1718
f 1369/1585/1719 1368/1582/1719 492/1584/1719 498/1587/1719
f 1369/1585/1720 1367/1581/1720 367/936/1720 497/1586/1720
f 1367/1581/1721 1369/1585/1721 498/1587/1721 368/937/1721
f 1370/1588/1722 1371/1589/1722 155/1386/1722 241/1590/1722
f 1371/1589/1723 1370/1588/1723 242/1591/1723 156/1387/1723
f 1371/1589/1724 1372/1592/1724 471/1593/1724 155/1386/1724
f 1372/1592/1725 1371/1589/1725 156/1387/1725 472/1594/1725
f 1372/1592/1726 1370/1588/1726 241/1590/1726 471/1593/1726
f 1370/1588/1727 1372/1592/1727 472/1594/1727 242/1591/1727
f 1373/1595/1728 1374/1596/1728 475/1377/1728 123/1597/1728
f 1374/1596/1729 1373/1595/1729 124/1598/1729 476/1378/1729
f 1374/1596/1730 1375/1599/1730 497/1586/1730 475/1377/1730
f 1375/1599/1731 1374/1596/1731 476/1378/1731 498/1587/1731
f 1375/1599/1732 1373/1595/1732 123/1597/1732 497/1586/1732
f 1373/1595/1733 1375/1599/1733 498/1587/1733 124/1598/1733
f 1376/1600/1734 1377/1601/1734 365/930/1734 499/923/1734
f 1377/1601/1735 1376/1600/1735 500/924/1735 366/931/1735
f 1377/1601/1736 1378/1602/1736 397/914/1736 365/930/1736
f 1378/1602/1737 1377/1601/1737 366/931/1737 398/917/1737
f 1378/1602/1738 1376/1600/1738 499/923/1738 397/914/1738
f 1376/1600/1739 1378/1602/1739 398/917/1739 500/924/1739
f 1379/1603/1740 1380/1604/1740 23/980/1740 499/1605/1740
f 1380/1604/1741 1379/1603/1741 500/1606/1741 24/983/1741
f 1380/1604/1742 1381/1607/1742 153/1136/1742 23/980/1742
f 1381/1607/1743 1380/1604/1743 24/983/1743 154/1137/1743
f 1381/1607/1744 1379/1603/1744 499/1605/1744 153/1136/1744
f 1379/1603/1745 1381/1607/1745 154/1137/1745 500/1606/1745
f 1382/1608/1746 1383/1609/1746 461/1335/1746 87/1610/1746
f 1383/1609/1747 1382/1608/1747 88/1611/1747 462/1336/1747
f 1383/1609/1748 1384/1612/1748 69/1395/1748 461/1335/1748
f 1384/1612/1749 1383/1609/1749 462/1336/1749 70/1398/1749
f 1384/1612/1750 1382/1608/1750 87/1610/1750 69/1395/1750
f 1382/1608/1751 1384/1612/1751 70/1398/1751 88/1611/1751
f 1385/1613/1752 1386/1614/1752 271/1327/1752 299/1343/1752
f 1386/1614/1753 1385/1613/1753 300/1344/1753 272/1330/1753
f 1386/1614/1754 1387/1615/1754 501/1529/1754 271/1327/1754
f 1387/1615/1755 1386/1614/1755 272/1330/1755 502/1530/1755
f 1387/1615/1756 1385/1613/1756 299/1343/1756 501/1529/1756
f 1385/1613/1757 1387/1615/1757 502/1530/1757 300/1344/1757
f 1388/1616/1758 1389/1617/1758 271/1327/1758 501/1529/1758
f 1389/1617/1759 1388/1616/1759 502/1530/1759 272/1330/1759
f 1389/1617/1760 1390/1618/1760 505/1528/1760 271/1327/1760
f 1390/1618/1761 1389/1617/1761 272/1330/1761 506/1531/1761
f 1390/1618/1762 1388/1616/1762 501/1529/1762 505/1528/1762
f 1388/1616/1763 1390/1618/1763 506/1531/1763 502/1530/1763
f 1391/1619/1764 1392/1620/1764 271/1327/1764 505/1621/1764
f 1392/1620/1765 1391/1619/1765 506/1622/1765 272/1330/1765
f 1392/1620/1766 1393/1623/1766 273/1624/1766 271/1327/1766
f 1393/1623/1767 1392/1620/1767 272/1330/1767 274/1625/1767
f 1393/1623/1768 1391/1619/1768 505/1621/1768 273/1624/1768
f 1391/1619/1769 1393/1623/1769 274/1625/1769 506/1622/1769
f 1394/1626/1770 1395/1627/1770 27/1424/1770 503/1628/1770
f 1395/1627/1771 1394/1626/1771 504/1629/1771 28/1425/1771
f 1395/1627/1772 1396/1630/1772 127/1328/1772 27/1424/1772
f 1396/1630/1773 1395/1627/1773 28/1425/1773 128/1329/1773
f 1396/1630/1774 1394/1626/1774 503/1628/1774 127/1328/1774
f 1394/1626/1775 1396/1630/1775 128/1329/1775 504/1629/1775
f 1397/1631/1776 1398/1632/1776 27/1633/1776 19/1510/1776
f 1398/1632/1777 1397/1631/1777 20/1511/1777 28/1634/1777
f 1398/1632/1778 1399/1635/1778 503/1636/1778 27/1633/1778
f 1399/1635/1779 1398/1632/1779 28/1634/1779 504/1637/1779
f 1399/1635/1780 1397/1631/1780 19/1510/1780 503/1636/1780
f 1397/1631/1781 1399/1635/1781 504/1637/1781 20/1511/1781
f 1400/1638/1782 1401/1639/1782 105/966/1782 19/1510/1782
f 1401/1639/1783 1400/1638/1783 20/1511/1783 106/969/1783
f 1401/1639/1784 1402/1640/1784 333/967/1784 105/966/1784
f 1402/1640/1785 1401/1639/1785 106/969/1785 334/968/1785
f 1402/1640/1786 1400/1638/1786 19/1510/1786 333/967/1786
f 1400/1638/1787 1402/1640/1787 334/968/1787 20/1511/1787
f 1403/1641/1788 1404/1642/1788 385/1643/1788 507/1503/1788
f 1404/1642/1789 1403/1641/1789 508/1504/1789 386/1644/1789
f 1404/1642/1790 1405/1645/1790 17/1506/1790 385/1643/1790
f 1405/1645/1791 1404/1642/1791 386/1644/1791 18/1507/1791
f 1405/1645/1792 1403/1641/1792 507/1503/1792 17/1506/1792
f 1403/1641/1793 1405/1645/1793 18/1507/1793 508/1504/1793
f 1406/1646/1794 1407/1647/1794 135/1648/1794 159/1431/1794
f 1407/1647/1795 1406/1646/1795 160/1434/1795 136/1649/1795
f 1407/1647/1796 1408/1650/1796 467/1651/1796 135/1648/1796
f 1408/1650/1797 1407/1647/1797 136/1649/1797 468/1652/1797
f 1408/1650/1798 1406/1646/1798 159/1431/1798 467/1651/1798
f 1406/1646/1799 1408/1650/1799 468/1652/1799 160/1434/1799
f 1409/1653/1800 1410/1654/1800 481/1432/1800 159/1431/1800
f 1410/1654/1801 1409/1653/1801 160/1434/1801 482/1433/1801
f 1410/1654/1802 1411/1655/1802 135/1656/1802 481/1432/1802
f 1411/1655/1803 1410/1654/1803 482/1433/1803 136/1657/1803
f 1411/1655/1804 1409/1653/1804 159/1431/1804 135/1656/1804
f 1409/1653/1805 1411/1655/1805 136/1657/1805 160/1434/1805
f 1412/1658/1806 1413/1659/1806 25/1112/1806 127/1660/1806
f 1413/1659/1807 1412/1658/1807 128/1661/1807 26/1113/1807
f 1413/1659/1808 1414/1662/1808 503/1636/1808 25/1112/1808
f 1414/1662/1809 1413/1659/1809 26/1113/1809 504/1637/1809
f 1414/1662/1810 1412/1658/1810 127/1660/1810 503/1636/1810
f 1412/1658/1811 1414/1662/1811 504/1637/1811 128/1661/1811
f 1415/1663/1812 1416/1664/1812 301/1005/1812 505/1528/1812
f 1416/1664/1813 1415/1663/1813 506/1531/1813 302/1008/1813
f 1416/1664/1814 1417/1665/1814 85/1518/1814 301/1005/1814
f 1417/1665/1815 1416/1664/1815 302/1008/1815 86/1519/1815
f 1417/1665/1816 1415/1663/1816 505/1528/1816 85/1518/1816
f 1415/1663/1817 1417/1665/1817 86/1519/1817 506/1531/1817
f 1418/1666/1818 1419/1667/1818 425/1092/1818 87/1610/1818
f 1419/1667/1819 1418/1666/1819 88/1611/1819 426/1093/1819
f 1419/1667/1820 1420/1668/1820 271/1327/1820 425/1092/1820
f 1420/1668/1821 1419/1667/1821 426/1093/1821 272/1330/1821
f 1420/1668/1822 1418/1666/1822 87/1610/1822 271/1327/1822
f 1418/1666/1823 1420/1668/1823 272/1330/1823 88/1611/1823
f 1421/1669/1824 1422/1670/1824 71/915/1824 225/1228/1824
f 1422/1670/1825 1421/1669/1825 226/1229/1825 72/916/1825
f 1422/1670/1826 1423/1671/1826 241/1590/1826 71/915/1826
f 1423/1671/1827 1422/1670/1827 72/916/1827 242/1591/1827
f 1423/1671/1828 1421/1669/1828 225/1228/1828 241/1590/1828
f 1421/1669/1829 1423/1671/1829 242/1591/1829 226/1229/1829
f 1424/1672/1830 1425/1673/1830 499/923/1830 23/1674/1830
f 1425/1673/1831 1424/1672/1831 24/1675/1831 500/924/1831
f 1425/1673/1832 1426/1676/1832 205/926/1832 499/923/1832
f 1426/1676/1833 1425/1673/1833 500/924/1833 206/927/1833
f 1426/1676/1834 1424/1672/1834 23/1674/1834 205/926/1834
f 1424/1672/1835 1426/1676/1835 206/927/1835 24/1675/1835
f 1427/1677/1836 1428/1678/1836 507/1503/1836 369/985/1836
f 1428/1678/1837 1427/1677/1837 370/986/1837 508/1504/1837
f 1428/1678/1838 1429/1679/1838 357/981/1838 507/1503/1838
f 1429/1679/1839 1428/1678/1839 508/1504/1839 358/982/1839
f 1429/1679/1840 1427/1677/1840 369/985/1840 357/981/1840
f 1427/1677/1841 1429/1679/1841 358/982/1841 370/986/1841
f 1430/1680/1842 1431/1681/1842 861/1682/1842 857/1683/1842
f 1431/1681/1843 1430/1680/1843 858/1684/1843 862/1685/1843
f 1431/1681/1844 1432/1686/1844 39/791/1844 861/1682/1844
f 1432/1686/1845 1431/1681/1845 862/1685/1845 40/792/1845
f 1432/1686/1846 1430/1680/1846 857/1683/1846 39/791/1846
f 1430/1680/1847 1432/1686/1847 40/792/1847 858/1684/1847
f 1433/1687/1848 1434/1688/1848 871/1689/1848 39/791/1848
f 1434/1688/1849 1433/1687/1849 40/792/1849 872/1690/1849
f 1434/1688/1850 1435/1691/1850 857/1683/1850 871/1689/1850
f 1435/1691/1851 1434/1688/1851 872/1690/1851 858/1684/1851
f 1435/1691/1852 1433/1687/1852 39/791/1852 857/1683/1852
f 1433/1687/1853 1435/1691/1853 858/1684/1853 40/792/1853
f 1436/1692/1854 1437/1693/1854 887/1694/1854 39/791/1854
f 1437/1693/1855 1436/1692/1855 40/792/1855 888/1695/1855
f 1437/1693/1856 1438/1696/1856 871/1689/1856 887/1694/1856
f 1438/1696/1857 1437/1693/1857 888/1695/1857 872/1690/1857
f 1438/1696/1858 1436/1692/1858 39/791/1858 871/1689/1858
f 1436/1692/1859 1438/1696/1859 872/1690/1859 40/792/1859
f 1439/1697/1860 1440/1698/1860 807/800/1860 39/791/1860
f 1440/1698/1861 1439/1697/1861 40/792/1861 808/801/1861
f 1440/1698/1862 1441/1699/1862 887/1694/1862 807/800/1862
f 1441/1699/1863 1440/1698/1863 808/801/1863 888/1695/1863
f 1441/1699/1864 1439/1697/1864 39/791/1864 887/1694/1864
f 1439/1697/1865 1441/1699/1865 888/1695/1865 40/792/1865
f 1442/1700/1866 1443/1701/1866 39/1702/1866 895/1703/1866
f 1443/1701/1867 1442/1700/1867 896/1704/1867 40/1705/1867
f 1443/1701/1868 1444/1706/1868 905/1707/1868 39/1702/1868
f 1444/1706/1869 1443/1701/1869 40/1705/1869 906/1708/1869
f 1444/1706/1870 1442/1700/1870 895/1703/1870 905/1707/1870
f 1442/1700/1871 1444/1706/1871 906/1708/1871 896/1704/1871
f 1445/1709/1872 1446/1710/1872 39/1702/1872 905/1707/1872
f 1446/1710/1873 1445/1709/1873 906/1708/1873 40/1705/1873
f 1446/1710/1874 1447/1711/1874 909/1712/1874 39/1702/1874
f 1447/1711/1875 1446/1710/1875 40/1705/1875 910/1713/1875
f 1447/1711/1876 1445/1709/1876 905/1707/1876 909/1712/1876
f 1445/1709/1877 1447/1711/1877 910/1713/1877 906/1708/1877
f 1448/1714/1878 1449/1715/1878 39/1702/1878 909/1712/1878
f 1449/1715/1879 1448/1714/1879 910/1713/1879 40/1705/1879
f 1449/1715/1880 1450/1716/1880 911/1717/1880 39/1702/1880
f 1450/1716/1881 1449/1715/1881 40/1705/1881 912/1718/1881
f 1450/1716/1882 1448/1714/1882 909/1712/1882 911/1717/1882
f 1448/1714/1883 1450/1716/1883 912/1718/1883 910/1713/1883
f 1451/1719/1884 1452/1720/1884 39/1702/1884 911/1717/1884
f 1452/1720/1885 1451/1719/1885 912/1718/1885 40/1705/1885
f 1452/1720/1886 1453/1721/1886 861/1722/1886 39/1702/1886
f 1453/1721/1887 1452/1720/1887 40/1705/1887 862/1723/1887
f 1453/1721/1888 1451/1719/1888 911/1717/1888 861/1722/1888
f 1451/1719/1889 1453/1721/1889 862/1723/1889 912/1718/1889
f 1454/1724/1890 1455/1725/1890 353/1726/1890 35/1727/1890
f 1455/1725/1891 1454/1724/1891 36/1728/1891 354/1729/1891
f 1455/1725/1892 1456/1730/1892 373/1731/1892 353/1726/1892
f 1456/1730/1893 1455/1725/1893 354/1729/1893 374/1732/1893
f 1456/1730/1894 1454/1724/1894 35/1727/1894 373/1731/1894
f 1454/1724/1895 1456/1730/1895 374/1732/1895 36/1728/1895
f 1457/1733/1896 1458/1734/1896 167/1735/1896 353/1726/1896
f 1458/1734/1897 1457/1733/1897 354/1729/1897 168/1736/1897
f 1458/1734/1898 1459/1737/1898 373/1731/1898 167/1735/1898
f 1459/1737/1899 1458/1734/1899 168/1736/1899 374/1732/1899
f 1459/1737/1900 1457/1733/1900 353/1726/1900 373/1731/1900
f 1457/1733/1901 1459/1737/1901 374/1732/1901 354/1729/1901
f 1460/1738/1902 1461/1739/1902 285/1740/1902 37/1741/1902
f 1461/1739/1903 1460/1738/1903 38/1742/1903 286/1743/1903
f 1461/1739/1904 1462/1744/1904 255/1745/1904 285/1740/1904
f 1462/1744/1905 1461/1739/1905 286/1743/1905 256/1746/1905
f 1462/1744/1906 1460/1738/1906 37/1741/1906 255/1745/1906
f 1460/1738/1907 1462/1744/1907 256/1746/1907 38/1742/1907
f 1463/1747/1908 1464/1748/1908 531/1749/1908 255/1745/1908
f 1464/1748/1909 1463/1747/1909 256/1746/1909 532/1750/1909
f 1464/1748/1910 1465/1751/1910 37/1741/1910 531/1749/1910
f 1465/1751/1911 1464/1748/1911 532/1750/1911 38/1742/1911
f 1465/1751/1912 1463/1747/1912 255/1745/1912 37/1741/1912
f 1463/1747/1913 1465/1751/1913 38/1742/1913 256/1746/1913
f 1466/1752/1914 1467/1753/1914 179/1754/1914 285/1740/1914
f 1467/1753/1915 1466/1752/1915 286/1743/1915 180/1755/1915
f 1467/1753/1916 1468/1756/1916 255/1745/1916 179/1754/1916
f 1468/1756/1917 1467/1753/1917 180/1755/1917 256/1746/1917
f 1468/1756/1918 1466/1752/1918 285/1740/1918 255/1745/1918
f 1466/1752/1919 1468/1756/1919 256/1746/1919 286/1743/1919
f 1469/1757/1920 1470/1758/1920 511/1759/1920 897/1760/1920
f 1470/1758/1921 1469/1757/1921 898/1761/1921 512/1762/1921
f 1470/1758/1922 1471/1763/1922 919/1764/1922 511/1759/1922
f 1471/1763/1923 1470/1758/1923 512/1762/1923 920/1765/1923
f 1471/1763/1924 1469/1757/1924 897/1760/1924 919/1764/1924
f 1469/1757/1925 1471/1763/1925 920/1765/1925 898/1761/1925
f 1472/1766/1926 1473/1767/1926 919/1764/1926 803/1768/1926
f 1473/1767/1927 1472/1766/1927 804/1769/1927 920/1765/1927
f 1473/1767/1928 1474/1770/1928 511/1759/1928 919/1764/1928
f 1474/1770/1929 1473/1767/1929 920/1765/1929 512/1762/1929
f 1474/1770/1930 1472/1766/1930 803/1768/1930 511/1759/1930
f 1472/1766/1931 1474/1770/1931 512/1762/1931 804/1769/1931
f 1475/1771/1932 1476/1772/1932 511/1759/1932 535/1487/1932
f 1476/1772/1933 1475/1771/1933 536/1490/1933 512/1762/1933
f 1476/1772/1934 1477/1773/1934 31/1774/1934 511/1759/1934
f 1477/1773/1935 1476/1772/1935 512/1762/1935 32/1775/1935
f 1477/1773/1936 1475/1771/1936 535/1487/1936 31/1774/1936
f 1475/1771/1937 1477/1773/1937 32/1775/1937 536/1490/1937
f 1478/1776/1938 1479/1777/1938 803/1768/1938 801/1778/1938
f 1479/1777/1939 1478/1776/1939 802/1779/1939 804/1769/1939
f 1479/1777/1940 1480/1780/1940 511/1759/1940 803/1768/1940
f 1480/1780/1941 1479/1777/1941 804/1769/1941 512/1762/1941
f 1480/1780/1942 1478/1776/1942 801/1778/1942 511/1759/1942
f 1478/1776/1943 1480/1780/1943 512/1762/1943 802/1779/1943
f 1481/1781/1944 1482/1782/1944 801/1778/1944 811/1783/1944
f 1482/1782/1945 1481/1781/1945 812/1784/1945 802/1779/1945
f 1482/1782/1946 1483/1785/1946 511/1759/1946 801/1778/1946
f 1483/1785/1947 1482/1782/1947 802/1779/1947 512/1762/1947
f 1483/1785/1948 1481/1781/1948 811/1783/1948 511/1759/1948
f 1481/1781/1949 1483/1785/1949 512/1762/1949 812/1784/1949
f 1484/1786/1950 1485/1787/1950 543/1788/1950 51/1789/1950
f 1485/1787/1951 1484/1786/1951 52/1790/1951 544/1791/1951
f 1485/1787/1952 1486/1792/1952 547/1793/1952 543/1788/1952
f 1486/1792/1953 1485/1787/1953 544/1791/1953 548/1794/1953
f 1486/1792/1954 1484/1786/1954 51/1789/1954 547/1793/1954
f 1484/1786/1955 1486/1792/1955 548/1794/1955 52/1790/1955
f 1487/1795/1956 1488/1796/1956 547/1793/1956 107/1797/1956
f 1488/1796/1957 1487/1795/1957 108/1798/1957 548/1794/1957
f 1488/1796/1958 1489/1799/1958 309/1800/1958 547/1793/1958
f 1489/1799/1959 1488/1796/1959 548/1794/1959 310/1801/1959
f 1489/1799/1960 1487/1795/1960 107/1797/1960 309/1800/1960
f 1487/1795/1961 1489/1799/1961 310/1801/1961 108/1798/1961
f 1490/1802/1962 1491/1803/1962 825/1804/1962 249/1805/1962
f 1491/1803/1963 1490/1802/1963 250/1806/1963 826/1807/1963
f 1491/1803/1964 1492/1808/1964 827/1809/1964 825/1804/1964
f 1492/1808/1965 1491/1803/1965 826/1807/1965 828/1810/1965
f 1492/1808/1966 1490/1802/1966 249/1805/1966 827/1809/1966
f 1490/1802/1967 1492/1808/1967 828/1810/1967 250/1806/1967
f 1493/1811/1968 1494/1812/1968 843/1813/1968 847/1814/1968
f 1494/1812/1969 1493/1811/1969 848/1815/1969 844/1816/1969
f 1494/1812/1970 1495/1817/1970 513/1818/1970 843/1813/1970
f 1495/1817/1971 1494/1812/1971 844/1816/1971 514/1819/1971
f 1495/1817/1972 1493/1811/1972 847/1814/1972 513/1818/1972
f 1493/1811/1973 1495/1817/1973 514/1819/1973 848/1815/1973
f 1496/1820/1974 1497/1821/1974 75/1822/1974 29/1823/1974
f 1497/1821/1975 1496/1820/1975 30/1824/1975 76/1825/1975
f 1497/1821/1976 1498/1826/1976 337/1827/1976 75/1822/1976
f 1498/1826/1977 1497/1821/1977 76/1825/1977 338/1828/1977
f 1498/1826/1978 1496/1820/1978 29/1823/1978 337/1827/1978
f 1496/1820/1979 1498/1826/1979 338/1828/1979 30/1824/1979
f 1499/1829/1980 1500/1830/1980 31/1774/1980 91/1492/1980
f 1500/1830/1981 1499/1829/1981 92/1493/1981 32/1775/1981
f 1500/1830/1982 1501/1831/1982 351/1832/1982 31/1774/1982
f 1501/1831/1983 1500/1830/1983 32/1775/1983 352/1833/1983
f 1501/1831/1984 1499/1829/1984 91/1492/1984 351/1832/1984
f 1499/1829/1985 1501/1831/1985 352/1833/1985 92/1493/1985
f 1502/1834/1986 1503/1835/1986 535/1487/1986 91/1492/1986
f 1503/1835/1987 1502/1834/1987 92/1493/1987 536/1490/1987
f 1503/1835/1988 1504/1836/1988 31/1774/1988 535/1487/1988
f 1504/1836/1989 1503/1835/1989 536/1490/1989 32/1775/1989
f 1504/1836/1990 1502/1834/1990 91/1492/1990 31/1774/1990
f 1502/1834/1991 1504/1836/1991 32/1775/1991 92/1493/1991
f 1505/1837/1992 1506/1838/1992 309/1800/1992 107/1797/1992
f 1506/1838/1993 1505/1837/1993 108/1798/1993 310/1801/1993
f 1506/1838/1994 1507/1839/1994 257/1840/1994 309/1800/1994
f 1507/1839/1995 1506/1838/1995 310/1801/1995 258/1841/1995
f 1507/1839/1996 1505/1837/1996 107/1797/1996 257/1840/1996
f 1505/1837/1997 1507/1839/1997 258/1841/1997 108/1798/1997
f 1508/1842/1998 1509/1843/1998 9/1844/1998 207/1845/1998
f 1509/1843/1999 1508/1842/1999 208/1846/1999 10/1847/1999
f 1509/1843/2000 1510/1848/2000 115/1849/2000 9/1844/2000
f 1510/1848/2001 1509/1843/2001 10/1847/2001 116/1850/2001
f 1510/1848/2002 1508/1842/2002 207/1845/2002 115/1849/2002
f 1508/1842/2003 1510/1848/2003 116/1850/2003 208/1846/2003
f 1511/1851/2004 1512/1852/2004 247/1853/2004 207/1845/2004
f 1512/1852/2005 1511/1851/2005 208/1846/2005 248/1854/2005
f 1512/1852/2006 1513/1855/2006 9/1844/2006 247/1853/2006
f 1513/1855/2007 1512/1852/2007 248/1854/2007 10/1847/2007
f 1513/1855/2008 1511/1851/2008 207/1845/2008 9/1844/2008
f 1511/1851/2009 1513/1855/2009 10/1847/2009 208/1846/2009
f 1514/1856/2010 1515/1857/2010 247/1853/2010 515/1858/2010
f 1515/1857/2011 1514/1856/2011 516/1859/2011 248/1854/2011
f 1515/1857/2012 1516/1860/2012 207/1845/2012 247/1853/2012
f 1516/1860/2013 1515/1857/2013 248/1854/2013 208/1846/2013
f 1516/1860/2014 1514/1856/2014 515/1858/2014 207/1845/2014
f 1514/1856/2015 1516/1860/2015 208/1846/2015 516/1859/2015
f 1517/1861/2016 1518/1862/2016 575/1863/2016 517/1864/2016
f 1518/1862/2017 1517/1861/2017 518/1865/2017 576/1866/2017
f 1518/1862/2018 1519/1867/2018 515/1858/2018 575/1863/2018
f 1519/1867/2019 1518/1862/2019 576/1866/2019 516/1859/2019
f 1519/1867/2020 1517/1861/2020 517/1864/2020 515/1858/2020
f 1517/1861/2021 1519/1867/2021 516/1859/2021 518/1865/2021
f 1520/1868/2022 1521/1869/2022 519/1870/2022 335/1871/2022
f 1521/1869/2023 1520/1868/2023 336/1872/2023 520/1873/2023
f 1521/1869/2024 1522/1874/2024 517/1864/2024 519/1870/2024
f 1522/1874/2025 1521/1869/2025 520/1873/2025 518/1865/2025
f 1522/1874/2026 1520/1868/2026 335/1871/2026 517/1864/2026
f 1520/1868/2027 1522/1874/2027 518/1865/2027 336/1872/2027
f 1523/1875/2028 1524/1876/2028 89/1877/2028 223/897/2028
f 1524/1876/2029 1523/1875/2029 224/898/2029 90/1878/2029
f 1524/1876/2030 1525/1879/2030 519/1870/2030 89/1877/2030
f 1525/1879/2031 1524/1876/2031 90/1878/2031 520/1873/2031
f 1525/1879/2032 1523/1875/2032 223/897/2032 519/1870/2032
f 1523/1875/2033 1525/1879/2033 520/1873/2033 224/898/2033
f 1526/1880/2034 1527/1881/2034 515/1882/2034 335/1883/2034
f 1527/1881/2035 1526/1880/2035 336/1884/2035 516/1885/2035
f 1527/1881/2036 1528/1886/2036 207/1887/2036 515/1882/2036
f 1528/1886/2037 1527/1881/2037 516/1885/2037 208/1888/2037
f 1528/1886/2038 1526/1880/2038 335/1883/2038 207/1887/2038
f 1526/1880/2039 1528/1886/2039 208/1888/2039 336/1884/2039
f 1529/1889/2040 1530/1890/2040 519/1891/2040 223/1892/2040
f 1530/1890/2041 1529/1889/2041 224/1893/2041 520/1894/2041
f 1530/1890/2042 1531/1895/2042 117/1896/2042 519/1891/2042
f 1531/1895/2043 1530/1890/2043 520/1894/2043 118/1897/2043
f 1531/1895/2044 1529/1889/2044 223/1892/2044 117/1896/2044
f 1529/1889/2045 1531/1895/2045 118/1897/2045 224/1893/2045
f 1532/1898/2046 1533/1899/2046 141/1900/2046 371/1901/2046
f 1533/1899/2047 1532/1898/2047 372/1902/2047 142/1903/2047
f 1533/1899/2048 1534/1904/2048 307/1905/2048 141/1900/2048
f 1534/1904/2049 1533/1899/2049 142/1903/2049 308/1906/2049
f 1534/1904/2050 1532/1898/2050 371/1901/2050 307/1905/2050
f 1532/1898/2051 1534/1904/2051 308/1906/2051 372/1902/2051
f 1535/1907/2052 1536/1908/2052 307/1905/2052 371/1901/2052
f 1536/1908/2053 1535/1907/2053 372/1902/2053 308/1906/2053
f 1536/1908/2054 1537/1909/2054 521/1910/2054 307/1905/2054
f 1537/1909/2055 1536/1908/2055 308/1906/2055 522/1911/2055
f 1537/1909/2056 1535/1907/2056 371/1901/2056 521/1910/2056
f 1535/1907/2057 1537/1909/2057 522/1911/2057 372/1902/2057
f 1538/1912/2058 1539/1913/2058 237/1914/2058 545/1915/2058
f 1539/1913/2059 1538/1912/2059 546/1916/2059 238/1917/2059
f 1539/1913/2060 1540/1918/2060 387/1919/2060 237/1914/2060
f 1540/1918/2061 1539/1913/2061 238/1917/2061 388/1920/2061
f 1540/1918/2062 1538/1912/2062 545/1915/2062 387/1919/2062
f 1538/1912/2063 1540/1918/2063 388/1920/2063 546/1916/2063
f 1541/1921/2064 1542/1922/2064 37/1741/2064 65/1923/2064
f 1542/1922/2065 1541/1921/2065 66/1924/2065 38/1742/2065
f 1542/1922/2066 1543/1925/2066 549/1926/2066 37/1741/2066
f 1543/1925/2067 1542/1922/2067 38/1742/2067 550/1927/2067
f 1543/1925/2068 1541/1921/2068 65/1923/2068 549/1926/2068
f 1541/1921/2069 1543/1925/2069 550/1927/2069 66/1924/2069
f 1544/1928/2070 1545/1929/2070 549/1926/2070 53/1930/2070
f 1545/1929/2071 1544/1928/2071 54/1931/2071 550/1927/2071
f 1545/1929/2072 1546/1932/2072 343/1933/2072 549/1926/2072
f 1546/1932/2073 1545/1929/2073 550/1927/2073 344/1934/2073
f 1546/1932/2074 1544/1928/2074 53/1930/2074 343/1933/2074
f 1544/1928/2075 1546/1932/2075 344/1934/2075 54/1931/2075
f 1547/1935/2076 1548/1936/2076 525/1937/2076 247/1853/2076
f 1548/1936/2077 1547/1935/2077 248/1854/2077 526/1938/2077
f 1548/1936/2078 1549/1939/2078 235/1940/2078 525/1937/2078
f 1549/1939/2079 1548/1936/2079 526/1938/2079 236/1941/2079
f 1549/1939/2080 1547/1935/2080 247/1853/2080 235/1940/2080
f 1547/1935/2081 1549/1939/2081 236/1941/2081 248/1854/2081
f 1550/1942/2082 1551/1943/2082 575/1863/2082 521/1910/2082
f 1551/1943/2083 1550/1942/2083 522/1911/2083 576/1866/2083
f 1551/1943/2084 1552/1944/2084 371/1901/2084 575/1863/2084
f 1552/1944/2085 1551/1943/2085 576/1866/2085 372/1902/2085
f 1552/1944/2086 1550/1942/2086 521/1910/2086 371/1901/2086
f 1550/1942/2087 1552/1944/2087 372/1902/2087 522/1911/2087
f 1553/1945/2088 1554/1946/2088 517/1864/2088 575/1863/2088
f 1554/1946/2089 1553/1945/2089 576/1866/2089 518/1865/2089
f 1554/1946/2090 1555/1947/2090 89/1877/2090 517/1864/2090
f 1555/1947/2091 1554/1946/2091 518/1865/2091 90/1878/2091
f 1555/1947/2092 1553/1945/2092 575/1863/2092 89/1877/2092
f 1553/1945/2093 1555/1947/2093 90/1878/2093 576/1866/2093
f 1556/1948/2094 1557/1949/2094 529/1950/2094 221/1243/2094
f 1557/1949/2095 1556/1948/2095 222/1244/2095 530/1951/2095
f 1557/1949/2096 1558/1952/2096 11/955/2096 529/1950/2096
f 1558/1952/2097 1557/1949/2097 530/1951/2097 12/956/2097
f 1558/1952/2098 1556/1948/2098 221/1243/2098 11/955/2098
f 1556/1948/2099 1558/1952/2099 12/956/2099 222/1244/2099
f 1559/1953/2100 1560/1954/2100 141/1900/2100 307/1905/2100
f 1560/1954/2101 1559/1953/2101 308/1906/2101 142/1903/2101
f 1560/1954/2102 1561/1955/2102 331/1956/2102 141/1900/2102
f 1561/1955/2103 1560/1954/2103 142/1903/2103 332/1957/2103
f 1561/1955/2104 1559/1953/2104 307/1905/2104 331/1956/2104
f 1559/1953/2105 1561/1955/2105 332/1957/2105 308/1906/2105
f 1562/1958/2106 1563/1959/2106 239/1960/2106 141/1900/2106
f 1563/1959/2107 1562/1958/2107 142/1903/2107 240/1961/2107
f 1563/1959/2108 1564/1962/2108 331/1956/2108 239/1960/2108
f 1564/1962/2109 1563/1959/2109 240/1961/2109 332/1957/2109
f 1564/1962/2110 1562/1958/2110 141/1900/2110 331/1956/2110
f 1562/1958/2111 1564/1962/2111 332/1957/2111 142/1903/2111
f 1565/1963/2112 1566/1964/2112 251/1965/2112 245/1253/2112
f 1566/1964/2113 1565/1963/2113 246/1254/2113 252/1966/2113
f 1566/1964/2114 1567/1967/2114 239/1960/2114 251/1965/2114
f 1567/1967/2115 1566/1964/2115 252/1966/2115 240/1961/2115
f 1567/1967/2116 1565/1963/2116 245/1253/2116 239/1960/2116
f 1565/1963/2117 1567/1967/2117 240/1961/2117 246/1254/2117
f 1568/1968/2118 1569/1969/2118 305/1970/2118 245/1253/2118
f 1569/1969/2119 1568/1968/2119 246/1254/2119 306/1971/2119
f 1569/1969/2120 1570/1972/2120 251/1965/2120 305/1970/2120
f 1570/1972/2121 1569/1969/2121 306/1971/2121 252/1966/2121
f 1570/1972/2122 1568/1968/2122 245/1253/2122 251/1965/2122
f 1568/1968/2123 1570/1972/2123 252/1966/2123 246/1254/2123
f 1571/1973/2124 1572/1974/2124 509/1975/2124 239/1960/2124
f 1572/1974/2125 1571/1973/2125 240/1961/2125 510/1976/2125
f 1572/1974/2126 1573/1977/2126 227/1978/2126 509/1975/2126
f 1573/1977/2127 1572/1974/2127 510/1976/2127 228/1979/2127
f 1573/1977/2128 1571/1973/2128 239/1960/2128 227/1978/2128
f 1571/1973/2129 1573/1977/2129 228/1979/2129 240/1961/2129
f 1574/1980/2130 1575/1981/2130 193/1982/2130 539/1983/2130
f 1575/1981/2131 1574/1980/2131 540/1984/2131 194/1985/2131
f 1575/1981/2132 1576/1986/2132 455/1305/2132 193/1982/2132
f 1576/1986/2133 1575/1981/2133 194/1985/2133 456/1306/2133
f 1576/1986/2134 1574/1980/2134 539/1983/2134 455/1305/2134
f 1574/1980/2135 1576/1986/2135 456/1306/2135 540/1984/2135
f 1577/1987/2136 1578/1988/2136 547/1793/2136 387/1919/2136
f 1578/1988/2137 1577/1987/2137 388/1920/2137 548/1794/2137
f 1578/1988/2138 1579/1989/2138 545/1915/2138 547/1793/2138
f 1579/1989/2139 1578/1988/2139 548/1794/2139 546/1916/2139
f 1579/1989/2140 1577/1987/2140 387/1919/2140 545/1915/2140
f 1577/1987/2141 1579/1989/2141 546/1916/2141 388/1920/2141
f 1580/1990/2142 1581/1991/2142 51/1789/2142 331/1956/2142
f 1581/1991/2143 1580/1990/2143 332/1957/2143 52/1790/2143
f 1581/1991/2144 1582/1992/2144 387/1919/2144 51/1789/2144
f 1582/1992/2145 1581/1991/2145 52/1790/2145 388/1920/2145
f 1582/1992/2146 1580/1990/2146 331/1956/2146 387/1919/2146
f 1580/1990/2147 1582/1992/2147 388/1920/2147 332/1957/2147
f 1583/1993/2148 1584/1994/2148 109/1162/2148 291/1165/2148
f 1584/1994/2149 1583/1993/2149 292/1166/2149 110/1163/2149
f 1584/1994/2150 1585/1995/2150 237/1996/2150 109/1162/2150
f 1585/1995/2151 1584/1994/2151 110/1163/2151 238/1997/2151
f 1585/1995/2152 1583/1993/2152 291/1165/2152 237/1996/2152
f 1583/1993/2153 1585/1995/2153 238/1997/2153 292/1166/2153
f 1586/1998/2154 1587/1999/2154 439/945/2154 109/1162/2154
f 1587/1999/2155 1586/1998/2155 110/1163/2155 440/948/2155
f 1587/1999/2156 1588/2000/2156 399/946/2156 439/945/2156
f 1588/2000/2157 1587/1999/2157 440/948/2157 400/947/2157
f 1588/2000/2158 1586/1998/2158 109/1162/2158 399/946/2158
f 1586/1998/2159 1588/2000/2159 400/947/2159 110/1163/2159
f 1589/2001/2160 1590/2002/2160 53/1930/2160 323/1258/2160
f 1590/2002/2161 1589/2001/2161 324/1261/2161 54/1931/2161
f 1590/2002/2162 1591/2003/2162 113/2004/2162 53/1930/2162
f 1591/2003/2163 1590/2002/2163 54/1931/2163 114/2005/2163
f 1591/2003/2164 1589/2001/2164 323/1258/2164 113/2004/2164
f 1589/2001/2165 1591/2003/2165 114/2005/2165 324/1261/2165
f 1592/2006/2166 1593/2007/2166 343/1933/2166 53/1930/2166
f 1593/2007/2167 1592/2006/2167 54/1931/2167 344/1934/2167
f 1593/2007/2168 1594/2008/2168 113/2004/2168 343/1933/2168
f 1594/2008/2169 1593/2007/2169 344/1934/2169 114/2005/2169
f 1594/2008/2170 1592/2006/2170 53/1930/2170 113/2004/2170
f 1592/2006/2171 1594/2008/2171 114/2005/2171 54/1931/2171
f 1595/2009/2172 1596/2010/2172 113/2004/2172 323/1258/2172
f 1596/2010/2173 1595/2009/2173 324/1261/2173 114/2005/2173
f 1596/2010/2174 1597/2011/2174 207/1887/2174 113/2004/2174
f 1597/2011/2175 1596/2010/2175 114/2005/2175 208/1888/2175
f 1597/2011/2176 1595/2009/2176 323/1258/2176 207/1887/2176
f 1595/2009/2177 1597/2011/2177 208/1888/2177 324/1261/2177
f 1598/2012/2178 1599/2013/2178 873/2014/2178 875/2015/2178
f 1599/2013/2179 1598/2012/2179 876/2016/2179 874/2017/2179
f 1599/2013/2180 1600/2018/2180 345/1071/2180 873/2014/2180
f 1600/2018/2181 1599/2013/2181 874/2017/2181 346/1072/2181
f 1600/2018/2182 1598/2012/2182 875/2015/2182 345/1071/2182
f 1598/2012/2183 1600/2018/2183 346/1072/2183 876/2016/2183
f 1601/2019/2184 1602/2020/2184 539/1983/2184 193/1982/2184
f 1602/2020/2185 1601/2019/2185 194/1985/2185 540/1984/2185
f 1602/2020/2186 1603/2021/2186 195/2022/2186 539/1983/2186
f 1603/2021/2187 1602/2020/2187 540/1984/2187 196/2023/2187
f 1603/2021/2188 1601/2019/2188 193/1982/2188 195/2022/2188
f 1601/2019/2189 1603/2021/2189 196/2023/2189 194/1985/2189
f 1604/2024/2190 1605/2025/2190 539/1983/2190 195/2022/2190
f 1605/2025/2191 1604/2024/2191 196/2023/2191 540/1984/2191
f 1605/2025/2192 1606/2026/2192 107/1797/2192 539/1983/2192
f 1606/2026/2193 1605/2025/2193 540/1984/2193 108/1798/2193
f 1606/2026/2194 1604/2024/2194 195/2022/2194 107/1797/2194
f 1604/2024/2195 1606/2026/2195 108/1798/2195 196/2023/2195
f 1607/2027/2196 1608/2028/2196 169/1496/2196 373/2029/2196
f 1608/2028/2197 1607/2027/2197 374/2030/2197 170/1499/2197
f 1608/2028/2198 1609/2031/2198 541/1497/2198 169/1496/2198
f 1609/2031/2199 1608/2028/2199 170/1499/2199 542/1498/2199
f 1609/2031/2200 1607/2027/2200 373/2029/2200 541/1497/2200
f 1607/2027/2201 1609/2031/2201 542/1498/2201 374/2030/2201
f 1610/2032/2202 1611/2033/2202 91/1492/2202 337/1827/2202
f 1611/2033/2203 1610/2032/2203 338/1828/2203 92/1493/2203
f 1611/2033/2204 1612/2034/2204 351/1832/2204 91/1492/2204
f 1612/2034/2205 1611/2033/2205 92/1493/2205 352/1833/2205
f 1612/2034/2206 1610/2032/2206 337/1827/2206 351/1832/2206
f 1610/2032/2207 1612/2034/2207 352/1833/2207 338/1828/2207
f 1613/2035/2208 1614/2036/2208 75/1822/2208 309/1800/2208
f 1614/2036/2209 1613/2035/2209 310/1801/2209 76/1825/2209
f 1614/2036/2210 1615/2037/2210 283/2038/2210 75/1822/2210
f 1615/2037/2211 1614/2036/2211 76/1825/2211 284/2039/2211
f 1615/2037/2212 1613/2035/2212 309/1800/2212 283/2038/2212
f 1613/2035/2213 1615/2037/2213 284/2039/2213 310/1801/2213
f 1616/2040/2214 1617/2041/2214 351/1832/2214 337/1827/2214
f 1617/2041/2215 1616/2040/2215 338/1828/2215 352/1833/2215
f 1617/2041/2216 1618/2042/2216 29/1823/2216 351/1832/2216
f 1618/2042/2217 1617/2041/2217 352/1833/2217 30/1824/2217
f 1618/2042/2218 1616/2040/2218 337/1827/2218 29/1823/2218
f 1616/2040/2219 1618/2042/2219 30/1824/2219 338/1828/2219
f 1619/2043/2220 1620/2044/2220 309/1800/2220 257/1840/2220
f 1620/2044/2221 1619/2043/2221 258/1841/2221 310/1801/2221
f 1620/2044/2222 1621/2045/2222 283/2038/2222 309/1800/2222
f 1621/2045/2223 1620/2044/2223 310/1801/2223 284/2039/2223
f 1621/2045/2224 1619/2043/2224 257/1840/2224 283/2038/2224
f 1619/2043/2225 1621/2045/2225 284/2039/2225 258/1841/2225
f 1622/2046/2226 1623/2047/2226 343/1933/2226 353/1726/2226
f 1623/2047/2227 1622/2046/2227 354/1729/2227 344/1934/2227
f 1623/2047/2228 1624/2048/2228 549/1926/2228 343/1933/2228
f 1624/2048/2229 1623/2047/2229 344/1934/2229 550/1927/2229
f 1624/2048/2230 1622/2046/2230 353/1726/2230 549/1926/2230
f 1622/2046/2231 1624/2048/2231 550/1927/2231 354/1729/2231
f 1625/2049/2232 1626/2050/2232 179/2051/2232 193/1982/2232
f 1626/2050/2233 1625/2049/2233 194/1985/2233 180/2052/2233
f 1626/2050/2234 1627/2053/2234 41/1313/2234 179/2051/2234
f 1627/2053/2235 1626/2050/2235 180/2052/2235 42/1314/2235
f 1627/2053/2236 1625/2049/2236 193/1982/2236 41/1313/2236
f 1625/2049/2237 1627/2053/2237 42/1314/2237 194/1985/2237
f 1628/2054/2238 1629/2055/2238 227/1978/2238 51/1789/2238
f 1629/2055/2239 1628/2054/2239 52/1790/2239 228/1979/2239
f 1629/2055/2240 1630/2056/2240 543/1788/2240 227/1978/2240
f 1630/2056/2241 1629/2055/2241 228/1979/2241 544/1791/2241
f 1630/2056/2242 1628/2054/2242 51/1789/2242 543/1788/2242
f 1628/2054/2243 1630/2056/2243 544/1791/2243 52/1790/2243
f 1631/2057/2244 1632/2058/2244 107/1797/2244 547/1793/2244
f 1632/2058/2245 1631/2057/2245 548/1794/2245 108/1798/2245
f 1632/2058/2246 1633/2059/2246 291/2060/2246 107/1797/2246
f 1633/2059/2247 1632/2058/2247 108/1798/2247 292/2061/2247
f 1633/2059/2248 1631/2057/2248 547/1793/2248 291/2060/2248
f 1631/2057/2249 1633/2059/2249 292/2061/2249 548/1794/2249
f 1634/2062/2250 1635/2063/2250 179/2051/2250 255/2064/2250
f 1635/2063/2251 1634/2062/2251 256/2065/2251 180/2052/2251
f 1635/2063/2252 1636/2066/2252 195/2022/2252 179/2051/2252
f 1636/2066/2253 1635/2063/2253 180/2052/2253 196/2023/2253
f 1636/2066/2254 1634/2062/2254 255/2064/2254 195/2022/2254
f 1634/2062/2255 1636/2066/2255 196/2023/2255 256/2065/2255
f 1637/2067/2256 1638/2068/2256 41/1313/2256 487/1310/2256
f 1638/2068/2257 1637/2067/2257 488/1311/2257 42/1314/2257
f 1638/2068/2258 1639/2069/2258 303/2070/2258 41/1313/2258
f 1639/2069/2259 1638/2068/2259 42/1314/2259 304/2071/2259
f 1639/2069/2260 1637/2067/2260 487/1310/2260 303/2070/2260
f 1637/2067/2261 1639/2069/2261 304/2071/2261 488/1311/2261
f 1640/2072/2262 1641/2073/2262 513/1818/2262 29/1823/2262
f 1641/2073/2263 1640/2072/2263 30/1824/2263 514/1819/2263
f 1641/2073/2264 1642/2074/2264 249/1805/2264 513/1818/2264
f 1642/2074/2265 1641/2073/2265 514/1819/2265 250/1806/2265
f 1642/2074/2266 1640/2072/2266 29/1823/2266 249/1805/2266
f 1640/2072/2267 1642/2074/2267 250/1806/2267 30/1824/2267
f 1643/2075/2268 1644/2076/2268 167/2077/2268 187/2078/2268
f 1644/2076/2269 1643/2075/2269 188/2079/2269 168/2080/2269
f 1644/2076/2270 1645/2081/2270 283/2038/2270 167/2077/2270
f 1645/2081/2271 1644/2076/2271 168/2080/2271 284/2039/2271
f 1645/2081/2272 1643/2075/2272 187/2078/2272 283/2038/2272
f 1643/2075/2273 1645/2081/2273 284/2039/2273 188/2079/2273
f 1646/2082/2274 1647/2083/2274 283/2038/2274 187/2078/2274
f 1647/2083/2275 1646/2082/2275 188/2079/2275 284/2039/2275
f 1647/2083/2276 1648/2084/2276 75/1822/2276 283/2038/2276
f 1648/2084/2277 1647/2083/2277 284/2039/2277 76/1825/2277
f 1648/2084/2278 1646/2082/2278 187/2078/2278 75/1822/2278
f 1646/2082/2279 1648/2084/2279 76/1825/2279 188/2079/2279
f 1649/2085/2280 1650/2086/2280 29/1823/2280 373/2029/2280
f 1650/2086/2281 1649/2085/2281 374/2030/2281 30/1824/2281
f 1650/2086/2282 1651/2087/2282 169/1496/2282 29/1823/2282
f 1651/2087/2283 1650/2086/2283 30/1824/2283 170/1499/2283
f 1651/2087/2284 1649/2085/2284 373/2029/2284 169/1496/2284
f 1649/2085/2285 1651/2087/2285 170/1499/2285 374/2030/2285
f 1652/2088/2286 1653/2089/2286 375/2090/2286 117/1896/2286
f 1653/2089/2287 1652/2088/2287 118/1897/2287 376/2091/2287
f 1653/2089/2288 1654/2092/2288 345/1071/2288 375/2090/2288
f 1654/2092/2289 1653/2089/2289 376/2091/2289 346/1072/2289
f 1654/2092/2290 1652/2088/2290 117/1896/2290 345/1071/2290
f 1652/2088/2291 1654/2092/2291 346/1072/2291 118/1897/2291
f 1655/2093/2292 1656/2094/2292 373/1731/2292 35/1727/2292
f 1656/2094/2293 1655/2093/2293 36/1728/2293 374/1732/2293
f 1656/2094/2294 1657/2095/2294 375/2090/2294 373/1731/2294
f 1657/2095/2295 1656/2094/2295 374/1732/2295 376/2091/2295
f 1657/2095/2296 1655/2093/2296 35/1727/2296 375/2090/2296
f 1655/2093/2297 1657/2095/2297 376/2091/2297 36/1728/2297
f 1658/2096/2298 1659/2097/2298 551/2098/2298 379/2099/2298
f 1659/2097/2299 1658/2096/2299 380/2100/2299 552/2101/2299
f 1659/2097/2300 1660/2102/2300 569/2103/2300 551/2098/2300
f 1660/2102/2301 1659/2097/2301 552/2101/2301 570/2104/2301
f 1660/2102/2302 1658/2096/2302 379/2099/2302 569/2103/2302
f 1658/2096/2303 1660/2102/2303 570/2104/2303 380/2100/2303
f 1661/2105/2304 1662/2106/2304 83/2107/2304 551/2098/2304
f 1662/2106/2305 1661/2105/2305 552/2101/2305 84/2108/2305
f 1662/2106/2306 1663/2109/2306 569/2103/2306 83/2107/2306
f 1663/2109/2307 1662/2106/2307 84/2108/2307 570/2104/2307
f 1663/2109/2308 1661/2105/2308 551/2098/2308 569/2103/2308
f 1661/2105/2309 1663/2109/2309 570/2104/2309 552/2101/2309
f 1664/2110/2310 1665/2111/2310 551/2098/2310 171/2112/2310
f 1665/2111/2311 1664/2110/2311 172/2113/2311 552/2101/2311
f 1665/2111/2312 1666/2114/2312 43/2115/2312 551/2098/2312
f 1666/2114/2313 1665/2111/2313 552/2101/2313 44/2116/2313
f 1666/2114/2314 1664/2110/2314 171/2112/2314 43/2115/2314
f 1664/2110/2315 1666/2114/2315 44/2116/2315 172/2113/2315
f 1667/2117/2316 1668/2118/2316 171/2112/2316 553/2119/2316
f 1668/2118/2317 1667/2117/2317 554/2120/2317 172/2113/2317
f 1668/2118/2318 1669/2121/2318 95/2122/2318 171/2112/2318
f 1669/2121/2319 1668/2118/2319 172/2113/2319 96/2123/2319
f 1669/2121/2320 1667/2117/2320 553/2119/2320 95/2122/2320
f 1667/2117/2321 1669/2121/2321 96/2123/2321 554/2120/2321
f 1670/2124/2322 1671/2125/2322 555/2126/2322 315/2127/2322
f 1671/2125/2323 1670/2124/2323 316/2128/2323 556/2129/2323
f 1671/2125/2324 1672/2130/2324 269/2131/2324 555/2126/2324
f 1672/2130/2325 1671/2125/2325 556/2129/2325 270/2132/2325
f 1672/2130/2326 1670/2124/2326 315/2127/2326 269/2131/2326
f 1670/2124/2327 1672/2130/2327 270/2132/2327 316/2128/2327
f 1673/2133/2328 1674/2134/2328 315/2127/2328 555/2126/2328
f 1674/2134/2329 1673/2133/2329 556/2129/2329 316/2128/2329
f 1674/2134/2330 1675/2135/2330 149/2136/2330 315/2127/2330
f 1675/2135/2331 1674/2134/2331 316/2128/2331 150/2137/2331
f 1675/2135/2332 1673/2133/2332 555/2126/2332 149/2136/2332
f 1673/2133/2333 1675/2135/2333 150/2137/2333 556/2129/2333
f 1676/2138/2334 1677/2139/2334 555/2126/2334 557/2140/2334
f 1677/2139/2335 1676/2138/2335 558/2141/2335 556/2129/2335
f 1677/2139/2336 1678/2142/2336 149/2136/2336 555/2126/2336
f 1678/2142/2337 1677/2139/2337 556/2129/2337 150/2137/2337
f 1678/2142/2338 1676/2138/2338 557/2140/2338 149/2136/2338
f 1676/2138/2339 1678/2142/2339 150/2137/2339 558/2141/2339
f 1679/2143/2340 1680/2144/2340 557/2140/2340 61/2145/2340
f 1680/2144/2341 1679/2143/2341 62/2146/2341 558/2141/2341
f 1680/2144/2342 1681/2147/2342 317/2148/2342 557/2140/2342
f 1681/2147/2343 1680/2144/2343 558/2141/2343 318/2149/2343
f 1681/2147/2344 1679/2143/2344 61/2145/2344 317/2148/2344
f 1679/2143/2345 1681/2147/2345 318/2149/2345 62/2146/2345
f 1682/2150/2346 1683/2151/2346 563/2152/2346 147/2153/2346
f 1683/2151/2347 1682/2150/2347 148/2154/2347 564/2155/2347
f 1683/2151/2348 1684/2156/2348 421/2157/2348 563/2152/2348
f 1684/2156/2349 1683/2151/2349 564/2155/2349 422/2158/2349
f 1684/2156/2350 1682/2150/2350 147/2153/2350 421/2157/2350
f 1682/2150/2351 1684/2156/2351 422/2158/2351 148/2154/2351
f 1685/2159/2352 1686/2160/2352 559/2161/2352 79/2162/2352
f 1686/2160/2353 1685/2159/2353 80/2163/2353 560/2164/2353
f 1686/2160/2354 1687/2165/2354 97/2166/2354 559/2161/2354
f 1687/2165/2355 1686/2160/2355 560/2164/2355 98/2167/2355
f 1687/2165/2356 1685/2159/2356 79/2162/2356 97/2166/2356
f 1685/2159/2357 1687/2165/2357 98/2167/2357 80/2163/2357
f 1688/2168/2358 1689/2169/2358 561/2170/2358 119/2171/2358
f 1689/2169/2359 1688/2168/2359 120/2172/2359 562/2173/2359
f 1689/2169/2360 1690/2174/2360 79/2162/2360 561/2170/2360
f 1690/2174/2361 1689/2169/2361 562/2173/2361 80/2163/2361
f 1690/2174/2362 1688/2168/2362 119/2171/2362 79/2162/2362
f 1688/2168/2363 1690/2174/2363 80/2163/2363 120/2172/2363
f 1691/2175/2364 1692/2176/2364 199/2177/2364 289/2178/2364
f 1692/2176/2365 1691/2175/2365 290/2179/2365 200/2180/2365
f 1692/2176/2366 1693/2181/2366 561/2170/2366 199/2177/2366
f 1693/2181/2367 1692/2176/2367 200/2180/2367 562/2173/2367
f 1693/2181/2368 1691/2175/2368 289/2178/2368 561/2170/2368
f 1691/2175/2369 1693/2181/2369 562/2173/2369 290/2179/2369
f 1694/2182/2370 1695/2183/2370 119/2171/2370 561/2170/2370
f 1695/2183/2371 1694/2182/2371 562/2173/2371 120/2172/2371
f 1695/2183/2372 1696/2184/2372 289/2178/2372 119/2171/2372
f 1696/2184/2373 1695/2183/2373 120/2172/2373 290/2179/2373
f 1696/2184/2374 1694/2182/2374 561/2170/2374 289/2178/2374
f 1694/2182/2375 1696/2184/2375 290/2179/2375 562/2173/2375
f 1697/2185/2376 1698/2186/2376 49/2187/2376 563/2152/2376
f 1698/2186/2377 1697/2185/2377 564/2155/2377 50/2188/2377
f 1698/2186/2378 1699/2189/2378 217/2190/2378 49/2187/2378
f 1699/2189/2379 1698/2186/2379 50/2188/2379 218/2191/2379
f 1699/2189/2380 1697/2185/2380 563/2152/2380 217/2190/2380
f 1697/2185/2381 1699/2189/2381 218/2191/2381 564/2155/2381
f 1700/2192/2382 1701/2193/2382 567/2194/2382 269/2195/2382
f 1701/2193/2383 1700/2192/2383 270/2196/2383 568/2197/2383
f 1701/2193/2384 1702/2198/2384 315/2199/2384 567/2194/2384
f 1702/2198/2385 1701/2193/2385 568/2197/2385 316/2200/2385
f 1702/2198/2386 1700/2192/2386 269/2195/2386 315/2199/2386
f 1700/2192/2387 1702/2198/2387 316/2200/2387 270/2196/2387
f 1703/2201/2388 1704/2202/2388 567/2194/2388 59/2203/2388
f 1704/2202/2389 1703/2201/2389 60/2204/2389 568/2197/2389
f 1704/2202/2390 1705/2205/2390 269/2195/2390 567/2194/2390
f 1705/2205/2391 1704/2202/2391 568/2197/2391 270/2196/2391
f 1705/2205/2392 1703/2201/2392 59/2203/2392 269/2195/2392
f 1703/2201/2393 1705/2205/2393 270/2196/2393 60/2204/2393
f 1706/2206/2394 1707/2207/2394 59/2203/2394 565/2208/2394
f 1707/2207/2395 1706/2206/2395 566/2209/2395 60/2204/2395
f 1707/2207/2396 1708/2210/2396 431/2211/2396 59/2203/2396
f 1708/2210/2397 1707/2207/2397 60/2204/2397 432/2212/2397
f 1708/2210/2398 1706/2206/2398 565/2208/2398 431/2211/2398
f 1706/2206/2399 1708/2210/2399 432/2212/2399 566/2209/2399
f 1709/2213/2400 1710/2214/2400 47/2215/2400 565/2208/2400
f 1710/2214/2401 1709/2213/2401 566/2209/2401 48/2216/2401
f 1710/2214/2402 1711/2217/2402 177/2218/2402 47/2215/2402
f 1711/2217/2403 1710/2214/2403 48/2216/2403 178/2219/2403
f 1711/2217/2404 1709/2213/2404 565/2208/2404 177/2218/2404
f 1709/2213/2405 1711/2217/2405 178/2219/2405 566/2209/2405
f 1712/2220/2406 1713/2221/2406 571/2222/2406 379/2223/2406
f 1713/2221/2407 1712/2220/2407 380/2224/2407 572/2225/2407
f 1713/2221/2408 1714/2226/2408 57/2227/2408 571/2222/2408
f 1714/2226/2409 1713/2221/2409 572/2225/2409 58/2228/2409
f 1714/2226/2410 1712/2220/2410 379/2223/2410 57/2227/2410
f 1712/2220/2411 1714/2226/2411 58/2228/2411 380/2224/2411
f 1715/2229/2412 1716/2230/2412 571/2222/2412 57/2227/2412
f 1716/2230/2413 1715/2229/2413 58/2228/2413 572/2225/2413
f 1716/2230/2414 1717/2231/2414 573/2232/2414 571/2222/2414
f 1717/2231/2415 1716/2230/2415 572/2225/2415 574/2233/2415
f 1717/2231/2416 1715/2229/2416 57/2227/2416 573/2232/2416
f 1715/2229/2417 1717/2231/2417 574/2233/2417 58/2228/2417
f 1718/2234/2418 1719/2235/2418 569/2236/2418 215/2237/2418
f 1719/2235/2419 1718/2234/2419 216/2238/2419 570/2239/2419
f 1719/2235/2420 1720/2240/2420 83/2241/2420 569/2236/2420
f 1720/2240/2421 1719/2235/2421 570/2239/2421 84/2242/2421
f 1720/2240/2422 1718/2234/2422 215/2237/2422 83/2241/2422
f 1718/2234/2423 1720/2240/2423 84/2242/2423 216/2238/2423
f 1721/2243/2424 1722/2244/2424 571/2222/2424 201/2245/2424
f 1722/2244/2425 1721/2243/2425 202/2246/2425 572/2225/2425
f 1722/2244/2426 1723/2247/2426 465/2248/2426 571/2222/2426
f 1723/2247/2427 1722/2244/2427 572/2225/2427 466/2249/2427
f 1723/2247/2428 1721/2243/2428 201/2245/2428 465/2248/2428
f 1721/2243/2429 1723/2247/2429 466/2249/2429 202/2246/2429
f 1724/2250/2430 1725/2251/2430 81/2252/2430 201/2245/2430
f 1725/2251/2431 1724/2250/2431 202/2246/2431 82/2253/2431
f 1725/2251/2432 1726/2254/2432 571/2222/2432 81/2252/2432
f 1726/2254/2433 1725/2251/2433 82/2253/2433 572/2225/2433
f 1726/2254/2434 1724/2250/2434 201/2245/2434 571/2222/2434
f 1724/2250/2435 1726/2254/2435 572/2225/2435 202/2246/2435
f 1727/2255/2436 1728/2256/2436 573/2232/2436 49/2257/2436
f 1728/2256/2437 1727/2255/2437 50/2258/2437 574/2233/2437
f 1728/2256/2438 1729/2259/2438 217/2260/2438 573/2232/2438
f 1729/2259/2439 1728/2256/2439 574/2233/2439 218/2261/2439
f 1729/2259/2440 1727/2255/2440 49/2257/2440 217/2260/2440
f 1727/2255/2441 1729/2259/2441 218/2261/2441 50/2258/2441
f 1730/2262/2442 1731/2263/2442 81/2252/2442 573/2232/2442
f 1731/2263/2443 1730/2262/2443 574/2233/2443 82/2253/2443
f 1731/2263/2444 1732/2264/2444 217/2260/2444 81/2252/2444
f 1732/2264/2445 1731/2263/2445 82/2253/2445 218/2261/2445
f 1732/2264/2446 1730/2262/2446 573/2232/2446 217/2260/2446
f 1730/2262/2447 1732/2264/2447 218/2261/2447 574/2233/2447
f 1733/2265/2448 1734/2266/2448 389/2267/2448 361/2268/2448
f 1734/2266/2449 1733/2265/2449 362/2269/2449 390/2270/2449
f 1734/2266/2450 1735/2271/2450 125/2272/2450 389/2267/2450
f 1735/2271/2451 1734/2266/2451 390/2270/2451 126/2273/2451
f 1735/2271/2452 1733/2265/2452 361/2268/2452 125/2272/2452
f 1733/2265/2453 1735/2271/2453 126/2273/2453 362/2269/2453
f 1736/2274/2454 1737/2275/2454 143/750/2454 361/2268/2454
f 1737/2275/2455 1736/2274/2455 362/2269/2455 144/753/2455
f 1737/2275/2456 1738/2276/2456 389/2267/2456 143/750/2456
f 1738/2276/2457 1737/2275/2457 144/753/2457 390/2270/2457
f 1738/2276/2458 1736/2274/2458 361/2268/2458 389/2267/2458
f 1736/2274/2459 1738/2276/2459 390/2270/2459 362/2269/2459
f 1739/2277/2460 1740/2278/2460 389/2267/2460 287/726/2460
f 1740/2278/2461 1739/2277/2461 288/727/2461 390/2270/2461
f 1740/2278/2462 1741/2279/2462 143/750/2462 389/2267/2462
f 1741/2279/2463 1740/2278/2463 390/2270/2463 144/753/2463
f 1741/2279/2464 1739/2277/2464 287/726/2464 143/750/2464
f 1739/2277/2465 1741/2279/2465 144/753/2465 288/727/2465
f 1742/2280/2466 1743/2281/2466 389/2267/2466 363/721/2466
f 1743/2281/2467 1742/2280/2467 364/724/2467 390/2270/2467
f 1743/2281/2468 1744/2282/2468 287/726/2468 389/2267/2468
f 1744/2282/2469 1743/2281/2469 390/2270/2469 288/727/2469
f 1744/2282/2470 1742/2280/2470 363/721/2470 287/726/2470
f 1742/2280/2471 1744/2282/2471 288/727/2471 364/724/2471
f 1745/2283/2472 1746/2284/2472 389/2267/2472 125/2272/2472
f 1746/2284/2473 1745/2283/2473 126/2273/2473 390/2270/2473
f 1746/2284/2474 1747/2285/2474 363/721/2474 389/2267/2474
f 1747/2285/2475 1746/2284/2475 390/2270/2475 364/724/2475
f 1747/2285/2476 1745/2283/2476 125/2272/2476 363/721/2476
f 1745/2283/2477 1747/2285/2477 364/724/2477 126/2273/2477
f 1748/2286/2478 1749/2287/2478 391/730/2478 3/736/2478
f 1749/2287/2479 1748/2286/2479 4/737/2479 392/731/2479
f 1749/2287/2480 1750/2288/2480 417/1043/2480 391/730/2480
f 1750/2288/2481 1749/2287/2481 392/731/2481 418/1044/2481
f 1750/2288/2482 1748/2286/2482 3/736/2482 417/1043/2482
f 1748/2286/2483 1750/2288/2483 418/1044/2483 4/737/2483
f 1751/2289/2484 1752/2290/2484 261/751/2484 13/759/2484
f 1752/2290/2485 1751/2289/2485 14/760/2485 262/752/2485
f 1752/2290/2486 1753/2291/2486 129/755/2486 261/751/2486
f 1753/2291/2487 1752/2290/2487 262/752/2487 130/756/2487
f 1753/2291/2488 1751/2289/2488 13/759/2488 129/755/2488
f 1751/2289/2489 1753/2291/2489 130/756/2489 14/760/2489
f 1754/2292/2490 1755/2293/2490 189/776/2490 393/767/2490
f 1755/2293/2491 1754/2292/2491 394/768/2491 190/777/2491
f 1755/2293/2492 1756/2294/2492 1/2295/2492 189/776/2492
f 1756/2294/2493 1755/2293/2493 190/777/2493 2/2296/2493
f 1756/2294/2494 1757/2297/2494 293/1535/2494 1/2295/2494
f 1757/2297/2495 1756/2294/2495 2/2296/2495 294/1538/2495
f 1757/2297/2496 1754/2292/2496 393/767/2496 293/1535/2496
f 1754/2292/2497 1757/2297/2497 294/1538/2497 394/768/2497
f 1758/2298/2498 1759/2299/2498 249/1805/2498 39/791/2498
f 1759/2299/2499 1758/2298/2499 40/792/2499 250/1806/2499
f 1759/2299/2500 1760/2300/2500 917/2301/2500 249/1805/2500
f 1760/2300/2501 1759/2299/2501 250/1806/2501 918/2302/2501
f 1760/2300/2502 1761/2303/2502 913/2304/2502 917/2301/2502
f 1761/2303/2503 1760/2300/2503 918/2302/2503 914/2305/2503
f 1761/2303/2504 1762/2306/2504 781/790/2504 913/2304/2504
f 1762/2306/2505 1761/2303/2505 914/2305/2505 782/793/2505
f 1762/2306/2506 1758/2298/2506 39/791/2506 781/790/2506
f 1758/2298/2507 1762/2306/2507 782/793/2507 40/792/2507
f 1763/2307/2508 1764/2308/2508 151/1129/2508 185/785/2508
f 1764/2308/2509 1763/2307/2509 186/786/2509 152/1130/2509
f 1764/2308/2510 1765/2309/2510 139/780/2510 151/1129/2510
f 1765/2309/2511 1764/2308/2511 152/1130/2511 140/781/2511
f 1765/2309/2512 1763/2307/2512 185/785/2512 139/780/2512
f 1763/2307/2513 1765/2309/2513 140/781/2513 186/786/2513
f 1766/2310/2514 1767/2311/2514 917/2301/2514 827/1809/2514
f 1767/2311/2515 1766/2310/2515 828/1810/2515 918/2302/2515
f 1767/2311/2516 1768/2312/2516 249/1805/2516 917/2301/2516
f 1768/2312/2517 1767/2311/2517 918/2302/2517 250/1806/2517
f 1768/2312/2518 1766/2310/2518 827/1809/2518 249/1805/2518
f 1766/2310/2519 1768/2312/2519 250/1806/2519 828/1810/2519
f 1769/2313/2520 1770/2314/2520 849/2315/2520 921/2316/2520
f 1770/2314/2521 1769/2313/2521 922/2317/2521 850/2318/2521
f 1770/2314/2522 1771/2319/2522 395/888/2522 849/2315/2522
f 1771/2319/2523 1770/2314/2523 850/2318/2523 396/891/2523
f 1771/2319/2524 1772/2320/2524 223/897/2524 395/888/2524
f 1772/2320/2525 1771/2319/2525 396/891/2525 224/898/2525
f 1772/2320/2526 1773/2321/2526 899/2322/2526 223/897/2526
f 1773/2321/2527 1772/2320/2527 224/898/2527 900/2323/2527
f 1773/2321/2528 1769/2313/2528 921/2316/2528 899/2322/2528
f 1769/2313/2529 1773/2321/2529 900/2323/2529 922/2317/2529
f 1774/2324/2530 1775/2325/2530 125/804/2530 321/809/2530
f 1775/2325/2531 1774/2324/2531 322/812/2531 126/805/2531
f 1775/2325/2532 1776/2326/2532 485/743/2532 125/804/2532
f 1776/2326/2533 1775/2325/2533 126/805/2533 486/744/2533
f 1776/2326/2534 1774/2324/2534 321/809/2534 485/743/2534
f 1774/2324/2535 1776/2326/2535 486/744/2535 322/812/2535
f 1777/2327/2536 1778/2328/2536 125/804/2536 243/740/2536
f 1778/2328/2537 1777/2327/2537 244/741/2537 126/805/2537
f 1778/2328/2538 1779/2329/2538 363/2330/2538 125/804/2538
f 1779/2329/2539 1778/2328/2539 126/805/2539 364/2331/2539
f 1779/2329/2540 1777/2327/2540 243/740/2540 363/2330/2540
f 1777/2327/2541 1779/2329/2541 364/2331/2541 244/741/2541
f 1780/2332/2542 1781/2333/2542 101/1391/2542 231/872/2542
f 1781/2333/2543 1780/2332/2543 232/873/2543 102/1392/2543
f 1781/2333/2544 1782/2334/2544 211/871/2544 101/1391/2544
f 1782/2334/2545 1781/2333/2545 102/1392/2545 212/874/2545
f 1782/2334/2546 1780/2332/2546 231/872/2546 211/871/2546
f 1780/2332/2547 1782/2334/2547 212/874/2547 232/873/2547
f 1783/2335/2548 1784/2336/2548 123/1597/2548 101/1391/2548
f 1784/2336/2549 1783/2335/2549 102/1392/2549 124/1598/2549
f 1784/2336/2550 1785/2337/2550 211/871/2550 123/1597/2550
f 1785/2337/2551 1784/2336/2551 124/1598/2551 212/874/2551
f 1785/2337/2552 1783/2335/2552 101/1391/2552 211/871/2552
f 1783/2335/2553 1785/2337/2553 212/874/2553 102/1392/2553
f 1786/2338/2554 1787/2339/2554 123/1597/2554 211/871/2554
f 1787/2339/2555 1786/2338/2555 212/874/2555 124/1598/2555
f 1787/2339/2556 1788/2340/2556 485/743/2556 123/1597/2556
f 1788/2340/2557 1787/2339/2557 124/1598/2557 486/744/2557
f 1788/2340/2558 1786/2338/2558 211/871/2558 485/743/2558
f 1786/2338/2559 1788/2340/2559 486/744/2559 212/874/2559
f 1789/2341/2560 1790/2342/2560 295/810/2560 297/940/2560
f 1790/2342/2561 1789/2341/2561 298/941/2561 296/811/2561
f 1790/2342/2562 1791/2343/2562 489/814/2562 295/810/2562
f 1791/2343/2563 1790/2342/2563 296/811/2563 490/815/2563
f 1791/2343/2564 1789/2341/2564 297/940/2564 489/814/2564
f 1789/2341/2565 1791/2343/2565 490/815/2565 298/941/2565
f 1792/2344/2566 1793/2345/2566 165/848/2566 235/1940/2566
f 1793/2345/2567 1792/2344/2567 236/1941/2567 166/851/2567
f 1793/2345/2568 1794/2346/2568 347/2347/2568 165/848/2568
f 1794/2346/2569 1793/2345/2569 166/851/2569 348/2348/2569
f 1794/2346/2570 1792/2344/2570 235/1940/2570 347/2347/2570
f 1792/2344/2571 1794/2346/2571 348/2348/2571 236/1941/2571
f 1795/2349/2572 1796/2350/2572 347/2347/2572 235/1940/2572
f 1796/2350/2573 1795/2349/2573 236/1941/2573 348/2348/2573
f 1796/2350/2574 1797/2351/2574 9/1844/2574 347/2347/2574
f 1797/2351/2575 1796/2350/2575 348/2348/2575 10/1847/2575
f 1797/2351/2576 1795/2349/2576 235/1940/2576 9/1844/2576
f 1795/2349/2577 1797/2351/2577 10/1847/2577 236/1941/2577
f 1798/2352/2578 1799/2353/2578 447/828/2578 537/819/2578
f 1799/2353/2579 1798/2352/2579 538/820/2579 448/829/2579
f 1799/2353/2580 1800/2354/2580 213/818/2580 447/828/2580
f 1800/2354/2581 1799/2353/2581 448/829/2581 214/821/2581
f 1800/2354/2582 1798/2352/2582 537/819/2582 213/818/2582
f 1798/2352/2583 1800/2354/2583 214/821/2583 538/820/2583
f 1801/2355/2584 1802/2356/2584 445/827/2584 213/818/2584
f 1802/2356/2585 1801/2355/2585 214/821/2585 446/830/2585
f 1802/2356/2586 1803/2357/2586 339/834/2586 445/827/2586
f 1803/2357/2587 1802/2356/2587 446/830/2587 340/835/2587
f 1803/2357/2588 1801/2355/2588 213/818/2588 339/834/2588
f 1801/2355/2589 1803/2357/2589 340/835/2589 214/821/2589
f 1804/2358/2590 1805/2359/2590 339/834/2590 303/837/2590
f 1805/2359/2591 1804/2358/2591 304/838/2591 340/835/2591
f 1805/2359/2592 1806/2360/2592 121/841/2592 339/834/2592
f 1806/2360/2593 1805/2359/2593 340/835/2593 122/842/2593
f 1806/2360/2594 1804/2358/2594 303/837/2594 121/841/2594
f 1804/2358/2595 1806/2360/2595 122/842/2595 304/838/2595
f 1807/2361/2596 1808/2362/2596 121/841/2596 93/844/2596
f 1808/2362/2597 1807/2361/2597 94/845/2597 122/842/2597
f 1808/2362/2598 1809/2363/2598 469/1066/2598 121/841/2598
f 1809/2363/2599 1808/2362/2599 122/842/2599 470/1067/2599
f 1809/2363/2600 1807/2361/2600 93/844/2600 469/1066/2600
f 1807/2361/2601 1809/2363/2601 470/1067/2601 94/845/2601
f 1810/2364/2602 1811/2365/2602 15/857/2602 165/848/2602
f 1811/2365/2603 1810/2364/2603 166/851/2603 16/858/2603
f 1811/2365/2604 1812/2366/2604 347/2347/2604 15/857/2604
f 1812/2366/2605 1811/2365/2605 16/858/2605 348/2348/2605
f 1812/2366/2606 1810/2364/2606 165/848/2606 347/2347/2606
f 1810/2364/2607 1812/2366/2607 348/2348/2607 166/851/2607
f 1813/2367/2608 1814/2368/2608 797/2369/2608 795/2370/2608
f 1814/2368/2609 1813/2367/2609 796/2371/2609 798/2372/2609
f 1814/2368/2610 1815/2373/2610 305/1970/2610 797/2369/2610
f 1815/2373/2611 1814/2368/2611 798/2372/2611 306/1971/2611
f 1815/2373/2612 1813/2367/2612 795/2370/2612 305/1970/2612
f 1813/2367/2613 1815/2373/2613 306/1971/2613 796/2371/2613
f 1816/2374/2614 1817/2375/2614 305/1970/2614 813/2376/2614
f 1817/2375/2615 1816/2374/2615 814/2377/2615 306/1971/2615
f 1817/2375/2616 1818/2378/2616 797/2369/2616 305/1970/2616
f 1818/2378/2617 1817/2375/2617 306/1971/2617 798/2372/2617
f 1818/2378/2618 1816/2374/2618 813/2376/2618 797/2369/2618
f 1816/2374/2619 1818/2378/2619 798/2372/2619 814/2377/2619
f 1819/2379/2620 1820/2380/2620 305/1970/2620 823/2381/2620
f 1820/2380/2621 1819/2379/2621 824/2382/2621 306/1971/2621
f 1820/2380/2622 1821/2383/2622 813/2376/2622 305/1970/2622
f 1821/2383/2623 1820/2380/2623 306/1971/2623 814/2377/2623
f 1821/2383/2624 1819/2379/2624 823/2381/2624 813/2376/2624
f 1819/2379/2625 1821/2383/2625 814/2377/2625 824/2382/2625
f 1822/2384/2626 1823/2385/2626 823/2381/2626 305/1970/2626
f 1823/2385/2627 1822/2384/2627 306/1971/2627 824/2382/2627
f 1823/2385/2628 1824/2386/2628 833/2387/2628 823/2381/2628
f 1824/2386/2629 1823/2385/2629 824/2382/2629 834/2388/2629
f 1824/2386/2630 1822/2384/2630 305/1970/2630 833/2387/2630
f 1822/2384/2631 1824/2386/2631 834/2388/2631 306/1971/2631
f 1825/2389/2632 1826/2390/2632 253/862/2632 279/867/2632
f 1826/2390/2633 1825/2389/2633 280/868/2633 254/865/2633
f 1826/2390/2634 1827/2391/2634 277/1157/2634 253/862/2634
f 1827/2391/2635 1826/2390/2635 254/865/2635 278/1158/2635
f 1827/2391/2636 1825/2389/2636 279/867/2636 277/1157/2636
f 1825/2389/2637 1827/2391/2637 278/1158/2637 280/868/2637
f 1828/2392/2638 1829/2393/2638 253/862/2638 277/1157/2638
f 1829/2393/2639 1828/2392/2639 278/1158/2639 254/865/2639
f 1829/2393/2640 1830/2394/2640 109/1162/2640 253/862/2640
f 1830/2394/2641 1829/2393/2641 254/865/2641 110/1163/2641
f 1830/2394/2642 1828/2392/2642 277/1157/2642 109/1162/2642
f 1828/2392/2643 1830/2394/2643 110/1163/2643 278/1158/2643
f 1831/2395/2644 1832/2396/2644 229/876/2644 111/863/2644
f 1832/2396/2645 1831/2395/2645 112/864/2645 230/877/2645
f 1832/2396/2646 1833/2397/2646 253/862/2646 229/876/2646
f 1833/2397/2647 1832/2396/2647 230/877/2647 254/865/2647
f 1833/2397/2648 1831/2395/2648 111/863/2648 253/862/2648
f 1831/2395/2649 1833/2397/2649 254/865/2649 112/864/2649
f 1834/2398/2650 1835/2399/2650 407/2400/2650 197/2401/2650
f 1835/2399/2651 1834/2398/2651 198/2402/2651 408/2403/2651
f 1835/2399/2652 1836/2404/2652 25/1112/2652 407/2400/2652
f 1836/2404/2653 1835/2399/2653 408/2403/2653 26/1113/2653
f 1836/2404/2654 1837/2405/2654 381/1107/2654 25/1112/2654
f 1837/2405/2655 1836/2404/2655 26/1113/2655 382/1110/2655
f 1837/2405/2656 1834/2398/2656 197/2401/2656 381/1107/2656
f 1834/2398/2657 1837/2405/2657 382/1110/2657 198/2402/2657
f 1838/2406/2658 1839/2407/2658 395/888/2658 831/902/2658
f 1839/2407/2659 1838/2406/2659 832/903/2659 396/891/2659
f 1839/2407/2660 1840/2408/2660 849/2315/2660 395/888/2660
f 1840/2408/2661 1839/2407/2661 396/891/2661 850/2318/2661
f 1840/2408/2662 1838/2406/2662 831/902/2662 849/2315/2662
f 1838/2406/2663 1840/2408/2663 850/2318/2663 832/903/2663
f 1841/2409/2664 1842/2410/2664 829/905/2664 395/888/2664
f 1842/2410/2665 1841/2409/2665 396/891/2665 830/906/2665
f 1842/2410/2666 1843/2411/2666 859/2412/2666 829/905/2666
f 1843/2411/2667 1842/2410/2667 830/906/2667 860/2413/2667
f 1843/2411/2668 1841/2409/2668 395/888/2668 859/2412/2668
f 1841/2409/2669 1843/2411/2669 860/2413/2669 396/891/2669
f 1844/2414/2670 1845/2415/2670 341/2416/2670 137/909/2670
f 1845/2415/2671 1844/2414/2671 138/910/2671 342/2417/2671
f 1845/2415/2672 1846/2418/2672 189/776/2672 341/2416/2672
f 1846/2418/2673 1845/2415/2673 342/2417/2673 190/777/2673
f 1846/2418/2674 1844/2414/2674 137/909/2674 189/776/2674
f 1844/2414/2675 1846/2418/2675 190/777/2675 138/910/2675
f 1847/2419/2676 1848/2420/2676 341/2416/2676 1/2295/2676
f 1848/2420/2677 1847/2419/2677 2/2296/2677 342/2417/2677
f 1848/2420/2678 1849/2421/2678 401/1019/2678 341/2416/2678
f 1849/2421/2679 1848/2420/2679 342/2417/2679 402/1020/2679
f 1849/2421/2680 1847/2419/2680 1/2295/2680 401/1019/2680
f 1847/2419/2681 1849/2421/2681 402/1020/2681 2/2296/2681
f 1850/2422/2682 1851/2423/2682 189/776/2682 1/2295/2682
f 1851/2423/2683 1850/2422/2683 2/2296/2683 190/777/2683
f 1851/2423/2684 1852/2424/2684 341/2416/2684 189/776/2684
f 1852/2424/2685 1851/2423/2685 190/777/2685 342/2417/2685
f 1852/2424/2686 1850/2422/2686 1/2295/2686 341/2416/2686
f 1850/2422/2687 1852/2424/2687 342/2417/2687 2/2296/2687
f 1853/2425/2688 1854/2426/2688 499/923/2688 71/915/2688
f 1854/2426/2689 1853/2425/2689 72/916/2689 500/924/2689
f 1854/2426/2690 1855/2427/2690 397/914/2690 499/923/2690
f 1855/2427/2691 1854/2426/2691 500/924/2691 398/917/2691
f 1855/2427/2692 1853/2425/2692 71/915/2692 397/914/2692
f 1853/2425/2693 1855/2427/2693 398/917/2693 72/916/2693
f 1856/2428/2694 1857/2429/2694 295/810/2694 397/914/2694
f 1857/2429/2695 1856/2428/2695 398/917/2695 296/811/2695
f 1857/2429/2696 1858/2430/2696 297/940/2696 295/810/2696
f 1858/2430/2697 1857/2429/2697 296/811/2697 298/941/2697
f 1858/2430/2698 1856/2428/2698 397/914/2698 297/940/2698
f 1856/2428/2699 1858/2430/2699 298/941/2699 398/917/2699
f 1859/2431/2700 1860/2432/2700 355/1015/2700 157/960/2700
f 1860/2432/2701 1859/2431/2701 158/961/2701 356/1016/2701
f 1860/2432/2702 1861/2433/2702 401/959/2702 355/1015/2702
f 1861/2433/2703 1860/2432/2703 356/1016/2703 402/962/2703
f 1861/2433/2704 1859/2431/2704 157/960/2704 401/959/2704
f 1859/2431/2705 1861/2433/2705 402/962/2705 158/961/2705
f 1862/2434/2706 1863/2435/2706 301/1005/2706 409/1010/2706
f 1863/2435/2707 1862/2434/2707 410/1011/2707 302/1008/2707
f 1863/2435/2708 1864/2436/2708 105/966/2708 301/1005/2708
f 1864/2436/2709 1863/2435/2709 302/1008/2709 106/969/2709
f 1864/2436/2710 1862/2434/2710 409/1010/2710 105/966/2710
f 1862/2434/2711 1864/2436/2711 106/969/2711 410/1011/2711
f 1865/2437/2712 1866/2438/2712 405/990/2712 57/1142/2712
f 1866/2438/2713 1865/2437/2713 58/1143/2713 406/991/2713
f 1866/2438/2714 1867/2439/2714 379/1001/2714 405/990/2714
f 1867/2439/2715 1866/2438/2715 406/991/2715 380/1002/2715
f 1867/2439/2716 1865/2437/2716 57/1142/2716 379/1001/2716
f 1865/2437/2717 1867/2439/2717 380/1002/2717 58/1143/2717
f 1868/2440/2718 1869/2441/2718 405/990/2718 23/980/2718
f 1869/2441/2719 1868/2440/2719 24/983/2719 406/991/2719
f 1869/2441/2720 1870/2442/2720 57/1142/2720 405/990/2720
f 1870/2442/2721 1869/2441/2721 406/991/2721 58/1143/2721
f 1870/2442/2722 1868/2440/2722 23/980/2722 57/1142/2722
f 1868/2440/2723 1870/2442/2723 58/1143/2723 24/983/2723
f 1871/2443/2724 1872/2444/2724 405/990/2724 403/989/2724
f 1872/2444/2725 1871/2443/2725 404/992/2725 406/991/2725
f 1872/2444/2726 1873/2445/2726 23/980/2726 405/990/2726
f 1873/2445/2727 1872/2444/2727 406/991/2727 24/983/2727
f 1873/2445/2728 1871/2443/2728 403/989/2728 23/980/2728
f 1871/2443/2729 1873/2445/2729 24/983/2729 404/992/2729
f 1874/2446/2730 1875/2447/2730 403/989/2730 357/981/2730
f 1875/2447/2731 1874/2446/2731 358/982/2731 404/992/2731
f 1875/2447/2732 1876/2448/2732 23/980/2732 403/989/2732
f 1876/2448/2733 1875/2447/2733 404/992/2733 24/983/2733
f 1876/2448/2734 1874/2446/2734 357/981/2734 23/980/2734
f 1874/2446/2735 1876/2448/2735 24/983/2735 358/982/2735
f 1877/2449/2736 1878/2450/2736 405/990/2736 43/998/2736
f 1878/2450/2737 1877/2449/2737 44/999/2737 406/991/2737
f 1878/2450/2738 1879/2451/2738 443/994/2738 405/990/2738
f 1879/2451/2739 1878/2450/2739 406/991/2739 444/995/2739
f 1879/2451/2740 1877/2449/2740 43/998/2740 443/994/2740
f 1877/2449/2741 1879/2451/2741 444/995/2741 44/999/2741
f 1880/2452/2742 1881/2453/2742 407/2400/2742 19/1510/2742
f 1881/2453/2743 1880/2452/2743 20/1511/2743 408/2403/2743
f 1881/2453/2744 1882/2454/2744 95/1317/2744 407/2400/2744
f 1882/2454/2745 1881/2453/2745 408/2403/2745 96/1320/2745
f 1882/2454/2746 1880/2452/2746 19/1510/2746 95/1317/2746
f 1880/2452/2747 1882/2454/2747 96/1320/2747 20/1511/2747
f 1883/2455/2748 1884/2456/2748 19/1510/2748 63/1318/2748
f 1884/2456/2749 1883/2455/2749 64/1319/2749 20/1511/2749
f 1884/2456/2750 1885/2457/2750 95/1317/2750 19/1510/2750
f 1885/2457/2751 1884/2456/2751 20/1511/2751 96/1320/2751
f 1885/2457/2752 1883/2455/2752 63/1318/2752 95/1317/2752
f 1883/2455/2753 1885/2457/2753 96/1320/2753 64/1319/2753
f 1886/2458/2754 1887/2459/2754 407/2400/2754 503/1636/2754
f 1887/2459/2755 1886/2458/2755 504/1637/2755 408/2403/2755
f 1887/2459/2756 1888/2460/2756 19/1510/2756 407/2400/2756
f 1888/2460/2757 1887/2459/2757 408/2403/2757 20/1511/2757
f 1888/2460/2758 1886/2458/2758 503/1636/2758 19/1510/2758
f 1886/2458/2759 1888/2460/2759 20/1511/2759 504/1637/2759
f 1889/2461/2760 1890/2462/2760 327/1006/2760 411/1436/2760
f 1890/2462/2761 1889/2461/2761 412/1437/2761 328/1007/2761
f 1890/2462/2762 1891/2463/2762 409/1010/2762 327/1006/2762
f 1891/2463/2763 1890/2462/2763 328/1007/2763 410/1011/2763
f 1891/2463/2764 1892/2464/2764 17/1506/2764 409/1010/2764
f 1892/2464/2765 1891/2463/2765 410/1011/2765 18/1507/2765
f 1892/2464/2766 1889/2461/2766 411/1436/2766 17/1506/2766
f 1889/2461/2767 1892/2464/2767 18/1507/2767 412/1437/2767
f 1893/2465/2768 1894/2466/2768 95/1317/2768 553/2467/2768
f 1894/2466/2769 1893/2465/2769 554/2468/2769 96/1320/2769
f 1894/2466/2770 1895/2469/2770 197/2401/2770 95/1317/2770
f 1895/2469/2771 1894/2466/2771 96/1320/2771 198/2402/2771
f 1895/2469/2772 1893/2465/2772 553/2467/2772 197/2401/2772
f 1893/2465/2773 1895/2469/2773 198/2402/2773 554/2468/2773
f 1896/2470/2774 1897/2471/2774 407/2400/2774 95/1317/2774
f 1897/2471/2775 1896/2470/2775 96/1320/2775 408/2403/2775
f 1897/2471/2776 1898/2472/2776 197/2401/2776 407/2400/2776
f 1898/2472/2777 1897/2471/2777 408/2403/2777 198/2402/2777
f 1898/2472/2778 1896/2470/2778 95/1317/2778 197/2401/2778
f 1896/2470/2779 1898/2472/2779 198/2402/2779 96/1320/2779
f 1899/2473/2780 1900/2474/2780 355/1015/2780 413/1014/2780
f 1900/2474/2781 1899/2473/2781 414/1017/2781 356/1016/2781
f 1900/2474/2782 1901/2475/2782 77/1272/2782 355/1015/2782
f 1901/2475/2783 1900/2474/2783 356/1016/2783 78/1273/2783
f 1901/2475/2784 1902/2476/2784 143/1267/2784 77/1272/2784
f 1902/2476/2785 1901/2475/2785 78/1273/2785 144/1270/2785
f 1902/2476/2786 1899/2473/2786 413/1014/2786 143/1267/2786
f 1899/2473/2787 1902/2476/2787 144/1270/2787 414/1017/2787
f 1903/2477/2788 1904/2478/2788 325/1521/2788 411/1436/2788
f 1904/2478/2789 1903/2477/2789 412/1437/2789 326/1522/2789
f 1904/2478/2790 1905/2479/2790 327/1006/2790 325/1521/2790
f 1905/2479/2791 1904/2478/2791 326/1522/2791 328/1007/2791
f 1905/2479/2792 1903/2477/2792 411/1436/2792 327/1006/2792
f 1903/2477/2793 1905/2479/2793 328/1007/2793 412/1437/2793
f 1906/2480/2794 1907/2481/2794 413/1014/2794 401/1019/2794
f 1907/2481/2795 1906/2480/2795 402/1020/2795 414/1017/2795
f 1907/2481/2796 1908/2482/2796 1/2295/2796 413/1014/2796
f 1908/2482/2797 1907/2481/2797 414/1017/2797 2/2296/2797
f 1908/2482/2798 1906/2480/2798 401/1019/2798 1/2295/2798
f 1906/2480/2799 1908/2482/2799 2/2296/2799 402/1020/2799
f 1909/2483/2800 1910/2484/2800 419/1054/2800 281/1060/2800
f 1910/2484/2801 1909/2483/2801 282/1061/2801 420/1055/2801
f 1910/2484/2802 1911/2485/2802 7/771/2802 419/1054/2802
f 1911/2485/2803 1910/2484/2803 420/1055/2803 8/772/2803
f 1911/2485/2804 1912/2486/2804 139/780/2804 7/771/2804
f 1912/2486/2805 1911/2485/2805 8/772/2805 140/781/2805
f 1912/2486/2806 1909/2483/2806 281/1060/2806 139/780/2806
f 1909/2483/2807 1912/2486/2807 140/781/2807 282/1061/2807
f 1913/2487/2808 1914/2488/2808 55/1023/2808 415/1028/2808
f 1914/2488/2809 1913/2487/2809 416/1029/2809 56/1026/2809
f 1914/2488/2810 1915/2489/2810 13/759/2810 55/1023/2810
f 1915/2489/2811 1914/2488/2811 56/1026/2811 14/760/2811
f 1915/2489/2812 1913/2487/2812 415/1028/2812 13/759/2812
f 1913/2487/2813 1915/2489/2813 14/760/2813 416/1029/2813
f 1916/2490/2814 1917/2491/2814 209/1032/2814 229/876/2814
f 1917/2491/2815 1916/2490/2815 230/877/2815 210/1033/2815
f 1917/2491/2816 1918/2492/2816 5/883/2816 209/1032/2816
f 1918/2492/2817 1917/2491/2817 210/1033/2817 6/884/2817
f 1918/2492/2818 1916/2490/2818 229/876/2818 5/883/2818
f 1916/2490/2819 1918/2492/2819 6/884/2819 230/877/2819
f 1919/2493/2820 1920/2494/2820 3/736/2820 211/871/2820
f 1920/2494/2821 1919/2493/2821 212/874/2821 4/737/2821
f 1920/2494/2822 1921/2495/2822 209/1032/2822 3/736/2822
f 1921/2495/2823 1920/2494/2823 4/737/2823 210/1033/2823
f 1921/2495/2824 1919/2493/2824 211/871/2824 209/1032/2824
f 1919/2493/2825 1921/2495/2825 210/1033/2825 212/874/2825
f 1922/2496/2826 1923/2497/2826 321/809/2826 489/814/2826
f 1923/2497/2827 1922/2496/2827 490/815/2827 322/812/2827
f 1923/2497/2828 1924/2498/2828 485/743/2828 321/809/2828
f 1924/2498/2829 1923/2497/2829 322/812/2829 486/744/2829
f 1924/2498/2830 1922/2496/2830 489/814/2830 485/743/2830
f 1922/2496/2831 1924/2498/2831 486/744/2831 490/815/2831
f 1925/2499/2832 1926/2500/2832 7/771/2832 137/909/2832
f 1926/2500/2833 1925/2499/2833 138/910/2833 8/772/2833
f 1926/2500/2834 1927/2501/2834 419/1054/2834 7/771/2834
f 1927/2501/2835 1926/2500/2835 8/772/2835 420/1055/2835
f 1927/2501/2836 1925/2499/2836 137/909/2836 419/1054/2836
f 1925/2499/2837 1927/2501/2837 420/1055/2837 138/910/2837
f 1928/2502/2838 1929/2503/2838 39/1702/2838 345/1071/2838
f 1929/2503/2839 1928/2502/2839 346/1072/2839 40/1705/2839
f 1929/2503/2840 1930/2504/2840 883/2505/2840 39/1702/2840
f 1930/2504/2841 1929/2503/2841 40/1705/2841 884/2506/2841
f 1930/2504/2842 1931/2507/2842 869/2508/2842 883/2505/2842
f 1931/2507/2843 1930/2504/2843 884/2506/2843 870/2509/2843
f 1931/2507/2844 1932/2510/2844 841/1070/2844 869/2508/2844
f 1932/2510/2845 1931/2507/2845 870/2509/2845 842/1073/2845
f 1932/2510/2846 1928/2502/2846 345/1071/2846 841/1070/2846
f 1928/2502/2847 1932/2510/2847 842/1073/2847 346/1072/2847
f 1933/2511/2848 1934/2512/2848 161/1217/2848 339/834/2848
f 1934/2512/2849 1933/2511/2849 340/835/2849 162/1218/2849
f 1934/2512/2850 1935/2513/2850 121/841/2850 161/1217/2850
f 1935/2513/2851 1934/2512/2851 162/1218/2851 122/842/2851
f 1935/2513/2852 1933/2511/2852 339/834/2852 121/841/2852
f 1933/2511/2853 1935/2513/2853 122/842/2853 340/835/2853
f 1936/2514/2854 1937/2515/2854 163/1053/2854 137/909/2854
f 1937/2515/2855 1936/2514/2855 138/910/2855 164/1056/2855
f 1937/2515/2856 1938/2516/2856 469/1066/2856 163/1053/2856
f 1938/2516/2857 1937/2515/2857 164/1056/2857 470/1067/2857
f 1938/2516/2858 1936/2514/2858 137/909/2858 469/1066/2858
f 1936/2514/2859 1938/2516/2859 470/1067/2859 138/910/2859
f 1939/2517/2860 1940/2518/2860 137/909/2860 161/1217/2860
f 1940/2518/2861 1939/2517/2861 162/1218/2861 138/910/2861
f 1940/2518/2862 1941/2519/2862 469/1066/2862 137/909/2862
f 1941/2519/2863 1940/2518/2863 138/910/2863 470/1067/2863
f 1941/2519/2864 1939/2517/2864 161/1217/2864 469/1066/2864
f 1939/2517/2865 1941/2519/2865 470/1067/2865 162/1218/2865
f 1942/2520/2866 1943/2521/2866 161/1217/2866 121/841/2866
f 1943/2521/2867 1942/2520/2867 122/842/2867 162/1218/2867
f 1943/2521/2868 1944/2522/2868 469/1066/2868 161/1217/2868
f 1944/2522/2869 1943/2521/2869 162/1218/2869 470/1067/2869
f 1944/2522/2870 1942/2520/2870 121/841/2870 469/1066/2870
f 1942/2520/2871 1944/2522/2871 470/1067/2871 122/842/2871
f 1945/2523/2872 1946/2524/2872 39/1702/2872 541/2525/2872
f 1946/2524/2873 1945/2523/2873 542/2526/2873 40/1705/2873
f 1946/2524/2874 1947/2527/2874 345/1071/2874 39/1702/2874
f 1947/2527/2875 1946/2524/2875 40/1705/2875 346/1072/2875
f 1947/2527/2876 1945/2523/2876 541/2525/2876 345/1071/2876
f 1945/2523/2877 1947/2527/2877 346/1072/2877 542/2526/2877
f 1948/2528/2878 1949/2529/2878 39/1702/2878 883/2505/2878
f 1949/2529/2879 1948/2528/2879 884/2506/2879 40/1705/2879
f 1949/2529/2880 1950/2530/2880 895/1703/2880 39/1702/2880
f 1950/2530/2881 1949/2529/2881 40/1705/2881 896/1704/2881
f 1950/2530/2882 1948/2528/2882 883/2505/2882 895/1703/2882
f 1948/2528/2883 1950/2530/2883 896/1704/2883 884/2506/2883
f 1951/2531/2884 1952/2532/2884 147/2533/2884 45/1415/2884
f 1952/2532/2885 1951/2531/2885 46/1416/2885 148/2534/2885
f 1952/2532/2886 1953/2535/2886 421/1082/2886 147/2533/2886
f 1953/2535/2887 1952/2532/2887 148/2534/2887 422/1083/2887
f 1953/2535/2888 1954/2536/2888 423/1079/2888 421/1082/2888
f 1954/2536/2889 1953/2535/2889 422/1083/2889 424/1080/2889
f 1954/2536/2890 1951/2531/2890 45/1415/2890 423/1079/2890
f 1951/2531/2891 1954/2536/2891 424/1080/2891 46/1416/2891
f 1955/2537/2892 1956/2538/2892 875/2015/2892 845/1075/2892
f 1956/2538/2893 1955/2537/2893 846/1076/2893 876/2016/2893
f 1956/2538/2894 1957/2539/2894 345/1071/2894 875/2015/2894
f 1957/2539/2895 1956/2538/2895 876/2016/2895 346/1072/2895
f 1957/2539/2896 1955/2537/2896 845/1075/2896 345/1071/2896
f 1955/2537/2897 1957/2539/2897 346/1072/2897 846/1076/2897
f 1958/2540/2898 1959/2541/2898 231/872/2898 101/1391/2898
f 1959/2541/2899 1958/2540/2899 102/1392/2899 232/873/2899
f 1959/2541/2900 1960/2542/2900 421/1082/2900 231/872/2900
f 1960/2542/2901 1959/2541/2901 232/873/2901 422/1083/2901
f 1960/2542/2902 1958/2540/2902 101/1391/2902 421/1082/2902
f 1958/2540/2903 1960/2542/2903 422/1083/2903 102/1392/2903
f 1961/2543/2904 1962/2544/2904 111/863/2904 231/872/2904
f 1962/2544/2905 1961/2543/2905 232/873/2905 112/864/2905
f 1962/2544/2906 1963/2545/2906 423/1079/2906 111/863/2906
f 1963/2545/2907 1962/2544/2907 112/864/2907 424/1080/2907
f 1963/2545/2908 1961/2543/2908 231/872/2908 423/1079/2908
f 1961/2543/2909 1963/2545/2909 424/1080/2909 232/873/2909
f 1964/2546/2910 1965/2547/2910 279/867/2910 111/863/2910
f 1965/2547/2911 1964/2546/2911 112/864/2911 280/868/2911
f 1965/2547/2912 1966/2548/2912 423/1079/2912 279/867/2912
f 1966/2548/2913 1965/2547/2913 280/868/2913 424/1080/2913
f 1966/2548/2914 1964/2546/2914 111/863/2914 423/1079/2914
f 1964/2546/2915 1966/2548/2915 424/1080/2915 112/864/2915
f 1967/2549/2916 1968/2550/2916 427/1101/2916 425/1092/2916
f 1968/2550/2917 1967/2549/2917 426/1093/2917 428/1102/2917
f 1968/2550/2918 1969/2551/2918 495/1091/2918 427/1101/2918
f 1969/2551/2919 1968/2550/2919 428/1102/2919 496/1094/2919
f 1969/2551/2920 1967/2549/2920 425/1092/2920 495/1091/2920
f 1967/2549/2921 1969/2551/2921 496/1094/2921 426/1093/2921
f 1970/2552/2922 1971/2553/2922 87/1610/2922 425/1092/2922
f 1971/2553/2923 1970/2552/2923 426/1093/2923 88/1611/2923
f 1971/2553/2924 1972/2554/2924 427/1101/2924 87/1610/2924
f 1972/2554/2925 1971/2553/2925 88/1611/2925 428/1102/2925
f 1972/2554/2926 1970/2552/2926 425/1092/2926 427/1101/2926
f 1970/2552/2927 1972/2554/2927 428/1102/2927 426/1093/2927
f 1973/2555/2928 1974/2556/2928 431/1116/2928 103/1121/2928
f 1974/2556/2929 1973/2555/2929 104/1122/2929 432/1119/2929
f 1974/2556/2930 1975/2557/2930 433/1108/2930 431/1116/2930
f 1975/2557/2931 1974/2556/2931 432/1119/2931 434/1109/2931
f 1975/2557/2932 1973/2555/2932 103/1121/2932 433/1108/2932
f 1973/2555/2933 1975/2557/2933 434/1109/2933 104/1122/2933
f 1976/2558/2934 1977/2559/2934 93/844/2934 453/1575/2934
f 1977/2559/2935 1976/2558/2935 454/1576/2935 94/845/2935
f 1977/2559/2936 1978/2560/2936 429/1117/2936 93/844/2936
f 1978/2560/2937 1977/2559/2937 94/845/2937 430/1118/2937
f 1978/2560/2938 1976/2558/2938 453/1575/2938 429/1117/2938
f 1976/2558/2939 1978/2560/2939 430/1118/2939 454/1576/2939
f 1979/2561/2940 1980/2562/2940 429/1117/2940 97/1367/2940
f 1980/2562/2941 1979/2561/2941 98/1368/2941 430/1118/2941
f 1980/2562/2942 1981/2563/2942 469/1066/2942 429/1117/2942
f 1981/2563/2943 1980/2562/2943 430/1118/2943 470/1067/2943
f 1981/2563/2944 1979/2561/2944 97/1367/2944 469/1066/2944
f 1979/2561/2945 1981/2563/2945 470/1067/2945 98/1368/2945
f 1982/2564/2946 1983/2565/2946 431/1116/2946 97/1367/2946
f 1983/2565/2947 1982/2564/2947 98/1368/2947 432/1119/2947
f 1983/2565/2948 1984/2566/2948 429/1117/2948 431/1116/2948
f 1984/2566/2949 1983/2565/2949 432/1119/2949 430/1118/2949
f 1984/2566/2950 1982/2564/2950 97/1367/2950 429/1117/2950
f 1982/2564/2951 1984/2566/2951 430/1118/2951 98/1368/2951
f 1985/2567/2952 1986/2568/2952 431/1116/2952 559/2569/2952
f 1986/2568/2953 1985/2567/2953 560/2570/2953 432/1119/2953
f 1986/2568/2954 1987/2571/2954 97/1367/2954 431/1116/2954
f 1987/2571/2955 1986/2568/2955 432/1119/2955 98/1368/2955
f 1987/2571/2956 1985/2567/2956 559/2569/2956 97/1367/2956
f 1985/2567/2957 1987/2571/2957 98/1368/2957 560/2570/2957
f 1988/2572/2958 1989/2573/2958 431/1116/2958 433/1108/2958
f 1989/2573/2959 1988/2572/2959 434/1109/2959 432/1119/2959
f 1989/2573/2960 1990/2574/2960 59/2575/2960 431/1116/2960
f 1990/2574/2961 1989/2573/2961 432/1119/2961 60/2576/2961
f 1990/2574/2962 1988/2572/2962 433/1108/2962 59/2575/2962
f 1988/2572/2963 1990/2574/2963 60/2576/2963 434/1109/2963
f 1991/2577/2964 1992/2578/2964 435/1135/2964 151/1129/2964
f 1992/2578/2965 1991/2577/2965 152/1130/2965 436/1138/2965
f 1992/2578/2966 1993/2579/2966 289/1128/2966 435/1135/2966
f 1993/2579/2967 1992/2578/2967 436/1138/2967 290/1131/2967
f 1993/2579/2968 1991/2577/2968 151/1129/2968 289/1128/2968
f 1991/2577/2969 1993/2579/2969 290/1131/2969 152/1130/2969
f 1994/2580/2970 1995/2581/2970 295/2582/2970 151/1129/2970
f 1995/2581/2971 1994/2580/2971 152/1130/2971 296/2583/2971
f 1995/2581/2972 1996/2584/2972 153/1136/2972 295/2582/2972
f 1996/2584/2973 1995/2581/2973 296/2583/2973 154/1137/2973
f 1996/2584/2974 1994/2580/2974 151/1129/2974 153/1136/2974
f 1994/2580/2975 1996/2584/2975 154/1137/2975 152/1130/2975
f 1997/2585/2976 1998/2586/2976 435/1135/2976 23/980/2976
f 1998/2586/2977 1997/2585/2977 24/983/2977 436/1138/2977
f 1998/2586/2978 1999/2587/2978 153/1136/2978 435/1135/2978
f 1999/2587/2979 1998/2586/2979 436/1138/2979 154/1137/2979
f 1999/2587/2980 1997/2585/2980 23/980/2980 153/1136/2980
f 1997/2585/2981 1999/2587/2981 154/1137/2981 24/983/2981
f 2000/2588/2982 2001/2589/2982 199/1152/2982 49/2590/2982
f 2001/2589/2983 2000/2588/2983 50/2591/2983 200/1153/2983
f 2001/2589/2984 2002/2592/2984 573/1147/2984 199/1152/2984
f 2002/2592/2985 2001/2589/2985 200/1153/2985 574/1148/2985
f 2002/2592/2986 2000/2588/2986 49/2590/2986 573/1147/2986
f 2000/2588/2987 2002/2592/2987 574/1148/2987 50/2591/2987
f 2003/2593/2988 2004/2594/2988 435/1135/2988 289/1128/2988
f 2004/2594/2989 2003/2593/2989 290/1131/2989 436/1138/2989
f 2004/2594/2990 2005/2595/2990 199/1152/2990 435/1135/2990
f 2005/2595/2991 2004/2594/2991 436/1138/2991 200/1153/2991
f 2005/2595/2992 2003/2593/2992 289/1128/2992 199/1152/2992
f 2003/2593/2993 2005/2595/2993 200/1153/2993 290/1131/2993
f 2006/2596/2994 2007/2597/2994 219/1550/2994 437/1086/2994
f 2007/2597/2995 2006/2596/2995 438/1087/2995 220/1551/2995
f 2007/2597/2996 2008/2598/2996 99/1554/2996 219/1550/2996
f 2008/2598/2997 2007/2597/2997 220/1551/2997 100/1555/2997
f 2008/2598/2998 2006/2596/2998 437/1086/2998 99/1554/2998
f 2006/2596/2999 2008/2598/2999 100/1555/2999 438/1087/2999
f 2009/2599/3000 2010/2600/3000 277/1157/3000 437/1086/3000
f 2010/2600/3001 2009/2599/3001 438/1087/3001 278/1158/3001
f 2010/2600/3002 2011/2601/3002 219/1550/3002 277/1157/3002
f 2011/2601/3003 2010/2600/3003 278/1158/3003 220/1551/3003
f 2011/2601/3004 2009/2599/3004 437/1086/3004 219/1550/3004
f 2009/2599/3005 2011/2601/3005 220/1551/3005 438/1087/3005
f 2012/2602/3006 2013/2603/3006 277/1157/3006 219/1550/3006
f 2013/2603/3007 2012/2602/3007 220/1551/3007 278/1158/3007
f 2013/2603/3008 2014/2604/3008 291/1165/3008 277/1157/3008
f 2014/2604/3009 2013/2603/3009 278/1158/3009 292/1166/3009
f 2014/2604/3010 2012/2602/3010 219/1550/3010 291/1165/3010
f 2012/2602/3011 2014/2604/3011 292/1166/3011 220/1551/3011
f 2015/2605/3012 2016/2606/3012 439/945/3012 5/883/3012
f 2016/2606/3013 2015/2605/3013 6/884/3013 440/948/3013
f 2016/2606/3014 2017/2607/3014 109/1162/3014 439/945/3014
f 2017/2607/3015 2016/2606/3015 440/948/3015 110/1163/3015
f 2017/2607/3016 2015/2605/3016 5/883/3016 109/1162/3016
f 2015/2605/3017 2017/2607/3017 110/1163/3017 6/884/3017
f 2018/2608/3018 2019/2609/3018 439/945/3018 383/2610/3018
f 2019/2609/3019 2018/2608/3019 384/2611/3019 440/948/3019
f 2019/2609/3020 2020/2612/3020 5/883/3020 439/945/3020
f 2020/2612/3021 2019/2609/3021 440/948/3021 6/884/3021
f 2020/2612/3022 2018/2608/3022 383/2610/3022 5/883/3022
f 2018/2608/3023 2020/2612/3023 6/884/3023 384/2611/3023
f 2021/2613/3024 2022/2614/3024 439/945/3024 349/950/3024
f 2022/2614/3025 2021/2613/3025 350/951/3025 440/948/3025
f 2022/2614/3026 2023/2615/3026 267/1284/3026 439/945/3026
f 2023/2615/3027 2022/2614/3027 440/948/3027 268/1285/3027
f 2023/2615/3028 2021/2613/3028 349/950/3028 267/1284/3028
f 2021/2613/3029 2023/2615/3029 268/1285/3029 350/951/3029
f 2024/2616/3030 2025/2617/3030 63/1318/3030 441/1201/3030
f 2025/2617/3031 2024/2616/3031 442/1202/3031 64/1319/3031
f 2025/2617/3032 2026/2618/3032 457/1210/3032 63/1318/3032
f 2026/2618/3033 2025/2617/3033 64/1319/3033 458/1211/3033
f 2026/2618/3034 2024/2616/3034 441/1201/3034 457/1210/3034
f 2024/2616/3035 2026/2618/3035 458/1211/3035 442/1202/3035
f 2027/2619/3036 2028/2620/3036 341/2416/3036 401/959/3036
f 2028/2620/3037 2027/2619/3037 402/962/3037 342/2417/3037
f 2028/2620/3038 2029/2621/3038 447/828/3038 341/2416/3038
f 2029/2621/3039 2028/2620/3039 342/2417/3039 448/829/3039
f 2029/2621/3040 2027/2619/3040 401/959/3040 447/828/3040
f 2027/2619/3041 2029/2621/3041 448/829/3041 402/962/3041
f 2030/2622/3042 2031/2623/3042 445/827/3042 137/909/3042
f 2031/2623/3043 2030/2622/3043 138/910/3043 446/830/3043
f 2031/2623/3044 2032/2624/3044 341/2416/3044 445/827/3044
f 2032/2624/3045 2031/2623/3045 446/830/3045 342/2417/3045
f 2032/2624/3046 2030/2622/3046 137/909/3046 341/2416/3046
f 2030/2622/3047 2032/2624/3047 342/2417/3047 138/910/3047
f 2033/2625/3048 2034/2626/3048 447/828/3048 445/827/3048
f 2034/2626/3049 2033/2625/3049 446/830/3049 448/829/3049
f 2034/2626/3050 2035/2627/3050 341/2416/3050 447/828/3050
f 2035/2627/3051 2034/2626/3051 448/829/3051 342/2417/3051
f 2035/2627/3052 2033/2625/3052 445/827/3052 341/2416/3052
f 2033/2625/3053 2035/2627/3053 342/2417/3053 446/830/3053
f 2036/2628/3054 2037/2629/3054 449/1249/3054 915/2630/3054
f 2037/2629/3055 2036/2628/3055 916/2631/3055 450/1250/3055
f 2037/2629/3056 2038/2632/3056 395/888/3056 449/1249/3056
f 2038/2632/3057 2037/2629/3057 450/1250/3057 396/891/3057
f 2038/2632/3058 2039/2633/3058 859/2412/3058 395/888/3058
f 2039/2633/3059 2038/2632/3059 396/891/3059 860/2413/3059
f 2039/2633/3060 2036/2628/3060 915/2630/3060 859/2412/3060
f 2036/2628/3061 2039/2633/3061 860/2413/3061 916/2631/3061
f 2040/2634/3062 2041/2635/3062 261/751/3062 143/750/3062
f 2041/2635/3063 2040/2634/3063 144/753/3063 262/752/3063
f 2041/2635/3064 2042/2636/3064 287/726/3064 261/751/3064
f 2042/2636/3065 2041/2635/3065 262/752/3065 288/727/3065
f 2042/2636/3066 2040/2634/3066 143/750/3066 287/726/3066
f 2040/2634/3067 2042/2636/3067 288/727/3067 144/753/3067
f 2043/2637/3068 2044/2638/3068 311/1238/3068 235/1940/3068
f 2044/2638/3069 2043/2637/3069 236/1941/3069 312/1239/3069
f 2044/2638/3070 2045/2639/3070 165/848/3070 311/1238/3070
f 2045/2639/3071 2044/2638/3071 312/1239/3071 166/851/3071
f 2045/2639/3072 2043/2637/3072 235/1940/3072 165/848/3072
f 2043/2637/3073 2045/2639/3073 166/851/3073 236/1941/3073
f 2046/2640/3074 2047/2641/3074 221/1243/3074 349/950/3074
f 2047/2641/3075 2046/2640/3075 350/951/3075 222/1244/3075
f 2047/2641/3076 2048/2642/3076 11/955/3076 221/1243/3076
f 2048/2642/3077 2047/2641/3077 222/1244/3077 12/956/3077
f 2048/2642/3078 2046/2640/3078 349/950/3078 11/955/3078
f 2046/2640/3079 2048/2642/3079 12/956/3079 350/951/3079
f 2049/2643/3080 2050/2644/3080 925/2645/3080 449/1249/3080
f 2050/2644/3081 2049/2643/3081 450/1250/3081 926/2646/3081
f 2050/2644/3082 2051/2647/3082 923/2648/3082 925/2645/3082
f 2051/2647/3083 2050/2644/3083 926/2646/3083 924/2649/3083
f 2051/2647/3084 2052/2650/3084 805/2651/3084 923/2648/3084
f 2052/2650/3085 2051/2647/3085 924/2649/3085 806/2652/3085
f 2052/2650/3086 2053/2653/3086 305/1970/3086 805/2651/3086
f 2053/2653/3087 2052/2650/3087 806/2652/3087 306/1971/3087
f 2053/2653/3088 2049/2643/3088 449/1249/3088 305/1970/3088
f 2049/2643/3089 2053/2653/3089 306/1971/3089 450/1250/3089
f 2054/2654/3090 2055/2655/3090 927/2656/3090 915/2630/3090
f 2055/2655/3091 2054/2654/3091 916/2631/3091 928/2657/3091
f 2055/2655/3092 2056/2658/3092 449/1249/3092 927/2656/3092
f 2056/2658/3093 2055/2655/3093 928/2657/3093 450/1250/3093
f 2056/2658/3094 2054/2654/3094 915/2630/3094 449/1249/3094
f 2054/2654/3095 2056/2658/3095 450/1250/3095 916/2631/3095
f 2057/2659/3096 2058/2660/3096 929/2661/3096 927/2656/3096
f 2058/2660/3097 2057/2659/3097 928/2657/3097 930/2662/3097
f 2058/2660/3098 2059/2663/3098 449/1249/3098 929/2661/3098
f 2059/2663/3099 2058/2660/3099 930/2662/3099 450/1250/3099
f 2059/2663/3100 2057/2659/3100 927/2656/3100 449/1249/3100
f 2057/2659/3101 2059/2663/3101 450/1250/3101 928/2657/3101
f 2060/2664/3102 2061/2665/3102 931/2666/3102 929/2661/3102
f 2061/2665/3103 2060/2664/3103 930/2662/3103 932/2667/3103
f 2061/2665/3104 2062/2668/3104 449/1249/3104 931/2666/3104
f 2062/2668/3105 2061/2665/3105 932/2667/3105 450/1250/3105
f 2062/2668/3106 2060/2664/3106 929/2661/3106 449/1249/3106
f 2060/2664/3107 2062/2668/3107 450/1250/3107 930/2662/3107
f 2063/2669/3108 2064/2670/3108 933/2671/3108 931/2666/3108
f 2064/2670/3109 2063/2669/3109 932/2667/3109 934/2672/3109
f 2064/2670/3110 2065/2673/3110 449/1249/3110 933/2671/3110
f 2065/2673/3111 2064/2670/3111 934/2672/3111 450/1250/3111
f 2065/2673/3112 2063/2669/3112 931/2666/3112 449/1249/3112
f 2063/2669/3113 2065/2673/3113 450/1250/3113 932/2667/3113
f 2066/2674/3114 2067/2675/3114 925/2645/3114 933/2671/3114
f 2067/2675/3115 2066/2674/3115 934/2672/3115 926/2646/3115
f 2067/2675/3116 2068/2676/3116 449/1249/3116 925/2645/3116
f 2068/2676/3117 2067/2675/3117 926/2646/3117 450/1250/3117
f 2068/2676/3118 2066/2674/3118 933/2671/3118 449/1249/3118
f 2066/2674/3119 2068/2676/3119 450/1250/3119 934/2672/3119
f 2069/2677/3120 2070/2678/3120 783/2679/3120 789/2680/3120
f 2070/2678/3121 2069/2677/3121 790/2681/3121 784/2682/3121
f 2070/2678/3122 2071/2683/3122 223/1892/3122 783/2679/3122
f 2071/2683/3123 2070/2678/3123 784/2682/3123 224/1893/3123
f 2071/2683/3124 2072/2684/3124 345/1071/3124 223/1892/3124
f 2072/2684/3125 2071/2683/3125 224/1893/3125 346/1072/3125
f 2072/2684/3126 2073/2685/3126 901/2686/3126 345/1071/3126
f 2073/2685/3127 2072/2684/3127 346/1072/3127 902/2687/3127
f 2073/2685/3128 2069/2677/3128 789/2680/3128 901/2686/3128
f 2069/2677/3129 2073/2685/3129 902/2687/3129 790/2681/3129
f 2074/2688/3130 2075/2689/3130 795/2370/3130 805/2651/3130
f 2075/2689/3131 2074/2688/3131 806/2652/3131 796/2371/3131
f 2075/2689/3132 2076/2690/3132 305/1970/3132 795/2370/3132
f 2076/2690/3133 2075/2689/3133 796/2371/3133 306/1971/3133
f 2076/2690/3134 2074/2688/3134 805/2651/3134 305/1970/3134
f 2074/2688/3135 2076/2690/3135 306/1971/3135 806/2652/3135
f 2077/2691/3136 2078/2692/3136 449/1249/3136 245/1253/3136
f 2078/2692/3137 2077/2691/3137 246/1254/3137 450/1250/3137
f 2078/2692/3138 2079/2693/3138 305/1970/3138 449/1249/3138
f 2079/2693/3139 2078/2692/3139 450/1250/3139 306/1971/3139
f 2079/2693/3140 2077/2691/3140 245/1253/3140 305/1970/3140
f 2077/2691/3141 2079/2693/3141 306/1971/3141 246/1254/3141
f 2080/2694/3142 2081/2695/3142 261/751/3142 391/730/3142
f 2081/2695/3143 2080/2694/3143 392/731/3143 262/752/3143
f 2081/2695/3144 2082/2696/3144 451/2697/3144 261/751/3144
f 2082/2696/3145 2081/2695/3145 262/752/3145 452/2698/3145
f 2082/2696/3146 2083/2699/3146 417/1043/3146 451/2697/3146
f 2083/2699/3147 2082/2696/3147 452/2698/3147 418/1044/3147
f 2083/2699/3148 2080/2694/3148 391/730/3148 417/1043/3148
f 2080/2694/3149 2083/2699/3149 418/1044/3149 392/731/3149
f 2084/2700/3150 2085/2701/3150 821/2702/3150 783/2679/3150
f 2085/2701/3151 2084/2700/3151 784/2682/3151 822/2703/3151
f 2085/2701/3152 2086/2704/3152 223/1892/3152 821/2702/3152
f 2086/2704/3153 2085/2701/3153 822/2703/3153 224/1893/3153
f 2086/2704/3154 2084/2700/3154 783/2679/3154 223/1892/3154
f 2084/2700/3155 2086/2704/3155 224/1893/3155 784/2682/3155
f 2087/2705/3156 2088/2706/3156 223/1892/3156 837/2707/3156
f 2088/2706/3157 2087/2705/3157 838/2708/3157 224/1893/3157
f 2088/2706/3158 2089/2709/3158 821/2702/3158 223/1892/3158
f 2089/2709/3159 2088/2706/3159 224/1893/3159 822/2703/3159
f 2089/2709/3160 2087/2705/3160 837/2707/3160 821/2702/3160
f 2087/2705/3161 2089/2709/3161 822/2703/3161 838/2708/3161
f 2090/2710/3162 2091/2711/3162 223/1892/3162 855/2712/3162
f 2091/2711/3163 2090/2710/3163 856/2713/3163 224/1893/3163
f 2091/2711/3164 2092/2714/3164 837/2707/3164 223/1892/3164
f 2092/2714/3165 2091/2711/3165 224/1893/3165 838/2708/3165
f 2092/2714/3166 2090/2710/3166 855/2712/3166 837/2707/3166
f 2090/2710/3167 2092/2714/3167 838/2708/3167 856/2713/3167
f 2093/2715/3168 2094/2716/3168 223/897/3168 867/2717/3168
f 2094/2716/3169 2093/2715/3169 868/2718/3169 224/898/3169
f 2094/2716/3170 2095/2719/3170 855/2720/3170 223/897/3170
f 2095/2719/3171 2094/2716/3171 224/898/3171 856/2721/3171
f 2095/2719/3172 2093/2715/3172 867/2717/3172 855/2720/3172
f 2093/2715/3173 2095/2719/3173 856/2721/3173 868/2718/3173
f 2096/2722/3174 2097/2723/3174 223/897/3174 879/2724/3174
f 2097/2723/3175 2096/2722/3175 880/2725/3175 224/898/3175
f 2097/2723/3176 2098/2726/3176 867/2717/3176 223/897/3176
f 2098/2726/3177 2097/2723/3177 224/898/3177 868/2718/3177
f 2098/2726/3178 2096/2722/3178 879/2724/3178 867/2717/3178
f 2096/2722/3179 2098/2726/3179 868/2718/3179 880/2725/3179
f 2099/2727/3180 2100/2728/3180 879/2724/3180 223/897/3180
f 2100/2728/3181 2099/2727/3181 224/898/3181 880/2725/3181
f 2100/2728/3182 2101/2729/3182 891/2730/3182 879/2724/3182
f 2101/2729/3183 2100/2728/3183 880/2725/3183 892/2731/3183
f 2101/2729/3184 2099/2727/3184 223/897/3184 891/2730/3184
f 2099/2727/3185 2101/2729/3185 892/2731/3185 224/898/3185
f 2102/2732/3186 2103/2733/3186 891/2730/3186 223/897/3186
f 2103/2733/3187 2102/2732/3187 224/898/3187 892/2731/3187
f 2103/2733/3188 2104/2734/3188 899/2322/3188 891/2730/3188
f 2104/2734/3189 2103/2733/3189 892/2731/3189 900/2323/3189
f 2104/2734/3190 2102/2732/3190 223/897/3190 899/2322/3190
f 2102/2732/3191 2104/2734/3191 900/2323/3191 224/898/3191
f 2105/2735/3192 2106/2736/3192 259/2737/3192 347/2347/3192
f 2106/2736/3193 2105/2735/3193 348/2348/3193 260/2738/3193
f 2106/2736/3194 2107/2739/3194 9/1844/3194 259/2737/3194
f 2107/2739/3195 2106/2736/3195 260/2738/3195 10/1847/3195
f 2107/2739/3196 2105/2735/3196 347/2347/3196 9/1844/3196
f 2105/2735/3197 2107/2739/3197 10/1847/3197 348/2348/3197
f 2108/2740/3198 2109/2741/3198 391/730/3198 261/751/3198
f 2109/2741/3199 2108/2740/3199 262/752/3199 392/731/3199
f 2109/2741/3200 2110/2742/3200 287/726/3200 391/730/3200
f 2110/2742/3201 2109/2741/3201 392/731/3201 288/727/3201
f 2110/2742/3202 2108/2740/3202 261/751/3202 287/726/3202
f 2108/2740/3203 2110/2742/3203 288/727/3203 262/752/3203
f 2111/2743/3204 2112/2744/3204 145/1182/3204 265/849/3204
f 2112/2744/3205 2111/2743/3205 266/850/3205 146/1183/3205
f 2112/2744/3206 2113/2745/3206 15/857/3206 145/1182/3206
f 2113/2745/3207 2112/2744/3207 146/1183/3207 16/858/3207
f 2113/2745/3208 2111/2743/3208 265/849/3208 15/857/3208
f 2111/2743/3209 2113/2745/3209 16/858/3209 266/850/3209
f 2114/2746/3210 2115/2747/3210 145/1182/3210 15/857/3210
f 2115/2747/3211 2114/2746/3211 16/858/3211 146/1183/3211
f 2115/2747/3212 2116/2748/3212 355/2749/3212 145/1182/3212
f 2116/2748/3213 2115/2747/3213 146/1183/3213 356/2750/3213
f 2116/2748/3214 2114/2746/3214 15/857/3214 355/2749/3214
f 2114/2746/3215 2116/2748/3215 356/2750/3215 16/858/3215
f 2117/2751/3216 2118/2752/3216 415/1028/3216 145/1182/3216
f 2118/2752/3217 2117/2751/3217 146/1183/3217 416/1029/3217
f 2118/2752/3218 2119/2753/3218 355/2749/3218 415/1028/3218
f 2119/2753/3219 2118/2752/3219 416/1029/3219 356/2750/3219
f 2119/2753/3220 2117/2751/3220 145/1182/3220 355/2749/3220
f 2117/2751/3221 2119/2753/3221 356/2750/3221 146/1183/3221
f 2120/2754/3222 2121/2755/3222 355/2749/3222 15/857/3222
f 2121/2755/3223 2120/2754/3223 16/858/3223 356/2750/3223
f 2121/2755/3224 2122/2756/3224 181/2757/3224 355/2749/3224
f 2122/2756/3225 2121/2755/3225 356/2750/3225 182/2758/3225
f 2122/2756/3226 2120/2754/3226 15/857/3226 181/2757/3226
f 2120/2754/3227 2122/2756/3227 182/2758/3227 16/858/3227
f 2123/2759/3228 2124/2760/3228 267/1284/3228 131/1170/3228
f 2124/2760/3229 2123/2759/3229 132/1171/3229 268/1285/3229
f 2124/2760/3230 2125/2761/3230 191/1038/3230 267/1284/3230
f 2125/2761/3231 2124/2760/3231 268/1285/3231 192/1039/3231
f 2125/2761/3232 2123/2759/3232 131/1170/3232 191/1038/3232
f 2123/2759/3233 2125/2761/3233 192/1039/3233 132/1171/3233
f 2126/2762/3234 2127/2763/3234 383/1174/3234 267/1284/3234
f 2127/2763/3235 2126/2762/3235 268/1285/3235 384/1175/3235
f 2127/2763/3236 2128/2764/3236 191/1038/3236 383/1174/3236
f 2128/2764/3237 2127/2763/3237 384/1175/3237 192/1039/3237
f 2128/2764/3238 2126/2762/3238 267/1284/3238 191/1038/3238
f 2126/2762/3239 2128/2764/3239 192/1039/3239 268/1285/3239
f 2129/2765/3240 2130/2766/3240 233/853/3240 131/1170/3240
f 2130/2766/3241 2129/2765/3241 132/1171/3241 234/854/3241
f 2130/2766/3242 2131/2767/3242 267/1284/3242 233/853/3242
f 2131/2767/3243 2130/2766/3243 234/854/3243 268/1285/3243
f 2131/2767/3244 2129/2765/3244 131/1170/3244 267/1284/3244
f 2129/2765/3245 2131/2767/3245 268/1285/3245 132/1171/3245
f 2132/2768/3246 2133/2769/3246 383/2610/3246 439/945/3246
f 2133/2769/3247 2132/2768/3247 440/948/3247 384/2611/3247
f 2133/2769/3248 2134/2770/3248 267/1284/3248 383/2610/3248
f 2134/2770/3249 2133/2769/3249 384/2611/3249 268/1285/3249
f 2134/2770/3250 2132/2768/3250 439/945/3250 267/1284/3250
f 2132/2768/3251 2134/2770/3251 268/1285/3251 440/948/3251
f 2135/2771/3252 2136/2772/3252 259/1259/3252 537/819/3252
f 2136/2772/3253 2135/2771/3253 538/820/3253 260/1260/3253
f 2136/2772/3254 2137/2773/3254 157/960/3254 259/1259/3254
f 2137/2773/3255 2136/2772/3255 260/1260/3255 158/961/3255
f 2137/2773/3256 2135/2771/3256 537/819/3256 157/960/3256
f 2135/2771/3257 2137/2773/3257 158/961/3257 538/820/3257
f 2138/2774/3258 2139/2775/3258 259/2737/3258 181/2757/3258
f 2139/2775/3259 2138/2774/3259 182/2758/3259 260/2738/3259
f 2139/2775/3260 2140/2776/3260 347/2347/3260 259/2737/3260
f 2140/2776/3261 2139/2775/3261 260/2738/3261 348/2348/3261
f 2140/2776/3262 2138/2774/3262 181/2757/3262 347/2347/3262
f 2138/2774/3263 2140/2776/3263 348/2348/3263 182/2758/3263
f 2141/2777/3264 2142/2778/3264 347/2347/3264 181/2757/3264
f 2142/2778/3265 2141/2777/3265 182/2758/3265 348/2348/3265
f 2142/2778/3266 2143/2779/3266 15/857/3266 347/2347/3266
f 2143/2779/3267 2142/2778/3267 348/2348/3267 16/858/3267
f 2143/2779/3268 2141/2777/3268 181/2757/3268 15/857/3268
f 2141/2777/3269 2143/2779/3269 16/858/3269 182/2758/3269
f 2144/2780/3270 2145/2781/3270 355/2749/3270 77/762/3270
f 2145/2781/3271 2144/2780/3271 78/763/3271 356/2750/3271
f 2145/2781/3272 2146/2782/3272 415/1028/3272 355/2749/3272
f 2146/2782/3273 2145/2781/3273 356/2750/3273 416/1029/3273
f 2146/2782/3274 2144/2780/3274 77/762/3274 415/1028/3274
f 2144/2780/3275 2146/2782/3275 416/1029/3275 78/763/3275
f 2147/2783/3276 2148/2784/3276 451/2697/3276 417/1043/3276
f 2148/2784/3277 2147/2783/3277 418/1044/3277 452/2698/3277
f 2148/2784/3278 2149/2785/3278 191/1038/3278 451/2697/3278
f 2149/2785/3279 2148/2784/3279 452/2698/3279 192/1039/3279
f 2149/2785/3280 2147/2783/3280 417/1043/3280 191/1038/3280
f 2147/2783/3281 2149/2785/3281 192/1039/3281 418/1044/3281
f 2150/2786/3282 2151/2787/3282 55/1023/3282 451/2697/3282
f 2151/2787/3283 2150/2786/3283 452/2698/3283 56/1026/3283
f 2151/2787/3284 2152/2788/3284 191/1038/3284 55/1023/3284
f 2152/2788/3285 2151/2787/3285 56/1026/3285 192/1039/3285
f 2152/2788/3286 2150/2786/3286 451/2697/3286 191/1038/3286
f 2150/2786/3287 2152/2788/3287 192/1039/3287 452/2698/3287
f 2153/2789/3288 2154/2790/3288 13/759/3288 261/751/3288
f 2154/2790/3289 2153/2789/3289 262/752/3289 14/760/3289
f 2154/2790/3290 2155/2791/3290 451/2697/3290 13/759/3290
f 2155/2791/3291 2154/2790/3291 14/760/3291 452/2698/3291
f 2155/2791/3292 2153/2789/3292 261/751/3292 451/2697/3292
f 2153/2789/3293 2155/2791/3293 452/2698/3293 262/752/3293
f 2156/2792/3294 2157/2793/3294 13/759/3294 451/2697/3294
f 2157/2793/3295 2156/2792/3295 452/2698/3295 14/760/3295
f 2157/2793/3296 2158/2794/3296 55/1023/3296 13/759/3296
f 2158/2794/3297 2157/2793/3297 14/760/3297 56/1026/3297
f 2158/2794/3298 2156/2792/3298 451/2697/3298 55/1023/3298
f 2156/2792/3299 2158/2794/3299 56/1026/3299 452/2698/3299
f 2159/2795/3300 2160/2796/3300 317/1351/3300 73/1440/3300
f 2160/2796/3301 2159/2795/3301 74/1443/3301 318/1352/3301
f 2160/2796/3302 2161/2797/3302 149/1346/3302 317/1351/3302
f 2161/2797/3303 2160/2796/3303 318/1352/3303 150/1347/3303
f 2161/2797/3304 2162/2798/3304 459/1445/3304 149/1346/3304
f 2162/2798/3305 2161/2797/3305 150/1347/3305 460/1446/3305
f 2162/2798/3306 2159/2795/3306 73/1440/3306 459/1445/3306
f 2159/2795/3307 2162/2798/3307 460/1446/3307 74/1443/3307
f 2163/2799/3308 2164/2800/3308 455/1305/3308 453/1301/3308
f 2164/2800/3309 2163/2799/3309 454/1302/3309 456/1306/3309
f 2164/2800/3310 2165/2801/3310 487/1310/3310 455/1305/3310
f 2165/2801/3311 2164/2800/3311 456/1306/3311 488/1311/3311
f 2165/2801/3312 2163/2799/3312 453/1301/3312 487/1310/3312
f 2163/2799/3313 2165/2801/3313 488/1311/3313 454/1302/3313
f 2166/2802/3314 2167/2803/3314 271/1327/3314 273/1624/3314
f 2167/2803/3315 2166/2802/3315 274/1625/3315 272/1330/3315
f 2167/2803/3316 2168/2804/3316 127/1328/3316 271/1327/3316
f 2168/2804/3317 2167/2803/3317 272/1330/3317 128/1329/3317
f 2168/2804/3318 2166/2802/3318 273/1624/3318 127/1328/3318
f 2166/2802/3319 2168/2804/3319 128/1329/3319 274/1625/3319
f 2169/2805/3320 2170/2806/3320 501/1529/3320 459/1445/3320
f 2170/2806/3321 2169/2805/3321 460/1446/3321 502/1530/3321
f 2170/2806/3322 2171/2807/3322 359/1441/3322 501/1529/3322
f 2171/2807/3323 2170/2806/3323 502/1530/3323 360/1442/3323
f 2171/2807/3324 2169/2805/3324 459/1445/3324 359/1441/3324
f 2169/2805/3325 2171/2807/3325 360/1442/3325 460/1446/3325
f 2172/2808/3326 2173/2809/3326 241/1590/3326 465/2810/3326
f 2173/2809/3327 2172/2808/3327 466/2811/3327 242/1591/3327
f 2173/2809/3328 2174/2812/3328 471/1593/3328 241/1590/3328
f 2174/2812/3329 2173/2809/3329 242/1591/3329 472/1594/3329
f 2174/2812/3330 2175/2813/3330 201/2814/3330 471/1593/3330
f 2175/2813/3331 2174/2812/3331 472/1594/3331 202/2815/3331
f 2175/2813/3332 2172/2808/3332 465/2810/3332 201/2814/3332
f 2172/2808/3333 2175/2813/3333 202/2815/3333 466/2811/3333
f 2176/2816/3334 2177/2817/3334 317/1351/3334 149/1346/3334
f 2177/2817/3335 2176/2816/3335 150/1347/3335 318/1352/3335
f 2177/2817/3336 2178/2818/3336 557/2819/3336 317/1351/3336
f 2178/2818/3337 2177/2817/3337 318/1352/3337 558/2820/3337
f 2178/2818/3338 2176/2816/3338 149/1346/3338 557/2819/3338
f 2176/2816/3339 2178/2818/3339 558/2820/3339 150/1347/3339
f 2179/2821/3340 2180/2822/3340 299/1343/3340 461/1335/3340
f 2180/2822/3341 2179/2821/3341 462/1336/3341 300/1344/3341
f 2180/2822/3342 2181/2823/3342 463/1334/3342 299/1343/3342
f 2181/2823/3343 2180/2822/3343 300/1344/3343 464/1337/3343
f 2181/2823/3344 2179/2821/3344 461/1335/3344 463/1334/3344
f 2179/2821/3345 2181/2823/3345 464/1337/3345 462/1336/3345
f 2182/2824/3346 2183/2825/3346 299/1343/3346 459/1445/3346
f 2183/2825/3347 2182/2824/3347 460/1446/3347 300/1344/3347
f 2183/2825/3348 2184/2826/3348 501/1529/3348 299/1343/3348
f 2184/2826/3349 2183/2825/3349 300/1344/3349 502/1530/3349
f 2184/2826/3350 2182/2824/3350 459/1445/3350 501/1529/3350
f 2182/2824/3351 2184/2826/3351 502/1530/3351 460/1446/3351
f 2185/2827/3352 2186/2828/3352 315/1339/3352 149/1346/3352
f 2186/2828/3353 2185/2827/3353 150/1347/3353 316/1340/3353
f 2186/2828/3354 2187/2829/3354 463/1334/3354 315/1339/3354
f 2187/2829/3355 2186/2828/3355 316/1340/3355 464/1337/3355
f 2187/2829/3356 2185/2827/3356 149/1346/3356 463/1334/3356
f 2185/2827/3357 2187/2829/3357 464/1337/3357 150/1347/3357
f 2188/2830/3358 2189/2831/3358 299/1343/3358 149/1346/3358
f 2189/2831/3359 2188/2830/3359 150/1347/3359 300/1344/3359
f 2189/2831/3360 2190/2832/3360 459/1445/3360 299/1343/3360
f 2190/2832/3361 2189/2831/3361 300/1344/3361 460/1446/3361
f 2190/2832/3362 2188/2830/3362 149/1346/3362 459/1445/3362
f 2188/2830/3363 2190/2832/3363 460/1446/3363 150/1347/3363
f 2191/2833/3364 2192/2834/3364 241/1590/3364 135/1648/3364
f 2192/2834/3365 2191/2833/3365 136/1649/3365 242/1591/3365
f 2192/2834/3366 2193/2835/3366 467/1651/3366 241/1590/3366
f 2193/2835/3367 2192/2834/3367 242/1591/3367 468/1652/3367
f 2193/2835/3368 2191/2833/3368 135/1648/3368 467/1651/3368
f 2191/2833/3369 2193/2835/3369 468/1652/3369 136/1649/3369
f 2194/2836/3370 2195/2837/3370 317/1351/3370 215/1350/3370
f 2195/2837/3371 2194/2836/3371 216/1353/3371 318/1352/3371
f 2195/2837/3372 2196/2838/3372 73/1440/3372 317/1351/3372
f 2196/2838/3373 2195/2837/3373 318/1352/3373 74/1443/3373
f 2196/2838/3374 2197/2839/3374 467/1651/3374 73/1440/3374
f 2197/2839/3375 2196/2838/3375 74/1443/3375 468/1652/3375
f 2197/2839/3376 2194/2836/3376 215/1350/3376 467/1651/3376
f 2194/2836/3377 2197/2839/3377 468/1652/3377 216/1353/3377
f 2198/2840/3378 2199/2841/3378 467/1651/3378 465/2810/3378
f 2199/2841/3379 2198/2840/3379 466/2811/3379 468/1652/3379
f 2199/2841/3380 2200/2842/3380 241/1590/3380 467/1651/3380
f 2200/2842/3381 2199/2841/3381 468/1652/3381 242/1591/3381
f 2200/2842/3382 2198/2840/3382 465/2810/3382 241/1590/3382
f 2198/2840/3383 2200/2842/3383 242/1591/3383 466/2811/3383
f 2201/2843/3384 2202/2844/3384 467/1651/3384 215/1350/3384
f 2202/2844/3385 2201/2843/3385 216/1353/3385 468/1652/3385
f 2202/2844/3386 2203/2845/3386 465/2810/3386 467/1651/3386
f 2203/2845/3387 2202/2844/3387 468/1652/3387 466/2811/3387
f 2203/2845/3388 2201/2843/3388 215/1350/3388 465/2810/3388
f 2201/2843/3389 2203/2845/3389 466/2811/3389 216/1353/3389
f 2204/2846/3390 2205/2847/3390 799/1459/3390 793/2848/3390
f 2205/2847/3391 2204/2846/3391 794/2849/3391 800/1460/3391
f 2205/2847/3392 2206/2850/3392 483/1449/3392 799/1459/3392
f 2206/2850/3393 2205/2847/3393 800/1460/3393 484/1452/3393
f 2206/2850/3394 2204/2846/3394 793/2848/3394 483/1449/3394
f 2204/2846/3395 2206/2850/3395 484/1452/3395 794/2849/3395
f 2207/2851/3396 2208/2852/3396 281/1060/3396 469/1066/3396
f 2208/2852/3397 2207/2851/3397 470/1067/3397 282/1061/3397
f 2208/2852/3398 2209/2853/3398 319/1364/3398 281/1060/3398
f 2209/2853/3399 2208/2852/3399 282/1061/3399 320/1365/3399
f 2209/2853/3400 2207/2851/3400 469/1066/3400 319/1364/3400
f 2207/2851/3401 2209/2853/3401 320/1365/3401 470/1067/3401
f 2210/2854/3402 2211/2855/3402 119/1359/3402 281/1060/3402
f 2211/2855/3403 2210/2854/3403 282/1061/3403 120/1360/3403
f 2211/2855/3404 2212/2856/3404 319/1364/3404 119/1359/3404
f 2212/2856/3405 2211/2855/3405 120/1360/3405 320/1365/3405
f 2212/2856/3406 2210/2854/3406 281/1060/3406 319/1364/3406
f 2210/2854/3407 2212/2856/3407 320/1365/3407 282/1061/3407
f 2213/2857/3408 2214/2858/3408 289/1128/3408 139/780/3408
f 2214/2858/3409 2213/2857/3409 140/781/3409 290/1131/3409
f 2214/2858/3410 2215/2859/3410 281/1060/3410 289/1128/3410
f 2215/2859/3411 2214/2858/3411 290/1131/3411 282/1061/3411
f 2215/2859/3412 2213/2857/3412 139/780/3412 281/1060/3412
f 2213/2857/3413 2215/2859/3413 282/1061/3413 140/781/3413
f 2216/2860/3414 2217/2861/3414 319/1364/3414 97/1367/3414
f 2217/2861/3415 2216/2860/3415 98/1368/3415 320/1365/3415
f 2217/2861/3416 2218/2862/3416 79/1372/3416 319/1364/3416
f 2218/2862/3417 2217/2861/3417 320/1365/3417 80/1373/3417
f 2218/2862/3418 2216/2860/3418 97/1367/3418 79/1372/3418
f 2216/2860/3419 2218/2862/3419 80/1373/3419 98/1368/3419
f 2219/2863/3420 2220/2864/3420 471/1593/3420 201/2814/3420
f 2220/2864/3421 2219/2863/3421 202/2815/3421 472/1594/3421
f 2220/2864/3422 2221/2865/3422 81/2866/3422 471/1593/3422
f 2221/2865/3423 2220/2864/3423 472/1594/3423 82/2867/3423
f 2221/2865/3424 2219/2863/3424 201/2814/3424 81/2866/3424
f 2219/2863/3425 2221/2865/3425 82/2867/3425 202/2815/3425
f 2222/2868/3426 2223/2869/3426 477/1376/3426 471/1593/3426
f 2223/2869/3427 2222/2868/3427 472/1594/3427 478/1379/3427
f 2223/2869/3428 2224/2870/3428 81/2866/3428 477/1376/3428
f 2224/2870/3429 2223/2869/3429 478/1379/3429 82/2867/3429
f 2224/2870/3430 2222/2868/3430 471/1593/3430 81/2866/3430
f 2222/2868/3431 2224/2870/3431 82/2867/3431 472/1594/3431
f 2225/2871/3432 2226/2872/3432 155/1386/3432 471/1593/3432
f 2226/2872/3433 2225/2871/3433 472/1594/3433 156/1387/3433
f 2226/2872/3434 2227/2873/3434 473/1381/3434 155/1386/3434
f 2227/2873/3435 2226/2872/3435 156/1387/3435 474/1382/3435
f 2227/2873/3436 2225/2871/3436 471/1593/3436 473/1381/3436
f 2225/2871/3437 2227/2873/3437 474/1382/3437 472/1594/3437
f 2228/2874/3438 2229/2875/3438 477/1376/3438 473/1381/3438
f 2229/2875/3439 2228/2874/3439 474/1382/3439 478/1379/3439
f 2229/2875/3440 2230/2876/3440 471/1593/3440 477/1376/3440
f 2230/2876/3441 2229/2875/3441 478/1379/3441 472/1594/3441
f 2230/2876/3442 2228/2874/3442 473/1381/3442 471/1593/3442
f 2228/2874/3443 2230/2876/3443 472/1594/3443 474/1382/3443
f 2231/2877/3444 2232/2878/3444 101/1391/3444 123/1597/3444
f 2232/2878/3445 2231/2877/3445 124/1598/3445 102/1392/3445
f 2232/2878/3446 2233/2879/3446 475/1377/3446 101/1391/3446
f 2233/2879/3447 2232/2878/3447 102/1392/3447 476/1378/3447
f 2233/2879/3448 2231/2877/3448 123/1597/3448 475/1377/3448
f 2231/2877/3449 2233/2879/3449 476/1378/3449 124/1598/3449
f 2234/2880/3450 2235/2881/3450 477/1376/3450 421/1082/3450
f 2235/2881/3451 2234/2880/3451 422/1083/3451 478/1379/3451
f 2235/2881/3452 2236/2882/3452 101/1391/3452 477/1376/3452
f 2236/2882/3453 2235/2881/3453 478/1379/3453 102/1392/3453
f 2236/2882/3454 2234/2880/3454 421/1082/3454 101/1391/3454
f 2234/2880/3455 2236/2882/3455 102/1392/3455 422/1083/3455
f 2237/2883/3456 2238/2884/3456 563/2885/3456 421/1082/3456
f 2238/2884/3457 2237/2883/3457 422/1083/3457 564/2886/3457
f 2238/2884/3458 2239/2887/3458 477/1376/3458 563/2885/3458
f 2239/2887/3459 2238/2884/3459 564/2886/3459 478/1379/3459
f 2239/2887/3460 2237/2883/3460 421/1082/3460 477/1376/3460
f 2237/2883/3461 2239/2887/3461 478/1379/3461 422/1083/3461
f 2240/2888/3462 2241/2889/3462 217/2890/3462 563/2885/3462
f 2241/2889/3463 2240/2888/3463 564/2886/3463 218/2891/3463
f 2241/2889/3464 2242/2892/3464 477/1376/3464 217/2890/3464
f 2242/2892/3465 2241/2889/3465 218/2891/3465 478/1379/3465
f 2242/2892/3466 2240/2888/3466 563/2885/3466 477/1376/3466
f 2240/2888/3467 2242/2892/3467 478/1379/3467 564/2886/3467
f 2243/2893/3468 2244/2894/3468 81/2866/3468 217/2890/3468
f 2244/2894/3469 2243/2893/3469 218/2891/3469 82/2867/3469
f 2244/2894/3470 2245/2895/3470 477/1376/3470 81/2866/3470
f 2245/2895/3471 2244/2894/3471 82/2867/3471 478/1379/3471
f 2245/2895/3472 2243/2893/3472 217/2890/3472 477/1376/3472
f 2243/2893/3473 2245/2895/3473 478/1379/3473 218/2891/3473
f 2246/2896/3474 2247/2897/3474 479/1407/3474 437/1086/3474
f 2247/2897/3475 2246/2896/3475 438/1087/3475 480/1410/3475
f 2247/2897/3476 2248/2898/3476 423/1079/3476 479/1407/3476
f 2248/2898/3477 2247/2897/3477 480/1410/3477 424/1080/3477
f 2248/2898/3478 2246/2896/3478 437/1086/3478 423/1079/3478
f 2246/2896/3479 2248/2898/3479 424/1080/3479 438/1087/3479
f 2249/2899/3480 2250/2900/3480 69/1395/3480 437/1086/3480
f 2250/2900/3481 2249/2899/3481 438/1087/3481 70/1398/3481
f 2250/2900/3482 2251/2901/3482 479/1407/3482 69/1395/3482
f 2251/2901/3483 2250/2900/3483 70/1398/3483 480/1410/3483
f 2251/2901/3484 2249/2899/3484 437/1086/3484 479/1407/3484
f 2249/2899/3485 2251/2901/3485 480/1410/3485 438/1087/3485
f 2252/2902/3486 2253/2903/3486 479/1407/3486 461/1335/3486
f 2253/2903/3487 2252/2902/3487 462/1336/3487 480/1410/3487
f 2253/2903/3488 2254/2904/3488 69/1395/3488 479/1407/3488
f 2254/2904/3489 2253/2903/3489 480/1410/3489 70/1398/3489
f 2254/2904/3490 2252/2902/3490 461/1335/3490 69/1395/3490
f 2252/2902/3491 2254/2904/3491 70/1398/3491 462/1336/3491
f 2255/2905/3492 2256/2906/3492 479/1407/3492 183/1402/3492
f 2256/2906/3493 2255/2905/3493 184/1403/3493 480/1410/3493
f 2256/2906/3494 2257/2907/3494 461/1335/3494 479/1407/3494
f 2257/2907/3495 2256/2906/3495 480/1410/3495 462/1336/3495
f 2257/2907/3496 2255/2905/3496 183/1402/3496 461/1335/3496
f 2255/2905/3497 2257/2907/3497 462/1336/3497 184/1403/3497
f 2258/2908/3498 2259/2909/3498 177/1408/3498 565/2910/3498
f 2259/2909/3499 2258/2908/3499 566/2911/3499 178/1409/3499
f 2259/2909/3500 2260/2912/3500 183/1402/3500 177/1408/3500
f 2260/2912/3501 2259/2909/3501 178/1409/3501 184/1403/3501
f 2260/2912/3502 2258/2908/3502 565/2910/3502 183/1402/3502
f 2258/2908/3503 2260/2912/3503 184/1403/3503 566/2911/3503
f 2261/2913/3504 2262/2914/3504 423/1079/3504 45/1415/3504
f 2262/2914/3505 2261/2913/3505 46/1416/3505 424/1080/3505
f 2262/2914/3506 2263/2915/3506 479/1407/3506 423/1079/3506
f 2263/2915/3507 2262/2914/3507 424/1080/3507 480/1410/3507
f 2263/2915/3508 2261/2913/3508 45/1415/3508 479/1407/3508
f 2261/2913/3509 2263/2915/3509 480/1410/3509 46/1416/3509
f 2264/2916/3510 2265/2917/3510 175/1231/3510 385/1419/3510
f 2265/2917/3511 2264/2916/3511 386/1420/3511 176/1232/3511
f 2265/2917/3512 2266/2918/3512 481/2919/3512 175/1231/3512
f 2266/2918/3513 2265/2917/3513 176/1232/3513 482/2920/3513
f 2266/2918/3514 2264/2916/3514 385/1419/3514 481/2919/3514
f 2264/2916/3515 2266/2918/3515 482/2920/3515 386/1420/3515
f 2267/2921/3516 2268/2922/3516 127/1328/3516 273/1624/3516
f 2268/2922/3517 2267/2921/3517 274/1625/3517 128/1329/3517
f 2268/2922/3518 2269/2923/3518 333/1427/3518 127/1328/3518
f 2269/2923/3519 2268/2922/3519 128/1329/3519 334/1428/3519
f 2269/2923/3520 2267/2921/3520 273/1624/3520 333/1427/3520
f 2267/2921/3521 2269/2923/3521 334/1428/3521 274/1625/3521
f 2270/2924/3522 2271/2925/3522 411/1436/3522 481/1432/3522
f 2271/2925/3523 2270/2924/3523 482/1433/3523 412/1437/3523
f 2271/2925/3524 2272/2926/3524 17/1506/3524 411/1436/3524
f 2272/2926/3525 2271/2925/3525 412/1437/3525 18/1507/3525
f 2272/2926/3526 2270/2924/3526 481/1432/3526 17/1506/3526
f 2270/2924/3527 2272/2926/3527 18/1507/3527 482/1433/3527
f 2273/2927/3528 2274/2928/3528 467/1651/3528 359/1441/3528
f 2274/2928/3529 2273/2927/3529 360/1442/3529 468/1652/3529
f 2274/2928/3530 2275/2929/3530 73/1440/3530 467/1651/3530
f 2275/2929/3531 2274/2928/3531 468/1652/3531 74/1443/3531
f 2275/2929/3532 2273/2927/3532 359/1441/3532 73/1440/3532
f 2273/2927/3533 2275/2929/3533 74/1443/3533 360/1442/3533
f 2276/2930/3534 2277/2931/3534 817/1454/3534 815/1458/3534
f 2277/2931/3535 2276/2930/3535 816/1461/3535 818/1455/3535
f 2277/2931/3536 2278/2932/3536 483/1449/3536 817/1454/3536
f 2278/2932/3537 2277/2931/3537 818/1455/3537 484/1452/3537
f 2278/2932/3538 2276/2930/3538 815/1458/3538 483/1449/3538
f 2276/2930/3539 2278/2932/3539 484/1452/3539 816/1461/3539
f 2279/2933/3540 2280/2934/3540 483/1449/3540 793/2848/3540
f 2280/2934/3541 2279/2933/3541 794/2849/3541 484/1452/3541
f 2280/2934/3542 2281/2935/3542 835/2936/3542 483/1449/3542
f 2281/2935/3543 2280/2934/3543 484/1452/3543 836/2937/3543
f 2281/2935/3544 2279/2933/3544 793/2848/3544 835/2936/3544
f 2279/2933/3545 2281/2935/3545 836/2937/3545 794/2849/3545
f 2282/2938/3546 2283/2939/3546 853/2940/3546 483/1449/3546
f 2283/2939/3547 2282/2938/3547 484/1452/3547 854/2941/3547
f 2283/2939/3548 2284/2942/3548 851/2943/3548 853/2940/3548
f 2284/2942/3549 2283/2939/3549 854/2941/3549 852/2944/3549
f 2284/2942/3550 2285/2945/3550 863/2946/3550 851/2943/3550
f 2285/2945/3551 2284/2942/3551 852/2944/3551 864/2947/3551
f 2285/2945/3552 2282/2938/3552 483/1449/3552 863/2946/3552
f 2282/2938/3553 2285/2945/3553 864/2947/3553 484/1452/3553
f 2286/2948/3554 2287/2949/3554 877/1465/3554 483/1449/3554
f 2287/2949/3555 2286/2948/3555 484/1452/3555 878/1466/3555
f 2287/2949/3556 2288/2950/3556 853/2940/3556 877/1465/3556
f 2288/2950/3557 2287/2949/3557 878/1466/3557 854/2941/3557
f 2288/2950/3558 2286/2948/3558 483/1449/3558 853/2940/3558
f 2286/2948/3559 2288/2950/3559 854/2941/3559 484/1452/3559
f 2289/2951/3560 2290/2952/3560 483/1449/3560 835/2936/3560
f 2290/2952/3561 2289/2951/3561 836/2937/3561 484/1452/3561
f 2290/2952/3562 2291/2953/3562 863/2946/3562 483/1449/3562
f 2291/2953/3563 2290/2952/3563 484/1452/3563 864/2947/3563
f 2291/2953/3564 2289/2951/3564 835/2936/3564 863/2946/3564
f 2289/2951/3565 2291/2953/3565 864/2947/3565 836/2937/3565
f 2292/2954/3566 2293/2955/3566 467/1651/3566 159/1431/3566
f 2293/2955/3567 2292/2954/3567 160/1434/3567 468/1652/3567
f 2293/2955/3568 2294/2956/3568 359/1441/3568 467/1651/3568
f 2294/2956/3569 2293/2955/3569 468/1652/3569 360/1442/3569
f 2294/2956/3570 2295/2957/3570 325/1521/3570 359/1441/3570
f 2295/2957/3571 2294/2956/3571 360/1442/3571 326/1522/3571
f 2295/2957/3572 2292/2954/3572 159/1431/3572 325/1521/3572
f 2292/2954/3573 2295/2957/3573 326/1522/3573 160/1434/3573
f 2296/2958/3574 2297/2959/3574 93/844/3574 487/1476/3574
f 2297/2959/3575 2296/2958/3575 488/1477/3575 94/845/3575
f 2297/2959/3576 2298/2960/3576 453/1575/3576 93/844/3576
f 2298/2960/3577 2297/2959/3577 94/845/3577 454/1576/3577
f 2298/2960/3578 2296/2958/3578 487/1476/3578 453/1575/3578
f 2296/2958/3579 2298/2960/3579 454/1576/3579 488/1477/3579
f 2299/2961/3580 2300/2962/3580 489/814/3580 297/940/3580
f 2300/2962/3581 2299/2961/3581 298/941/3581 490/815/3581
f 2300/2962/3582 2301/2963/3582 491/1583/3582 489/814/3582
f 2301/2963/3583 2300/2962/3583 490/815/3583 492/1584/3583
f 2301/2963/3584 2299/2961/3584 297/940/3584 491/1583/3584
f 2299/2961/3585 2301/2963/3585 492/1584/3585 298/941/3585
f 2302/2964/3586 2303/2965/3586 485/743/3586 489/814/3586
f 2303/2965/3587 2302/2964/3587 490/815/3587 486/744/3587
f 2303/2965/3588 2304/2966/3588 491/1583/3588 485/743/3588
f 2304/2966/3589 2303/2965/3589 486/744/3589 492/1584/3589
f 2304/2966/3590 2302/2964/3590 489/814/3590 491/1583/3590
f 2302/2964/3591 2304/2966/3591 492/1584/3591 490/815/3591
f 2305/2967/3592 2306/2968/3592 485/743/3592 491/1583/3592
f 2306/2968/3593 2305/2967/3593 492/1584/3593 486/744/3593
f 2306/2968/3594 2307/2969/3594 123/1597/3594 485/743/3594
f 2307/2969/3595 2306/2968/3595 486/744/3595 124/1598/3595
f 2307/2969/3596 2305/2967/3596 491/1583/3596 123/1597/3596
f 2305/2967/3597 2307/2969/3597 124/1598/3597 492/1584/3597
f 2308/2970/3598 2309/2971/3598 53/1930/3598 65/1923/3598
f 2309/2971/3599 2308/2970/3599 66/1924/3599 54/1931/3599
f 2309/2971/3600 2310/2972/3600 377/823/3600 53/1930/3600
f 2310/2972/3601 2309/2971/3601 54/1931/3601 378/824/3601
f 2310/2972/3602 2308/2970/3602 65/1923/3602 377/823/3602
f 2308/2970/3603 2310/2972/3603 378/824/3603 66/1924/3603
f 2311/2973/3604 2312/2974/3604 377/823/3604 65/1923/3604
f 2312/2974/3605 2311/2973/3605 66/1924/3605 378/824/3605
f 2312/2974/3606 2313/2975/3606 285/1740/3606 377/823/3606
f 2313/2975/3607 2312/2974/3607 378/824/3607 286/1743/3607
f 2313/2975/3608 2311/2973/3608 65/1923/3608 285/1740/3608
f 2311/2973/3609 2313/2975/3609 286/1743/3609 66/1924/3609
f 2314/2976/3610 2315/2977/3610 533/1488/3610 251/1965/3610
f 2315/2977/3611 2314/2976/3611 252/1966/3611 534/1489/3611
f 2315/2977/3612 2316/2978/3612 91/1492/3612 533/1488/3612
f 2316/2978/3613 2315/2977/3613 534/1489/3613 92/1493/3613
f 2316/2978/3614 2314/2976/3614 251/1965/3614 91/1492/3614
f 2314/2976/3615 2316/2978/3615 92/1493/3615 252/1966/3615
f 2317/2979/3616 2318/2980/3616 543/1788/3616 547/1793/3616
f 2318/2980/3617 2317/2979/3617 548/1794/3617 544/1791/3617
f 2318/2980/3618 2319/2981/3618 309/1800/3618 543/1788/3618
f 2319/2981/3619 2318/2980/3619 544/1791/3619 310/1801/3619
f 2319/2981/3620 2317/2979/3620 547/1793/3620 309/1800/3620
f 2317/2979/3621 2319/2981/3621 310/1801/3621 548/1794/3621
f 2320/2982/3622 2321/2983/3622 409/1010/3622 17/1506/3622
f 2321/2983/3623 2320/2982/3623 18/1507/3623 410/1011/3623
f 2321/2983/3624 2322/2984/3624 357/981/3624 409/1010/3624
f 2322/2984/3625 2321/2983/3625 410/1011/3625 358/982/3625
f 2322/2984/3626 2320/2982/3626 17/1506/3626 357/981/3626
f 2320/2982/3627 2322/2984/3627 358/982/3627 18/1507/3627
f 2323/2985/3628 2324/2986/3628 409/1010/3628 357/981/3628
f 2324/2986/3629 2323/2985/3629 358/982/3629 410/1011/3629
f 2324/2986/3630 2325/2987/3630 19/1510/3630 409/1010/3630
f 2325/2987/3631 2324/2986/3631 410/1011/3631 20/1511/3631
f 2325/2987/3632 2323/2985/3632 357/981/3632 19/1510/3632
f 2323/2985/3633 2325/2987/3633 20/1511/3633 358/982/3633
f 2326/2988/3634 2327/2989/3634 275/2990/3634 25/1112/3634
f 2327/2989/3635 2326/2988/3635 26/1113/3635 276/2991/3635
f 2327/2989/3636 2328/2992/3636 133/2993/3636 275/2990/3636
f 2328/2992/3637 2327/2989/3637 276/2991/3637 134/2994/3637
f 2328/2992/3638 2329/2995/3638 433/1108/3638 133/2993/3638
f 2329/2995/3639 2328/2992/3639 134/2994/3639 434/1109/3639
f 2329/2995/3640 2326/2988/3640 25/1112/3640 433/1108/3640
f 2326/2988/3641 2329/2995/3641 434/1109/3641 26/1113/3641
f 2330/2996/3642 2331/2997/3642 359/1441/3642 325/1521/3642
f 2331/2997/3643 2330/2996/3643 326/1522/3643 360/1442/3643
f 2331/2997/3644 2332/2998/3644 85/1518/3644 359/1441/3644
f 2332/2998/3645 2331/2997/3645 360/1442/3645 86/1519/3645
f 2332/2998/3646 2330/2996/3646 325/1521/3646 85/1518/3646
f 2330/2996/3647 2332/2998/3647 86/1519/3647 326/1522/3647
f 2333/2999/3648 2334/3000/3648 501/1529/3648 359/1441/3648
f 2334/3000/3649 2333/2999/3649 360/1442/3649 502/1530/3649
f 2334/3000/3650 2335/3001/3650 85/1518/3650 501/1529/3650
f 2335/3001/3651 2334/3000/3651 502/1530/3651 86/1519/3651
f 2335/3001/3652 2333/2999/3652 359/1441/3652 85/1518/3652
f 2333/2999/3653 2335/3001/3653 86/1519/3653 360/1442/3653
f 2336/3002/3654 2337/3003/3654 301/1005/3654 85/1518/3654
f 2337/3003/3655 2336/3002/3655 86/1519/3655 302/1008/3655
f 2337/3003/3656 2338/3004/3656 327/1006/3656 301/1005/3656
f 2338/3004/3657 2337/3003/3657 302/1008/3657 328/1007/3657
f 2338/3004/3658 2336/3002/3658 85/1518/3658 327/1006/3658
f 2336/3002/3659 2338/3004/3659 328/1007/3659 86/1519/3659
f 2339/3005/3660 2340/3006/3660 293/3007/3660 321/809/3660
f 2340/3006/3661 2339/3005/3661 322/812/3661 294/3008/3661
f 2340/3006/3662 2341/3009/3662 125/804/3662 293/3007/3662
f 2341/3009/3663 2340/3006/3663 294/3008/3663 126/805/3663
f 2341/3009/3664 2339/3005/3664 321/809/3664 125/804/3664
f 2339/3005/3665 2341/3009/3665 126/805/3665 322/812/3665
f 2342/3010/3666 2343/3011/3666 321/3012/3666 293/1535/3666
f 2343/3011/3667 2342/3010/3667 294/1538/3667 322/3013/3667
f 2343/3011/3668 2344/3014/3668 393/767/3668 321/3012/3668
f 2344/3014/3669 2343/3011/3669 322/3013/3669 394/768/3669
f 2344/3014/3670 2342/3010/3670 293/1535/3670 393/767/3670
f 2342/3010/3671 2344/3014/3671 394/768/3671 294/1538/3671
f 2345/3015/3672 2346/3016/3672 363/2330/3672 243/740/3672
f 2346/3016/3673 2345/3015/3673 244/741/3673 364/2331/3673
f 2346/3016/3674 2347/3017/3674 329/722/3674 363/2330/3674
f 2347/3017/3675 2346/3016/3675 364/2331/3675 330/723/3675
f 2347/3017/3676 2345/3015/3676 243/740/3676 329/722/3676
f 2345/3015/3677 2347/3017/3677 330/723/3677 244/741/3677
f 2348/3018/3678 2349/3019/3678 295/810/3678 321/809/3678
f 2349/3019/3679 2348/3018/3679 322/812/3679 296/811/3679
f 2349/3019/3680 2350/3020/3680 185/1544/3680 295/810/3680
f 2350/3020/3681 2349/3019/3681 296/811/3681 186/1545/3681
f 2350/3020/3682 2348/3018/3682 321/809/3682 185/1544/3682
f 2348/3018/3683 2350/3020/3683 186/1545/3683 322/812/3683
f 2351/3021/3684 2352/3022/3684 295/2582/3684 185/785/3684
f 2352/3022/3685 2351/3021/3685 186/786/3685 296/2583/3685
f 2352/3022/3686 2353/3023/3686 151/1129/3686 295/2582/3686
f 2353/3023/3687 2352/3022/3687 296/2583/3687 152/1130/3687
f 2353/3023/3688 2351/3021/3688 185/785/3688 151/1129/3688
f 2351/3021/3689 2353/3023/3689 152/1130/3689 186/786/3689
f 2354/3024/3690 2355/3025/3690 21/1100/3690 99/1554/3690
f 2355/3025/3691 2354/3024/3691 100/1555/3691 22/1103/3691
f 2355/3025/3692 2356/3026/3692 67/1396/3692 21/1100/3692
f 2356/3026/3693 2355/3025/3693 22/1103/3693 68/1397/3693
f 2356/3026/3694 2354/3024/3694 99/1554/3694 67/1396/3694
f 2354/3024/3695 2356/3026/3695 68/1397/3695 100/1555/3695
f 2357/3027/3696 2358/3028/3696 67/1396/3696 99/1554/3696
f 2358/3028/3697 2357/3027/3697 100/1555/3697 68/1397/3697
f 2358/3028/3698 2359/3029/3698 437/1086/3698 67/1396/3698
f 2359/3029/3699 2358/3028/3699 68/1397/3699 438/1087/3699
f 2359/3029/3700 2357/3027/3700 99/1554/3700 437/1086/3700
f 2357/3027/3701 2359/3029/3701 438/1087/3701 100/1555/3701
f 2360/3030/3702 2361/3031/3702 495/1091/3702 133/1096/3702
f 2361/3031/3703 2360/3030/3703 134/1097/3703 496/1094/3703
f 2361/3031/3704 2362/3032/3704 103/1570/3704 495/1091/3704
f 2362/3032/3705 2361/3031/3705 496/1094/3705 104/1571/3705
f 2362/3032/3706 2360/3030/3706 133/1096/3706 103/1570/3706
f 2360/3030/3707 2362/3032/3707 104/1571/3707 134/1097/3707
f 2363/3033/3708 2364/3034/3708 71/915/3708 241/1590/3708
f 2364/3034/3709 2363/3033/3709 242/1591/3709 72/916/3709
f 2364/3034/3710 2365/3035/3710 173/919/3710 71/915/3710
f 2365/3035/3711 2364/3034/3711 72/916/3711 174/920/3711
f 2365/3035/3712 2366/3036/3712 155/1386/3712 173/919/3712
f 2366/3036/3713 2365/3035/3713 174/920/3713 156/1387/3713
f 2366/3036/3714 2363/3033/3714 241/1590/3714 155/1386/3714
f 2363/3033/3715 2366/3036/3715 156/1387/3715 242/1591/3715
f 2367/3037/3716 2368/3038/3716 103/1121/3716 133/2993/3716
f 2368/3038/3717 2367/3037/3717 134/2994/3717 104/1122/3717
f 2368/3038/3718 2369/3039/3718 433/1108/3718 103/1121/3718
f 2369/3039/3719 2368/3038/3719 104/1122/3719 434/1109/3719
f 2369/3039/3720 2367/3037/3720 133/2993/3720 433/1108/3720
f 2367/3037/3721 2369/3039/3721 434/1109/3721 134/2994/3721
f 2370/3040/3722 2371/3041/3722 297/940/3722 367/936/3722
f 2371/3041/3723 2370/3040/3723 368/937/3723 298/941/3723
f 2371/3041/3724 2372/3042/3724 491/1583/3724 297/940/3724
f 2372/3042/3725 2371/3041/3725 298/941/3725 492/1584/3725
f 2372/3042/3726 2370/3040/3726 367/936/3726 491/1583/3726
f 2370/3040/3727 2372/3042/3727 492/1584/3727 368/937/3727
f 2373/3043/3728 2374/3044/3728 497/1586/3728 367/936/3728
f 2374/3044/3729 2373/3043/3729 368/937/3729 498/1587/3729
f 2374/3044/3730 2375/3045/3730 155/1386/3730 497/1586/3730
f 2375/3045/3731 2374/3044/3731 498/1587/3731 156/1387/3731
f 2375/3045/3732 2373/3043/3732 367/936/3732 155/1386/3732
f 2373/3043/3733 2375/3045/3733 156/1387/3733 368/937/3733
f 2376/3046/3734 2377/3047/3734 123/1597/3734 491/1583/3734
f 2377/3047/3735 2376/3046/3735 492/1584/3735 124/1598/3735
f 2377/3047/3736 2378/3048/3736 497/1586/3736 123/1597/3736
f 2378/3048/3737 2377/3047/3737 124/1598/3737 498/1587/3737
f 2378/3048/3738 2376/3046/3738 491/1583/3738 497/1586/3738
f 2376/3046/3739 2378/3048/3739 498/1587/3739 492/1584/3739
f 2379/3049/3740 2380/3050/3740 475/1377/3740 497/1586/3740
f 2380/3050/3741 2379/3049/3741 498/1587/3741 476/1378/3741
f 2380/3050/3742 2381/3051/3742 155/1386/3742 475/1377/3742
f 2381/3051/3743 2380/3050/3743 476/1378/3743 156/1387/3743
f 2381/3051/3744 2379/3049/3744 497/1586/3744 155/1386/3744
f 2379/3049/3745 2381/3051/3745 156/1387/3745 498/1587/3745
f 2382/3052/3746 2383/3053/3746 271/1327/3746 87/1610/3746
f 2383/3053/3747 2382/3052/3747 88/1611/3747 272/1330/3747
f 2383/3053/3748 2384/3054/3748 299/1343/3748 271/1327/3748
f 2384/3054/3749 2383/3053/3749 272/1330/3749 300/1344/3749
f 2384/3054/3750 2385/3055/3750 461/1335/3750 299/1343/3750
f 2385/3055/3751 2384/3054/3751 300/1344/3751 462/1336/3751
f 2385/3055/3752 2382/3052/3752 87/1610/3752 461/1335/3752
f 2382/3052/3753 2385/3055/3753 462/1336/3753 88/1611/3753
f 2386/3056/3754 2387/3057/3754 499/1605/3754 365/3058/3754
f 2387/3057/3755 2386/3056/3755 366/3059/3755 500/1606/3755
f 2387/3057/3756 2388/3060/3756 153/1136/3756 499/1605/3756
f 2388/3060/3757 2387/3057/3757 500/1606/3757 154/1137/3757
f 2388/3060/3758 2386/3056/3758 365/3058/3758 153/1136/3758
f 2386/3056/3759 2388/3060/3759 154/1137/3759 366/3059/3759
f 2389/3061/3760 2390/3062/3760 365/3058/3760 295/2582/3760
f 2390/3062/3761 2389/3061/3761 296/2583/3761 366/3059/3761
f 2390/3062/3762 2391/3063/3762 153/1136/3762 365/3058/3762
f 2391/3063/3763 2390/3062/3763 366/3059/3763 154/1137/3763
f 2391/3063/3764 2389/3061/3764 295/2582/3764 153/1136/3764
f 2389/3061/3765 2391/3063/3765 154/1137/3765 296/2583/3765
f 2392/3064/3766 2393/3065/3766 67/1396/3766 427/1101/3766
f 2393/3065/3767 2392/3064/3767 428/1102/3767 68/1397/3767
f 2393/3065/3768 2394/3066/3768 21/1100/3768 67/1396/3768
f 2394/3066/3769 2393/3065/3769 68/1397/3769 22/1103/3769
f 2394/3066/3770 2392/3064/3770 427/1101/3770 21/1100/3770
f 2392/3064/3771 2394/3066/3771 22/1103/3771 428/1102/3771
f 2395/3067/3772 2396/3068/3772 427/1101/3772 67/1396/3772
f 2396/3068/3773 2395/3067/3773 68/1397/3773 428/1102/3773
f 2396/3068/3774 2397/3069/3774 87/1610/3774 427/1101/3774
f 2397/3069/3775 2396/3068/3775 428/1102/3775 88/1611/3775
f 2397/3069/3776 2395/3067/3776 67/1396/3776 87/1610/3776
f 2395/3067/3777 2397/3069/3777 88/1611/3777 68/1397/3777
f 2398/3070/3778 2399/3071/3778 87/1610/3778 67/1396/3778
f 2399/3071/3779 2398/3070/3779 68/1397/3779 88/1611/3779
f 2399/3071/3780 2400/3072/3780 69/1395/3780 87/1610/3780
f 2400/3072/3781 2399/3071/3781 88/1611/3781 70/1398/3781
f 2400/3072/3782 2398/3070/3782 67/1396/3782 69/1395/3782
f 2398/3070/3783 2400/3072/3783 70/1398/3783 68/1397/3783
f 2401/3073/3784 2402/3074/3784 105/966/3784 505/1528/3784
f 2402/3074/3785 2401/3073/3785 506/1531/3785 106/969/3785
f 2402/3074/3786 2403/3075/3786 301/1005/3786 105/966/3786
f 2403/3075/3787 2402/3074/3787 106/969/3787 302/1008/3787
f 2403/3075/3788 2401/3073/3788 505/1528/3788 301/1005/3788
f 2401/3073/3789 2403/3075/3789 302/1008/3789 506/1531/3789
f 2404/3076/3790 2405/3077/3790 333/967/3790 19/1510/3790
f 2405/3077/3791 2404/3076/3791 20/1511/3791 334/968/3791
f 2405/3077/3792 2406/3078/3792 27/3079/3792 333/967/3792
f 2406/3078/3793 2405/3077/3793 334/968/3793 28/3080/3793
f 2406/3078/3794 2404/3076/3794 19/1510/3794 27/3079/3794
f 2404/3076/3795 2406/3078/3795 28/3080/3795 20/1511/3795
f 2407/3081/3796 2408/3082/3796 369/3083/3796 385/1419/3796
f 2408/3082/3797 2407/3081/3797 386/1420/3797 370/3084/3797
f 2408/3082/3798 2409/3085/3798 205/926/3798 369/3083/3798
f 2409/3085/3799 2408/3082/3799 370/3084/3799 206/927/3799
f 2409/3085/3800 2407/3081/3800 385/1419/3800 205/926/3800
f 2407/3081/3801 2409/3085/3801 206/927/3801 386/1420/3801
f 2410/3086/3802 2411/3087/3802 135/1656/3802 225/1228/3802
f 2411/3087/3803 2410/3086/3803 226/1229/3803 136/1657/3803
f 2411/3087/3804 2412/3088/3804 175/1231/3804 135/1656/3804
f 2412/3088/3805 2411/3087/3805 136/1657/3805 176/1232/3805
f 2412/3088/3806 2410/3086/3806 225/1228/3806 175/1231/3806
f 2410/3086/3807 2412/3088/3807 176/1232/3807 226/1229/3807
f 2413/3089/3808 2414/3090/3808 481/2919/3808 135/1656/3808
f 2414/3090/3809 2413/3089/3809 136/1657/3809 482/2920/3809
f 2414/3090/3810 2415/3091/3810 175/1231/3810 481/2919/3810
f 2415/3091/3811 2414/3090/3811 482/2920/3811 176/1232/3811
f 2415/3091/3812 2413/3089/3812 135/1656/3812 175/1231/3812
f 2413/3089/3813 2415/3091/3813 176/1232/3813 136/1657/3813
f 2416/3092/3814 2417/3093/3814 369/985/3814 507/1503/3814
f 2417/3093/3815 2416/3092/3815 508/1504/3815 370/986/3815
f 2417/3093/3816 2418/3094/3816 385/1643/3816 369/985/3816
f 2418/3094/3817 2417/3093/3817 370/986/3817 386/1644/3817
f 2418/3094/3818 2416/3092/3818 507/1503/3818 385/1643/3818
f 2416/3092/3819 2418/3094/3819 386/1644/3819 508/1504/3819
f 2419/3095/3820 2420/3096/3820 385/3097/3820 17/1506/3820
f 2420/3096/3821 2419/3095/3821 18/1507/3821 386/3098/3821
f 2420/3096/3822 2421/3099/3822 481/1432/3822 385/3097/3822
f 2421/3099/3823 2420/3096/3823 386/3098/3823 482/1433/3823
f 2421/3099/3824 2419/3095/3824 17/1506/3824 481/1432/3824
f 2419/3095/3825 2421/3099/3825 482/1433/3825 18/1507/3825
f 2422/3100/3826 2423/3101/3826 275/1562/3826 425/1092/3826
f 2423/3101/3827 2422/3100/3827 426/1093/3827 276/1563/3827
f 2423/3101/3828 2424/3102/3828 127/1328/3828 275/1562/3828
f 2424/3102/3829 2423/3101/3829 276/1563/3829 128/1329/3829
f 2424/3102/3830 2422/3100/3830 425/1092/3830 127/1328/3830
f 2422/3100/3831 2424/3102/3831 128/1329/3831 426/1093/3831
f 2425/3103/3832 2426/3104/3832 25/1112/3832 275/2990/3832
f 2426/3104/3833 2425/3103/3833 276/2991/3833 26/1113/3833
f 2426/3104/3834 2427/3105/3834 127/1660/3834 25/1112/3834
f 2427/3105/3835 2426/3104/3835 26/1113/3835 128/1661/3835
f 2427/3105/3836 2425/3103/3836 275/2990/3836 127/1660/3836
f 2425/3103/3837 2427/3105/3837 128/1661/3837 276/2991/3837
f 2428/3106/3838 2429/3107/3838 25/1112/3838 503/1636/3838
f 2429/3107/3839 2428/3106/3839 504/1637/3839 26/1113/3839
f 2429/3107/3840 2430/3108/3840 407/2400/3840 25/1112/3840
f 2430/3108/3841 2429/3107/3841 26/1113/3841 408/2403/3841
f 2430/3108/3842 2428/3106/3842 503/1636/3842 407/2400/3842
f 2428/3106/3843 2430/3108/3843 408/2403/3843 504/1637/3843
f 2431/3109/3844 2432/3110/3844 105/966/3844 409/1010/3844
f 2432/3110/3845 2431/3109/3845 410/1011/3845 106/969/3845
f 2432/3110/3846 2433/3111/3846 19/1510/3846 105/966/3846
f 2433/3111/3847 2432/3110/3847 106/969/3847 20/1511/3847
f 2433/3111/3848 2431/3109/3848 409/1010/3848 19/1510/3848
f 2431/3109/3849 2433/3111/3849 20/1511/3849 410/1011/3849
f 2434/3112/3850 2435/3113/3850 513/1818/3850 249/1805/3850
f 2435/3113/3851 2434/3112/3851 250/1806/3851 514/1819/3851
f 2435/3113/3852 2436/3114/3852 843/1813/3852 513/1818/3852
f 2436/3114/3853 2435/3113/3853 514/1819/3853 844/1816/3853
f 2436/3114/3854 2437/3115/3854 865/3116/3854 843/1813/3854
f 2437/3115/3855 2436/3114/3855 844/1816/3855 866/3117/3855
f 2437/3115/3856 2438/3118/3856 825/1804/3856 865/3116/3856
f 2438/3118/3857 2437/3115/3857 866/3117/3857 826/1807/3857
f 2438/3118/3858 2434/3112/3858 249/1805/3858 825/1804/3858
f 2434/3112/3859 2438/3118/3859 826/1807/3859 250/1806/3859
f 2439/3119/3860 2440/3120/3860 135/1648/3860 241/1590/3860
f 2440/3120/3861 2439/3119/3861 242/1591/3861 136/1649/3861
f 2440/3120/3862 2441/3121/3862 225/1228/3862 135/1648/3862
f 2441/3121/3863 2440/3120/3863 136/1649/3863 226/1229/3863
f 2441/3121/3864 2439/3119/3864 241/1590/3864 225/1228/3864
f 2439/3119/3865 2441/3121/3865 226/1229/3865 242/1591/3865
f 2442/3122/3866 2443/3123/3866 23/1674/3866 369/3083/3866
f 2443/3123/3867 2442/3122/3867 370/3084/3867 24/1675/3867
f 2443/3123/3868 2444/3124/3868 205/926/3868 23/1674/3868
f 2444/3124/3869 2443/3123/3869 24/1675/3869 206/927/3869
f 2444/3124/3870 2442/3122/3870 369/3083/3870 205/926/3870
f 2442/3122/3871 2444/3124/3871 206/927/3871 370/3084/3871
f 2445/3125/3872 2446/3126/3872 413/1014/3872 361/1540/3872
f 2446/3126/3873 2445/3125/3873 362/1541/3873 414/1017/3873
f 2446/3126/3874 2447/3127/3874 143/1267/3874 413/1014/3874
f 2447/3127/3875 2446/3126/3875 414/1017/3875 144/1270/3875
f 2447/3127/3876 2445/3125/3876 361/1540/3876 143/1267/3876
f 2445/3125/3877 2447/3127/3877 144/1270/3877 362/1541/3877
f 2448/3128/3878 2449/3129/3878 293/1535/3878 361/1540/3878
f 2449/3129/3879 2448/3128/3879 362/1541/3879 294/1538/3879
f 2449/3129/3880 2450/3130/3880 413/1014/3880 293/1535/3880
f 2450/3130/3881 2449/3129/3881 294/1538/3881 414/1017/3881
f 2450/3130/3882 2448/3128/3882 361/1540/3882 413/1014/3882
f 2448/3128/3883 2450/3130/3883 414/1017/3883 362/1541/3883
f 2451/3131/3884 2452/3132/3884 293/1535/3884 413/1014/3884
f 2452/3132/3885 2451/3131/3885 414/1017/3885 294/1538/3885
f 2452/3132/3886 2453/3133/3886 1/2295/3886 293/1535/3886
f 2453/3133/3887 2452/3132/3887 294/1538/3887 2/2296/3887
f 2453/3133/3888 2451/3131/3888 413/1014/3888 1/2295/3888
f 2451/3131/3889 2453/3133/3889 2/2296/3889 414/1017/3889
f 2454/3134/3890 2455/3135/3890 167/2077/3890 373/2029/3890
f 2455/3135/3891 2454/3134/3891 374/2030/3891 168/2080/3891
f 2455/3135/3892 2456/3136/3892 187/2078/3892 167/2077/3892
f 2456/3136/3893 2455/3135/3893 168/2080/3893 188/2079/3893
f 2456/3136/3894 2454/3134/3894 373/2029/3894 187/2078/3894
f 2454/3134/3895 2456/3136/3895 188/2079/3895 374/2030/3895
f 2457/3137/3896 2458/3138/3896 193/1982/3896 455/1305/3896
f 2458/3138/3897 2457/3137/3897 456/1306/3897 194/1985/3897
f 2458/3138/3898 2459/3139/3898 41/1313/3898 193/1982/3898
f 2459/3139/3899 2458/3138/3899 194/1985/3899 42/1314/3899
f 2459/3139/3900 2457/3137/3900 455/1305/3900 41/1313/3900
f 2457/3137/3901 2459/3139/3901 42/1314/3901 456/1306/3901
f 2460/3140/3902 2461/3141/3902 255/2064/3902 531/3142/3902
f 2461/3141/3903 2460/3140/3903 532/3143/3903 256/2065/3903
f 2461/3141/3904 2462/3144/3904 263/3145/3904 255/2064/3904
f 2462/3144/3905 2461/3141/3905 256/2065/3905 264/3146/3905
f 2462/3144/3906 2460/3140/3906 531/3142/3906 263/3145/3906
f 2460/3140/3907 2462/3144/3907 264/3146/3907 532/3143/3907
f 2463/3147/3908 2464/3148/3908 33/3149/3908 227/1978/3908
f 2464/3148/3909 2463/3147/3909 228/1979/3909 34/3150/3909
f 2464/3148/3910 2465/3151/3910 75/1822/3910 33/3149/3910
f 2465/3151/3911 2464/3148/3911 34/3150/3911 76/1825/3911
f 2465/3151/3912 2463/3147/3912 227/1978/3912 75/1822/3912
f 2463/3147/3913 2465/3151/3913 76/1825/3913 228/1979/3913
f 2466/3152/3914 2467/3153/3914 33/3149/3914 337/1827/3914
f 2467/3153/3915 2466/3152/3915 338/1828/3915 34/3150/3915
f 2467/3153/3916 2468/3154/3916 509/1975/3916 33/3149/3916
f 2468/3154/3917 2467/3153/3917 34/3150/3917 510/1976/3917
f 2468/3154/3918 2466/3152/3918 337/1827/3918 509/1975/3918
f 2466/3152/3919 2468/3154/3919 510/1976/3919 338/1828/3919
f 2469/3155/3920 2470/3156/3920 75/1822/3920 337/1827/3920
f 2470/3156/3921 2469/3155/3921 338/1828/3921 76/1825/3921
f 2470/3156/3922 2471/3157/3922 33/3149/3922 75/1822/3922
f 2471/3157/3923 2470/3156/3923 76/1825/3923 34/3150/3923
f 2471/3157/3924 2469/3155/3924 337/1827/3924 33/3149/3924
f 2469/3155/3925 2471/3157/3925 34/3150/3925 338/1828/3925
f 2472/3158/3926 2473/3159/3926 513/1818/3926 847/1814/3926
f 2473/3159/3927 2472/3158/3927 848/1815/3927 514/1819/3927
f 2473/3159/3928 2474/3160/3928 511/1759/3928 513/1818/3928
f 2474/3160/3929 2473/3159/3929 514/1819/3929 512/1762/3929
f 2474/3160/3930 2475/3161/3930 897/1760/3930 511/1759/3930
f 2475/3161/3931 2474/3160/3931 512/1762/3931 898/1761/3931
f 2475/3161/3932 2476/3162/3932 889/3163/3932 897/1760/3932
f 2476/3162/3933 2475/3161/3933 898/1761/3933 890/3164/3933
f 2476/3162/3934 2472/3158/3934 847/1814/3934 889/3163/3934
f 2472/3158/3935 2476/3162/3935 890/3164/3935 848/1815/3935
f 2477/3165/3936 2478/3166/3936 31/1774/3936 513/1818/3936
f 2478/3166/3937 2477/3165/3937 514/1819/3937 32/1775/3937
f 2478/3166/3938 2479/3167/3938 511/1759/3938 31/1774/3938
f 2479/3167/3939 2478/3166/3939 32/1775/3939 512/1762/3939
f 2479/3167/3940 2477/3165/3940 513/1818/3940 511/1759/3940
f 2477/3165/3941 2479/3167/3941 512/1762/3941 514/1819/3941
f 2480/3168/3942 2481/3169/3942 311/1238/3942 221/1243/3942
f 2481/3169/3943 2480/3168/3943 222/1244/3943 312/1239/3943
f 2481/3169/3944 2482/3170/3944 525/1937/3944 311/1238/3944
f 2482/3170/3945 2481/3169/3945 312/1239/3945 526/1938/3945
f 2482/3170/3946 2483/3171/3946 521/1910/3946 525/1937/3946
f 2483/3171/3947 2482/3170/3947 526/1938/3947 522/1911/3947
f 2483/3171/3948 2480/3168/3948 221/1243/3948 521/1910/3948
f 2480/3168/3949 2483/3171/3949 522/1911/3949 222/1244/3949
f 2484/3172/3950 2485/3173/3950 291/1165/3950 219/1550/3950
f 2485/3173/3951 2484/3172/3951 220/1551/3951 292/1166/3951
f 2485/3173/3952 2486/3174/3952 539/1983/3952 291/1165/3952
f 2486/3174/3953 2485/3173/3953 292/1166/3953 540/1984/3953
f 2486/3174/3954 2484/3172/3954 219/1550/3954 539/1983/3954
f 2484/3172/3955 2486/3174/3955 540/1984/3955 220/1551/3955
f 2487/3175/3956 2488/3176/3956 187/2078/3956 29/1823/3956
f 2488/3176/3957 2487/3175/3957 30/1824/3957 188/2079/3957
f 2488/3176/3958 2489/3177/3958 75/1822/3958 187/2078/3958
f 2489/3177/3959 2488/3176/3959 188/2079/3959 76/1825/3959
f 2489/3177/3960 2487/3175/3960 29/1823/3960 75/1822/3960
f 2487/3175/3961 2489/3177/3961 76/1825/3961 30/1824/3961
f 2490/3178/3962 2491/3179/3962 9/1844/3962 115/1849/3962
f 2491/3179/3963 2490/3178/3963 116/1850/3963 10/1847/3963
f 2491/3179/3964 2492/3180/3964 259/2737/3964 9/1844/3964
f 2492/3180/3965 2491/3179/3965 10/1847/3965 260/2738/3965
f 2492/3180/3966 2490/3178/3966 115/1849/3966 259/2737/3966
f 2490/3178/3967 2492/3180/3967 260/2738/3967 116/1850/3967
f 2493/3181/3968 2494/3182/3968 515/1858/3968 247/1853/3968
f 2494/3182/3969 2493/3181/3969 248/1854/3969 516/1859/3969
f 2494/3182/3970 2495/3183/3970 525/1937/3970 515/1858/3970
f 2495/3183/3971 2494/3182/3971 516/1859/3971 526/1938/3971
f 2495/3183/3972 2493/3181/3972 247/1853/3972 525/1937/3972
f 2493/3181/3973 2495/3183/3973 526/1938/3973 248/1854/3973
f 2496/3184/3974 2497/3185/3974 517/1864/3974 335/1871/3974
f 2497/3185/3975 2496/3184/3975 336/1872/3975 518/1865/3975
f 2497/3185/3976 2498/3186/3976 515/1858/3976 517/1864/3976
f 2498/3186/3977 2497/3185/3977 518/1865/3977 516/1859/3977
f 2498/3186/3978 2496/3184/3978 335/1871/3978 515/1858/3978
f 2496/3184/3979 2498/3186/3979 516/1859/3979 336/1872/3979
f 2499/3187/3980 2500/3188/3980 515/1858/3980 525/1937/3980
f 2500/3188/3981 2499/3187/3981 526/1938/3981 516/1859/3981
f 2500/3188/3982 2501/3189/3982 575/1863/3982 515/1858/3982
f 2501/3189/3983 2500/3188/3983 516/1859/3983 576/1866/3983
f 2501/3189/3984 2499/3187/3984 525/1937/3984 575/1863/3984
f 2499/3187/3985 2501/3189/3985 576/1866/3985 526/1938/3985
f 2502/3190/3986 2503/3191/3986 519/1870/3986 517/1864/3986
f 2503/3191/3987 2502/3190/3987 518/1865/3987 520/1873/3987
f 2503/3191/3988 2504/3192/3988 89/1877/3988 519/1870/3988
f 2504/3192/3989 2503/3191/3989 520/1873/3989 90/1878/3989
f 2504/3192/3990 2502/3190/3990 517/1864/3990 89/1877/3990
f 2502/3190/3991 2504/3192/3991 90/1878/3991 518/1865/3991
f 2505/3193/3992 2506/3194/3992 527/889/3992 223/897/3992
f 2506/3194/3993 2505/3193/3993 224/898/3993 528/890/3993
f 2506/3194/3994 2507/3195/3994 89/1877/3994 527/889/3994
f 2507/3195/3995 2506/3194/3995 528/890/3995 90/1878/3995
f 2507/3195/3996 2505/3193/3996 223/897/3996 89/1877/3996
f 2505/3193/3997 2507/3195/3997 90/1878/3997 224/898/3997
f 2508/3196/3998 2509/3197/3998 207/1887/3998 323/1258/3998
f 2509/3197/3999 2508/3196/3999 324/1261/3999 208/1888/3999
f 2509/3197/4000 2510/3198/4000 115/1263/4000 207/1887/4000
f 2510/3198/4001 2509/3197/4001 208/1888/4001 116/1264/4001
f 2510/3198/4002 2508/3196/4002 323/1258/4002 115/1263/4002
f 2508/3196/4003 2510/3198/4003 116/1264/4003 324/1261/4003
f 2511/3199/4004 2512/3200/4004 335/1883/4004 113/2004/4004
f 2512/3200/4005 2511/3199/4005 114/2005/4005 336/1884/4005
f 2512/3200/4006 2513/3201/4006 207/1887/4006 335/1883/4006
f 2513/3201/4007 2512/3200/4007 336/1884/4007 208/1888/4007
f 2513/3201/4008 2511/3199/4008 113/2004/4008 207/1887/4008
f 2511/3199/4009 2513/3201/4009 208/1888/4009 114/2005/4009
f 2514/3202/4010 2515/3203/4010 519/1891/4010 117/1896/4010
f 2515/3203/4011 2514/3202/4011 118/1897/4011 520/1894/4011
f 2515/3203/4012 2516/3204/4012 335/1883/4012 519/1891/4012
f 2516/3204/4013 2515/3203/4013 520/1894/4013 336/1884/4013
f 2516/3204/4014 2514/3202/4014 117/1896/4014 335/1883/4014
f 2514/3202/4015 2516/3204/4015 336/1884/4015 118/1897/4015
f 2517/3205/4016 2518/3206/4016 245/1253/4016 371/1901/4016
f 2518/3206/4017 2517/3205/4017 372/1902/4017 246/1254/4017
f 2518/3206/4018 2519/3207/4018 141/1900/4018 245/1253/4018
f 2519/3207/4019 2518/3206/4019 246/1254/4019 142/1903/4019
f 2519/3207/4020 2517/3205/4020 371/1901/4020 141/1900/4020
f 2517/3205/4021 2519/3207/4021 142/1903/4021 372/1902/4021
f 2520/3208/4022 2521/3209/4022 343/1933/4022 117/1896/4022
f 2521/3209/4023 2520/3208/4023 118/1897/4023 344/1934/4023
f 2521/3209/4024 2522/3210/4024 353/1726/4024 343/1933/4024
f 2522/3210/4025 2521/3209/4025 344/1934/4025 354/1729/4025
f 2522/3210/4026 2523/3211/4026 35/1727/4026 353/1726/4026
f 2523/3211/4027 2522/3210/4027 354/1729/4027 36/1728/4027
f 2523/3211/4028 2520/3208/4028 117/1896/4028 35/1727/4028
f 2520/3208/4029 2523/3211/4029 36/1728/4029 118/1897/4029
f 2524/3212/4030 2525/3213/4030 307/1905/4030 521/1910/4030
f 2525/3213/4031 2524/3212/4031 522/1911/4031 308/1906/4031
f 2525/3213/4032 2526/3214/4032 221/1243/4032 307/1905/4032
f 2526/3214/4033 2525/3213/4033 308/1906/4033 222/1244/4033
f 2526/3214/4034 2524/3212/4034 521/1910/4034 221/1243/4034
f 2524/3212/4035 2526/3214/4035 222/1244/4035 522/1911/4035
f 2527/3215/4036 2528/3216/4036 523/893/4036 371/1901/4036
f 2528/3216/4037 2527/3215/4037 372/1902/4037 524/894/4037
f 2528/3216/4038 2529/3217/4038 245/1253/4038 523/893/4038
f 2529/3217/4039 2528/3216/4039 524/894/4039 246/1254/4039
f 2529/3217/4040 2527/3215/4040 371/1901/4040 245/1253/4040
f 2527/3215/4041 2529/3217/4041 246/1254/4041 372/1902/4041
f 2530/3218/4042 2531/3219/4042 547/1793/4042 545/1915/4042
f 2531/3219/4043 2530/3218/4043 546/1916/4043 548/1794/4043
f 2531/3219/4044 2532/3220/4044 291/2060/4044 547/1793/4044
f 2532/3220/4045 2531/3219/4045 548/1794/4045 292/2061/4045
f 2532/3220/4046 2530/3218/4046 545/1915/4046 291/2060/4046
f 2530/3218/4047 2532/3220/4047 292/2061/4047 546/1916/4047
f 2533/3221/4048 2534/3222/4048 285/1740/4048 65/1923/4048
f 2534/3222/4049 2533/3221/4049 66/1924/4049 286/1743/4049
f 2534/3222/4050 2535/3223/4050 37/1741/4050 285/1740/4050
f 2535/3223/4051 2534/3222/4051 286/1743/4051 38/1742/4051
f 2535/3223/4052 2533/3221/4052 65/1923/4052 37/1741/4052
f 2533/3221/4053 2535/3223/4053 38/1742/4053 66/1924/4053
f 2536/3224/4054 2537/3225/4054 65/1923/4054 53/1930/4054
f 2537/3225/4055 2536/3224/4055 54/1931/4055 66/1924/4055
f 2537/3225/4056 2538/3226/4056 549/1926/4056 65/1923/4056
f 2538/3226/4057 2537/3225/4057 66/1924/4057 550/1927/4057
f 2538/3226/4058 2536/3224/4058 53/1930/4058 549/1926/4058
f 2536/3224/4059 2538/3226/4059 550/1927/4059 54/1931/4059
f 2539/3227/4060 2540/3228/4060 377/823/4060 323/1258/4060
f 2540/3228/4061 2539/3227/4061 324/1261/4061 378/824/4061
f 2540/3228/4062 2541/3229/4062 53/1930/4062 377/823/4062
f 2541/3229/4063 2540/3228/4063 378/824/4063 54/1931/4063
f 2541/3229/4064 2539/3227/4064 323/1258/4064 53/1930/4064
f 2539/3227/4065 2541/3229/4065 54/1931/4065 324/1261/4065
f 2542/3230/4066 2543/3231/4066 255/2064/4066 263/3145/4066
f 2543/3231/4067 2542/3230/4067 264/3146/4067 256/2065/4067
f 2543/3231/4068 2544/3232/4068 195/2022/4068 255/2064/4068
f 2544/3232/4069 2543/3231/4069 256/2065/4069 196/2023/4069
f 2544/3232/4070 2545/3233/4070 257/1840/4070 195/2022/4070
f 2545/3233/4071 2544/3232/4071 196/2023/4071 258/1841/4071
f 2545/3233/4072 2542/3230/4072 263/3145/4072 257/1840/4072
f 2542/3230/4073 2545/3233/4073 258/1841/4073 264/3146/4073
f 2546/3234/4074 2547/3235/4074 213/818/4074 377/823/4074
f 2547/3235/4075 2546/3234/4075 378/824/4075 214/821/4075
f 2547/3235/4076 2548/3236/4076 285/3237/4076 213/818/4076
f 2548/3236/4077 2547/3235/4077 214/821/4077 286/3238/4077
f 2548/3236/4078 2546/3234/4078 377/823/4078 285/3237/4078
f 2546/3234/4079 2548/3236/4079 286/3238/4079 378/824/4079
f 2549/3239/4080 2550/3240/4080 9/1844/4080 235/1940/4080
f 2550/3240/4081 2549/3239/4081 236/1941/4081 10/1847/4081
f 2550/3240/4082 2551/3241/4082 247/1853/4082 9/1844/4082
f 2551/3241/4083 2550/3240/4083 10/1847/4083 248/1854/4083
f 2551/3241/4084 2549/3239/4084 235/1940/4084 247/1853/4084
f 2549/3239/4085 2551/3241/4085 248/1854/4085 236/1941/4085
f 2552/3242/4086 2553/3243/4086 525/1937/4086 235/1940/4086
f 2553/3243/4087 2552/3242/4087 236/1941/4087 526/1938/4087
f 2553/3243/4088 2554/3244/4088 311/1238/4088 525/1937/4088
f 2554/3244/4089 2553/3243/4089 526/1938/4089 312/1239/4089
f 2554/3244/4090 2552/3242/4090 235/1940/4090 311/1238/4090
f 2552/3242/4091 2554/3244/4091 312/1239/4091 236/1941/4091
f 2555/3245/4092 2556/3246/4092 575/1863/4092 525/1937/4092
f 2556/3246/4093 2555/3245/4093 526/1938/4093 576/1866/4093
f 2556/3246/4094 2557/3247/4094 521/1910/4094 575/1863/4094
f 2557/3247/4095 2556/3246/4095 576/1866/4095 522/1911/4095
f 2557/3247/4096 2555/3245/4096 525/1937/4096 521/1910/4096
f 2555/3245/4097 2557/3247/4097 522/1911/4097 526/1938/4097
f 2558/3248/4098 2559/3249/4098 89/1877/4098 575/1863/4098
f 2559/3249/4099 2558/3248/4099 576/1866/4099 90/1878/4099
f 2559/3249/4100 2560/3250/4100 371/1901/4100 89/1877/4100
f 2560/3250/4101 2559/3249/4101 90/1878/4101 372/1902/4101
f 2560/3250/4102 2558/3248/4102 575/1863/4102 371/1901/4102
f 2558/3248/4103 2560/3250/4103 372/1902/4103 576/1866/4103
f 2561/3251/4104 2562/3252/4104 89/1877/4104 371/1901/4104
f 2562/3252/4105 2561/3251/4105 372/1902/4105 90/1878/4105
f 2562/3252/4106 2563/3253/4106 523/893/4106 89/1877/4106
f 2563/3253/4107 2562/3252/4107 90/1878/4107 524/894/4107
f 2563/3253/4108 2561/3251/4108 371/1901/4108 523/893/4108
f 2561/3251/4109 2563/3253/4109 524/894/4109 372/1902/4109
f 2564/3254/4110 2565/3255/4110 89/1877/4110 523/893/4110
f 2565/3255/4111 2564/3254/4111 524/894/4111 90/1878/4111
f 2565/3255/4112 2566/3256/4112 527/889/4112 89/1877/4112
f 2566/3256/4113 2565/3255/4113 90/1878/4113 528/890/4113
f 2566/3256/4114 2564/3254/4114 523/893/4114 527/889/4114
f 2564/3254/4115 2566/3256/4115 528/890/4115 524/894/4115
f 2567/3257/4116 2568/3258/4116 307/1905/4116 221/1243/4116
f 2568/3258/4117 2567/3257/4117 222/1244/4117 308/1906/4117
f 2568/3258/4118 2569/3259/4118 529/1950/4118 307/1905/4118
f 2569/3259/4119 2568/3258/4119 308/1906/4119 530/1951/4119
f 2569/3259/4120 2567/3257/4120 221/1243/4120 529/1950/4120
f 2567/3257/4121 2569/3259/4121 530/1951/4121 222/1244/4121
f 2570/3260/4122 2571/3261/4122 307/1905/4122 529/1950/4122
f 2571/3261/4123 2570/3260/4123 530/1951/4123 308/1906/4123
f 2571/3261/4124 2572/3262/4124 331/1956/4124 307/1905/4124
f 2572/3262/4125 2571/3261/4125 308/1906/4125 332/1957/4125
f 2572/3262/4126 2570/3260/4126 529/1950/4126 331/1956/4126
f 2570/3260/4127 2572/3262/4127 332/1957/4127 530/1951/4127
f 2573/3263/4128 2574/3264/4128 245/1253/4128 141/1900/4128
f 2574/3264/4129 2573/3263/4129 142/1903/4129 246/1254/4129
f 2574/3264/4130 2575/3265/4130 239/1960/4130 245/1253/4130
f 2575/3265/4131 2574/3264/4131 246/1254/4131 240/1961/4131
f 2575/3265/4132 2573/3263/4132 141/1900/4132 239/1960/4132
f 2573/3263/4133 2575/3265/4133 240/1961/4133 142/1903/4133
f 2576/3266/4134 2577/3267/4134 533/1488/4134 791/3268/4134
f 2577/3267/4135 2576/3266/4135 792/3269/4135 534/1489/4135
f 2577/3267/4136 2578/3270/4136 305/1970/4136 533/1488/4136
f 2578/3270/4137 2577/3267/4137 534/1489/4137 306/1971/4137
f 2578/3270/4138 2579/3271/4138 833/2387/4138 305/1970/4138
f 2579/3271/4139 2578/3270/4139 306/1971/4139 834/2388/4139
f 2579/3271/4140 2580/3272/4140 907/3273/4140 833/2387/4140
f 2580/3272/4141 2579/3271/4141 834/2388/4141 908/3274/4141
f 2580/3272/4142 2576/3266/4142 791/3268/4142 907/3273/4142
f 2576/3266/4143 2580/3272/4143 908/3274/4143 792/3269/4143
f 2581/3275/4144 2582/3276/4144 29/1823/4144 187/2078/4144
f 2582/3276/4145 2581/3275/4145 188/2079/4145 30/1824/4145
f 2582/3276/4146 2583/3277/4146 373/2029/4146 29/1823/4146
f 2583/3277/4147 2582/3276/4147 30/1824/4147 374/2030/4147
f 2583/3277/4148 2581/3275/4148 187/2078/4148 373/2029/4148
f 2581/3275/4149 2583/3277/4149 374/2030/4149 188/2079/4149
f 2584/3278/4150 2585/3279/4150 227/1978/4150 33/3149/4150
f 2585/3279/4151 2584/3278/4151 34/3150/4151 228/1979/4151
f 2585/3279/4152 2586/3280/4152 509/1975/4152 227/1978/4152
f 2586/3280/4153 2585/3279/4153 228/1979/4153 510/1976/4153
f 2586/3280/4154 2584/3278/4154 33/3149/4154 509/1975/4154
f 2584/3278/4155 2586/3280/4155 510/1976/4155 34/3150/4155
f 2587/3281/4156 2588/3282/4156 539/1983/4156 219/1550/4156
f 2588/3282/4157 2587/3281/4157 220/1551/4157 540/1984/4157
f 2588/3282/4158 2589/3283/4158 455/1305/4158 539/1983/4158
f 2589/3283/4159 2588/3282/4159 540/1984/4159 456/1306/4159
f 2589/3283/4160 2587/3281/4160 219/1550/4160 455/1305/4160
f 2587/3281/4161 2589/3283/4161 456/1306/4161 220/1551/4161
f 2590/3284/4162 2591/3285/4162 331/1956/4162 529/1950/4162
f 2591/3285/4163 2590/3284/4163 530/1951/4163 332/1957/4163
f 2591/3285/4164 2592/3286/4164 387/1919/4164 331/1956/4164
f 2592/3286/4165 2591/3285/4165 332/1957/4165 388/1920/4165
f 2592/3286/4166 2590/3284/4166 529/1950/4166 387/1919/4166
f 2590/3284/4167 2592/3286/4167 388/1920/4167 530/1951/4167
f 2593/3287/4168 2594/3288/4168 51/1789/4168 387/1919/4168
f 2594/3288/4169 2593/3287/4169 388/1920/4169 52/1790/4169
f 2594/3288/4170 2595/3289/4170 547/1793/4170 51/1789/4170
f 2595/3289/4171 2594/3288/4171 52/1790/4171 548/1794/4171
f 2595/3289/4172 2593/3287/4172 387/1919/4172 547/1793/4172
f 2593/3287/4173 2595/3289/4173 548/1794/4173 388/1920/4173
f 2596/3290/4174 2597/3291/4174 109/1162/4174 237/1996/4174
f 2597/3291/4175 2596/3290/4175 238/1997/4175 110/1163/4175
f 2597/3291/4176 2598/3292/4176 399/946/4176 109/1162/4176
f 2598/3292/4177 2597/3291/4177 110/1163/4177 400/947/4177
f 2598/3292/4178 2596/3290/4178 237/1996/4178 399/946/4178
f 2596/3290/4179 2598/3292/4179 400/947/4179 238/1997/4179
f 2599/3293/4180 2600/3294/4180 533/1488/4180 305/1970/4180
f 2600/3294/4181 2599/3293/4181 306/1971/4181 534/1489/4181
f 2600/3294/4182 2601/3295/4182 251/1965/4182 533/1488/4182
f 2601/3295/4183 2600/3294/4183 534/1489/4183 252/1966/4183
f 2601/3295/4184 2599/3293/4184 305/1970/4184 251/1965/4184
f 2599/3293/4185 2601/3295/4185 252/1966/4185 306/1971/4185
f 2602/3296/4186 2603/3297/4186 535/1487/4186 839/3298/4186
f 2603/3297/4187 2602/3296/4187 840/3299/4187 536/1490/4187
f 2603/3297/4188 2604/3300/4188 533/1488/4188 535/1487/4188
f 2604/3300/4189 2603/3297/4189 536/1490/4189 534/1489/4189
f 2604/3300/4190 2605/3301/4190 791/3268/4190 533/1488/4190
f 2605/3301/4191 2604/3300/4191 534/1489/4191 792/3269/4191
f 2605/3301/4192 2606/3302/4192 787/3303/4192 791/3268/4192
f 2606/3302/4193 2605/3301/4193 792/3269/4193 788/3304/4193
f 2606/3302/4194 2602/3296/4194 839/3298/4194 787/3303/4194
f 2602/3296/4195 2606/3302/4195 788/3304/4195 840/3299/4195
f 2607/3305/4196 2608/3306/4196 811/1783/4196 809/3307/4196
f 2608/3306/4197 2607/3305/4197 810/3308/4197 812/1784/4197
f 2608/3306/4198 2609/3309/4198 511/1759/4198 811/1783/4198
f 2609/3309/4199 2608/3306/4199 812/1784/4199 512/1762/4199
f 2609/3309/4200 2610/3310/4200 535/1487/4200 511/1759/4200
f 2610/3310/4201 2609/3309/4201 512/1762/4201 536/1490/4201
f 2610/3310/4202 2611/3311/4202 819/3312/4202 535/1487/4202
f 2611/3311/4203 2610/3310/4203 536/1490/4203 820/3313/4203
f 2611/3311/4204 2607/3305/4204 809/3307/4204 819/3312/4204
f 2607/3305/4205 2611/3311/4205 820/3313/4205 810/3308/4205
f 2612/3314/4206 2613/3315/4206 535/1487/4206 819/3312/4206
f 2613/3315/4207 2612/3314/4207 820/3313/4207 536/1490/4207
f 2613/3315/4208 2614/3316/4208 839/3298/4208 535/1487/4208
f 2614/3316/4209 2613/3315/4209 536/1490/4209 840/3299/4209
f 2614/3316/4210 2612/3314/4210 819/3312/4210 839/3298/4210
f 2612/3314/4211 2614/3316/4211 840/3299/4211 820/3313/4211
f 2615/3317/4212 2616/3318/4212 345/1071/4212 117/1896/4212
f 2616/3318/4213 2615/3317/4213 118/1897/4213 346/1072/4213
f 2616/3318/4214 2617/3319/4214 223/1892/4214 345/1071/4214
f 2617/3319/4215 2616/3318/4215 346/1072/4215 224/1893/4215
f 2617/3319/4216 2615/3317/4216 117/1896/4216 223/1892/4216
f 2615/3317/4217 2617/3319/4217 224/1893/4217 118/1897/4217
f 2618/3320/4218 2619/3321/4218 343/1933/4218 113/2004/4218
f 2619/3321/4219 2618/3320/4219 114/2005/4219 344/1934/4219
f 2619/3321/4220 2620/3322/4220 117/1896/4220 343/1933/4220
f 2620/3322/4221 2619/3321/4221 344/1934/4221 118/1897/4221
f 2620/3322/4222 2618/3320/4222 113/2004/4222 117/1896/4222
f 2618/3320/4223 2620/3322/4223 118/1897/4223 114/2005/4223
f 2621/3323/4224 2622/3324/4224 113/2004/4224 335/1883/4224
f 2622/3324/4225 2621/3323/4225 336/1884/4225 114/2005/4225
f 2622/3324/4226 2623/3325/4226 117/1896/4226 113/2004/4226
f 2623/3325/4227 2622/3324/4227 114/2005/4227 118/1897/4227
f 2623/3325/4228 2621/3323/4228 335/1883/4228 117/1896/4228
f 2621/3323/4229 2623/3325/4229 118/1897/4229 336/1884/4229
f 2624/3326/4230 2625/3327/4230 285/1740/4230 179/1754/4230
f 2625/3327/4231 2624/3326/4231 180/1755/4231 286/1743/4231
f 2625/3327/4232 2626/3328/4232 303/3329/4232 285/1740/4232
f 2626/3328/4233 2625/3327/4233 286/1743/4233 304/3330/4233
f 2626/3328/4234 2627/3331/4234 41/3332/4234 303/3329/4234
f 2627/3331/4235 2626/3328/4235 304/3330/4235 42/3333/4235
f 2627/3331/4236 2624/3326/4236 179/1754/4236 41/3332/4236
f 2624/3326/4237 2627/3331/4237 42/3333/4237 180/1755/4237
f 2628/3334/4238 2629/3335/4238 881/3336/4238 873/2014/4238
f 2629/3335/4239 2628/3334/4239 874/2017/4239 882/3337/4239
f 2629/3335/4240 2630/3338/4240 345/1071/4240 881/3336/4240
f 2630/3338/4241 2629/3335/4241 882/3337/4241 346/1072/4241
f 2630/3338/4242 2628/3334/4242 873/2014/4242 345/1071/4242
f 2628/3334/4243 2630/3338/4243 346/1072/4243 874/2017/4243
f 2631/3339/4244 2632/3340/4244 893/3341/4244 881/3336/4244
f 2632/3340/4245 2631/3339/4245 882/3337/4245 894/3342/4245
f 2632/3340/4246 2633/3343/4246 345/1071/4246 893/3341/4246
f 2633/3343/4247 2632/3340/4247 894/3342/4247 346/1072/4247
f 2633/3343/4248 2631/3339/4248 881/3336/4248 345/1071/4248
f 2631/3339/4249 2633/3343/4249 346/1072/4249 882/3337/4249
f 2634/3344/4250 2635/3345/4250 345/1071/4250 901/2686/4250
f 2635/3345/4251 2634/3344/4251 902/2687/4251 346/1072/4251
f 2635/3345/4252 2636/3346/4252 893/3341/4252 345/1071/4252
f 2636/3346/4253 2635/3345/4253 346/1072/4253 894/3342/4253
f 2636/3346/4254 2634/3344/4254 901/2686/4254 893/3341/4254
f 2634/3344/4255 2636/3346/4255 894/3342/4255 902/2687/4255
f 2637/3347/4256 2638/3348/4256 259/1259/4256 323/1258/4256
f 2638/3348/4257 2637/3347/4257 324/1261/4257 260/1260/4257
f 2638/3348/4258 2639/3349/4258 377/823/4258 259/1259/4258
f 2639/3349/4259 2638/3348/4259 260/1260/4259 378/824/4259
f 2639/3349/4260 2637/3347/4260 323/1258/4260 377/823/4260
f 2637/3347/4261 2639/3349/4261 378/824/4261 324/1261/4261
f 2640/3350/4262 2641/3351/4262 537/819/4262 259/1259/4262
f 2641/3351/4263 2640/3350/4263 260/1260/4263 538/820/4263
f 2641/3351/4264 2642/3352/4264 377/823/4264 537/819/4264
f 2642/3352/4265 2641/3351/4265 538/820/4265 378/824/4265
f 2642/3352/4266 2640/3350/4266 259/1259/4266 377/823/4266
f 2640/3350/4267 2642/3352/4267 378/824/4267 260/1260/4267
f 2643/3353/4268 2644/3354/4268 539/1983/4268 107/1797/4268
f 2644/3354/4269 2643/3353/4269 108/1798/4269 540/1984/4269
f 2644/3354/4270 2645/3355/4270 291/2060/4270 539/1983/4270
f 2645/3355/4271 2644/3354/4271 540/1984/4271 292/2061/4271
f 2645/3355/4272 2643/3353/4272 107/1797/4272 291/2060/4272
f 2643/3353/4273 2645/3355/4273 292/2061/4273 108/1798/4273
f 2646/3356/4274 2647/3357/4274 303/3329/4274 213/3358/4274
f 2647/3357/4275 2646/3356/4275 214/3359/4275 304/3330/4275
f 2647/3357/4276 2648/3360/4276 285/1740/4276 303/3329/4276
f 2648/3360/4277 2647/3357/4277 304/3330/4277 286/1743/4277
f 2648/3360/4278 2646/3356/4278 213/3358/4278 285/1740/4278
f 2646/3356/4279 2648/3360/4279 286/1743/4279 214/3359/4279
f 2649/3361/4280 2650/3362/4280 509/1975/4280 91/1492/4280
f 2650/3362/4281 2649/3361/4281 92/1493/4281 510/1976/4281
f 2650/3362/4282 2651/3363/4282 239/1960/4282 509/1975/4282
f 2651/3363/4283 2650/3362/4283 510/1976/4283 240/1961/4283
f 2651/3363/4284 2652/3364/4284 251/1965/4284 239/1960/4284
f 2652/3364/4285 2651/3363/4285 240/1961/4285 252/1966/4285
f 2652/3364/4286 2649/3361/4286 91/1492/4286 251/1965/4286
f 2649/3361/4287 2652/3364/4287 252/1966/4287 92/1493/4287
f 2653/3365/4288 2654/3366/4288 531/3142/4288 167/2077/4288
f 2654/3366/4289 2653/3365/4289 168/2080/4289 532/3143/4289
f 2654/3366/4290 2655/3367/4290 263/3145/4290 531/3142/4290
f 2655/3367/4291 2654/3366/4291 532/3143/4291 264/3146/4291
f 2655/3367/4292 2653/3365/4292 167/2077/4292 263/3145/4292
f 2653/3365/4293 2655/3367/4293 264/3146/4293 168/2080/4293
f 2656/3368/4294 2657/3369/4294 373/1731/4294 375/2090/4294
f 2657/3369/4295 2656/3368/4295 376/2091/4295 374/1732/4295
f 2657/3369/4296 2658/3370/4296 541/2525/4296 373/1731/4296
f 2658/3370/4297 2657/3369/4297 374/1732/4297 542/2526/4297
f 2658/3370/4298 2656/3368/4298 375/2090/4298 541/2525/4298
f 2656/3368/4299 2658/3370/4299 542/2526/4299 376/2091/4299
f 2659/3371/4300 2660/3372/4300 37/1741/4300 353/1726/4300
f 2660/3372/4301 2659/3371/4301 354/1729/4301 38/1742/4301
f 2660/3372/4302 2661/3373/4302 167/1735/4302 37/1741/4302
f 2661/3373/4303 2660/3372/4303 38/1742/4303 168/1736/4303
f 2661/3373/4304 2659/3371/4304 353/1726/4304 167/1735/4304
f 2659/3371/4305 2661/3373/4305 168/1736/4305 354/1729/4305
f 2662/3374/4306 2663/3375/4306 531/1749/4306 37/1741/4306
f 2663/3375/4307 2662/3374/4307 38/1742/4307 532/1750/4307
f 2663/3375/4308 2664/3376/4308 167/1735/4308 531/1749/4308
f 2664/3376/4309 2663/3375/4309 532/1750/4309 168/1736/4309
f 2664/3376/4310 2662/3374/4310 37/1741/4310 167/1735/4310
f 2662/3374/4311 2664/3376/4311 168/1736/4311 38/1742/4311
f 2665/3377/4312 2666/3378/4312 91/1492/4312 509/1975/4312
f 2666/3378/4313 2665/3377/4313 510/1976/4313 92/1493/4313
f 2666/3378/4314 2667/3379/4314 337/1827/4314 91/1492/4314
f 2667/3379/4315 2666/3378/4315 92/1493/4315 338/1828/4315
f 2667/3379/4316 2665/3377/4316 509/1975/4316 337/1827/4316
f 2665/3377/4317 2667/3379/4317 338/1828/4317 510/1976/4317
f 2668/3380/4318 2669/3381/4318 195/2022/4318 193/1982/4318
f 2669/3381/4319 2668/3380/4319 194/1985/4319 196/2023/4319
f 2669/3381/4320 2670/3382/4320 179/2051/4320 195/2022/4320
f 2670/3382/4321 2669/3381/4321 196/2023/4321 180/2052/4321
f 2670/3382/4322 2668/3380/4322 193/1982/4322 179/2051/4322
f 2668/3380/4323 2670/3382/4323 180/2052/4323 194/1985/4323
f 2671/3383/4324 2672/3384/4324 283/2038/4324 263/3145/4324
f 2672/3384/4325 2671/3383/4325 264/3146/4325 284/2039/4325
f 2672/3384/4326 2673/3385/4326 167/2077/4326 283/2038/4326
f 2673/3385/4327 2672/3384/4327 284/2039/4327 168/2080/4327
f 2673/3385/4328 2671/3383/4328 263/3145/4328 167/2077/4328
f 2671/3383/4329 2673/3385/4329 168/2080/4329 264/3146/4329
f 2674/3386/4330 2675/3387/4330 257/1840/4330 263/3145/4330
f 2675/3387/4331 2674/3386/4331 264/3146/4331 258/1841/4331
f 2675/3387/4332 2676/3388/4332 283/2038/4332 257/1840/4332
f 2676/3388/4333 2675/3387/4333 258/1841/4333 284/2039/4333
f 2676/3388/4334 2674/3386/4334 263/3145/4334 283/2038/4334
f 2674/3386/4335 2676/3388/4335 284/2039/4335 264/3146/4335
f 2677/3389/4336 2678/3390/4336 29/1823/4336 169/1496/4336
f 2678/3390/4337 2677/3389/4337 170/1499/4337 30/1824/4337
f 2678/3390/4338 2679/3391/4338 249/1805/4338 29/1823/4338
f 2679/3391/4339 2678/3390/4339 30/1824/4339 250/1806/4339
f 2679/3391/4340 2677/3389/4340 169/1496/4340 249/1805/4340
f 2677/3389/4341 2679/3391/4341 250/1806/4341 170/1499/4341
f 2680/3392/4342 2681/3393/4342 75/1822/4342 227/1978/4342
f 2681/3393/4343 2680/3392/4343 228/1979/4343 76/1825/4343
f 2681/3393/4344 2682/3394/4344 309/1800/4344 75/1822/4344
f 2682/3394/4345 2681/3393/4345 76/1825/4345 310/1801/4345
f 2682/3394/4346 2683/3395/4346 543/1788/4346 309/1800/4346
f 2683/3395/4347 2682/3394/4347 310/1801/4347 544/1791/4347
f 2683/3395/4348 2680/3392/4348 227/1978/4348 543/1788/4348
f 2680/3392/4349 2683/3395/4349 544/1791/4349 228/1979/4349
f 2684/3396/4350 2685/3397/4350 331/1956/4350 51/1789/4350
f 2685/3397/4351 2684/3396/4351 52/1790/4351 332/1957/4351
f 2685/3397/4352 2686/3398/4352 227/1978/4352 331/1956/4352
f 2686/3398/4353 2685/3397/4353 332/1957/4353 228/1979/4353
f 2686/3398/4354 2684/3396/4354 51/1789/4354 227/1978/4354
f 2684/3396/4355 2686/3398/4355 228/1979/4355 52/1790/4355
f 2687/3399/4356 2688/3400/4356 237/1914/4356 529/1950/4356
f 2688/3400/4357 2687/3399/4357 530/1951/4357 238/1917/4357
f 2688/3400/4358 2689/3401/4358 399/946/4358 237/1914/4358
f 2689/3401/4359 2688/3400/4359 238/1917/4359 400/947/4359
f 2689/3401/4360 2690/3402/4360 11/955/4360 399/946/4360
f 2690/3402/4361 2689/3401/4361 400/947/4361 12/956/4361
f 2690/3402/4362 2687/3399/4362 529/1950/4362 11/955/4362
f 2687/3399/4363 2690/3402/4363 12/956/4363 530/1951/4363
f 2691/3403/4364 2692/3404/4364 545/1915/4364 237/1914/4364
f 2692/3404/4365 2691/3403/4365 238/1917/4365 546/1916/4365
f 2692/3404/4366 2693/3405/4366 291/2060/4366 545/1915/4366
f 2693/3405/4367 2692/3404/4367 546/1916/4367 292/2061/4367
f 2693/3405/4368 2691/3403/4368 237/1914/4368 291/2060/4368
f 2691/3403/4369 2693/3405/4369 292/2061/4369 238/1917/4369
f 2694/3406/4370 2695/3407/4370 529/1950/4370 237/1914/4370
f 2695/3407/4371 2694/3406/4371 238/1917/4371 530/1951/4371
f 2695/3407/4372 2696/3408/4372 387/1919/4372 529/1950/4372
f 2696/3408/4373 2695/3407/4373 530/1951/4373 388/1920/4373
f 2696/3408/4374 2694/3406/4374 237/1914/4374 387/1919/4374
f 2694/3406/4375 2696/3408/4375 388/1920/4375 238/1917/4375
f 2697/3409/4376 2698/3410/4376 37/1741/4376 549/1926/4376
f 2698/3410/4377 2697/3409/4377 550/1927/4377 38/1742/4377
f 2698/3410/4378 2699/3411/4378 353/1726/4378 37/1741/4378
f 2699/3411/4379 2698/3410/4379 38/1742/4379 354/1729/4379
f 2699/3411/4380 2697/3409/4380 549/1926/4380 353/1726/4380
f 2697/3409/4381 2699/3411/4381 354/1729/4381 550/1927/4381
f 2700/3412/4382 2701/3413/4382 351/1832/4382 29/1823/4382
f 2701/3413/4383 2700/3412/4383 30/1824/4383 352/1833/4383
f 2701/3413/4384 2702/3414/4384 513/1818/4384 351/1832/4384
f 2702/3414/4385 2701/3413/4385 352/1833/4385 514/1819/4385
f 2702/3414/4386 2700/3412/4386 29/1823/4386 513/1818/4386
f 2700/3412/4387 2702/3414/4387 514/1819/4387 30/1824/4387
f 2703/3415/4388 2704/3416/4388 31/1774/4388 351/1832/4388
f 2704/3416/4389 2703/3415/4389 352/1833/4389 32/1775/4389
f 2704/3416/4390 2705/3417/4390 513/1818/4390 31/1774/4390
f 2705/3417/4391 2704/3416/4391 32/1775/4391 514/1819/4391
f 2705/3417/4392 2703/3415/4392 351/1832/4392 513/1818/4392
f 2703/3415/4393 2705/3417/4393 514/1819/4393 352/1833/4393
f 2706/3418/4394 2707/3419/4394 227/1978/4394 239/1960/4394
f 2707/3419/4395 2706/3418/4395 240/1961/4395 228/1979/4395
f 2707/3419/4396 2708/3420/4396 331/1956/4396 227/1978/4396
f 2708/3420/4397 2707/3419/4397 228/1979/4397 332/1957/4397
f 2708/3420/4398 2706/3418/4398 239/1960/4398 331/1956/4398
f 2706/3418/4399 2708/3420/4399 332/1957/4399 240/1961/4399
f 2709/3421/4400 2710/3422/4400 541/2525/4400 375/2090/4400
f 2710/3422/4401 2709/3421/4401 376/2091/4401 542/2526/4401
f 2710/3422/4402 2711/3423/4402 345/1071/4402 541/2525/4402
f 2711/3423/4403 2710/3422/4403 542/2526/4403 346/1072/4403
f 2711/3423/4404 2709/3421/4404 375/2090/4404 345/1071/4404
f 2709/3421/4405 2711/3423/4405 346/1072/4405 376/2091/4405
f 2712/3424/4406 2713/3425/4406 249/1805/4406 169/1496/4406
f 2713/3425/4407 2712/3424/4407 170/1499/4407 250/1806/4407
f 2713/3425/4408 2714/3426/4408 39/791/4408 249/1805/4408
f 2714/3426/4409 2713/3425/4409 250/1806/4409 40/792/4409
f 2714/3426/4410 2712/3424/4410 169/1496/4410 39/791/4410
f 2712/3424/4411 2714/3426/4411 40/792/4411 170/1499/4411
f 2715/3427/4412 2716/3428/4412 375/2090/4412 35/1727/4412
f 2716/3428/4413 2715/3427/4413 36/1728/4413 376/2091/4413
f 2716/3428/4414 2717/3429/4414 117/1896/4414 375/2090/4414
f 2717/3429/4415 2716/3428/4415 376/2091/4415 118/1897/4415
f 2717/3429/4416 2715/3427/4416 35/1727/4416 117/1896/4416
f 2715/3427/4417 2717/3429/4417 118/1897/4417 36/1728/4417
f 2718/3430/4418 2719/3431/4418 195/2022/4418 257/1840/4418
f 2719/3431/4419 2718/3430/4419 258/1841/4419 196/2023/4419
f 2719/3431/4420 2720/3432/4420 107/1797/4420 195/2022/4420
f 2720/3432/4421 2719/3431/4421 196/2023/4421 108/1798/4421
f 2720/3432/4422 2718/3430/4422 257/1840/4422 107/1797/4422
f 2718/3430/4423 2720/3432/4423 108/1798/4423 258/1841/4423
f 2721/3433/4424 2722/3434/4424 197/3435/4424 59/2203/4424
f 2722/3434/4425 2721/3433/4425 60/2204/4425 198/3436/4425
f 2722/3434/4426 2723/3437/4426 381/3438/4426 197/3435/4426
f 2723/3437/4427 2722/3434/4427 198/3436/4427 382/3439/4427
f 2723/3437/4428 2724/3440/4428 433/3441/4428 381/3438/4428
f 2724/3440/4429 2723/3437/4429 382/3439/4429 434/3442/4429
f 2724/3440/4430 2721/3433/4430 59/2203/4430 433/3441/4430
f 2721/3433/4431 2724/3440/4431 434/3442/4431 60/2204/4431
f 2725/3443/4432 2726/3444/4432 83/2107/4432 215/3445/4432
f 2726/3444/4433 2725/3443/4433 216/3446/4433 84/2108/4433
f 2726/3444/4434 2727/3447/4434 61/2145/4434 83/2107/4434
f 2727/3447/4435 2726/3444/4435 84/2108/4435 62/2146/4435
f 2727/3447/4436 2725/3443/4436 215/3445/4436 61/2145/4436
f 2725/3443/4437 2727/3447/4437 62/2146/4437 216/3446/4437
f 2728/3448/4438 2729/3449/4438 555/2126/4438 83/2107/4438
f 2729/3449/4439 2728/3448/4439 84/2108/4439 556/2129/4439
f 2729/3449/4440 2730/3450/4440 61/2145/4440 555/2126/4440
f 2730/3450/4441 2729/3449/4441 556/2129/4441 62/2146/4441
f 2730/3450/4442 2728/3448/4442 83/2107/4442 61/2145/4442
f 2728/3448/4443 2730/3450/4443 62/2146/4443 84/2108/4443
f 2731/3451/4444 2732/3452/4444 43/2115/4444 379/2099/4444
f 2732/3452/4445 2731/3451/4445 380/2100/4445 44/2116/4445
f 2732/3452/4446 2733/3453/4446 551/2098/4446 43/2115/4446
f 2733/3453/4447 2732/3452/4447 44/2116/4447 552/2101/4447
f 2733/3453/4448 2731/3451/4448 379/2099/4448 551/2098/4448
f 2731/3451/4449 2733/3453/4449 552/2101/4449 380/2100/4449
f 2734/3454/4450 2735/3455/4450 555/2126/4450 551/2098/4450
f 2735/3455/4451 2734/3454/4451 552/2101/4451 556/2129/4451
f 2735/3455/4452 2736/3456/4452 83/2107/4452 555/2126/4452
f 2736/3456/4453 2735/3455/4453 556/2129/4453 84/2108/4453
f 2736/3456/4454 2734/3454/4454 551/2098/4454 83/2107/4454
f 2734/3454/4455 2736/3456/4455 84/2108/4455 552/2101/4455
f 2737/3457/4456 2738/3458/4456 553/2119/4456 171/2112/4456
f 2738/3458/4457 2737/3457/4457 172/2113/4457 554/2120/4457
f 2738/3458/4458 2739/3459/4458 551/2098/4458 553/2119/4458
f 2739/3459/4459 2738/3458/4459 554/2120/4459 552/2101/4459
f 2739/3459/4460 2737/3457/4460 171/2112/4460 551/2098/4460
f 2737/3457/4461 2739/3459/4461 552/2101/4461 172/2113/4461
f 2740/3460/4462 2741/3461/4462 555/2126/4462 553/2119/4462
f 2741/3461/4463 2740/3460/4463 554/2120/4463 556/2129/4463
f 2741/3461/4464 2742/3462/4464 551/2098/4464 555/2126/4464
f 2742/3462/4465 2741/3461/4465 556/2129/4465 552/2101/4465
f 2742/3462/4466 2740/3460/4466 553/2119/4466 551/2098/4466
f 2740/3460/4467 2742/3462/4467 552/2101/4467 554/2120/4467
f 2743/3463/4468 2744/3464/4468 555/2126/4468 269/2131/4468
f 2744/3464/4469 2743/3463/4469 270/2132/4469 556/2129/4469
f 2744/3464/4470 2745/3465/4470 553/2119/4470 555/2126/4470
f 2745/3465/4471 2744/3464/4471 556/2129/4471 554/2120/4471
f 2745/3465/4472 2743/3463/4472 269/2131/4472 553/2119/4472
f 2743/3463/4473 2745/3465/4473 554/2120/4473 270/2132/4473
f 2746/3466/4474 2747/3467/4474 269/2131/4474 197/3468/4474
f 2747/3467/4475 2746/3466/4475 198/3469/4475 270/2132/4475
f 2747/3467/4476 2748/3470/4476 553/2119/4476 269/2131/4476
f 2748/3470/4477 2747/3467/4477 270/2132/4477 554/2120/4477
f 2748/3470/4478 2746/3466/4478 197/3468/4478 553/2119/4478
f 2746/3466/4479 2748/3470/4479 554/2120/4479 198/3469/4479
f 2749/3471/4480 2750/3472/4480 555/2126/4480 61/2145/4480
f 2750/3472/4481 2749/3471/4481 62/2146/4481 556/2129/4481
f 2750/3472/4482 2751/3473/4482 557/2140/4482 555/2126/4482
f 2751/3473/4483 2750/3472/4483 556/2129/4483 558/2141/4483
f 2751/3473/4484 2749/3471/4484 61/2145/4484 557/2140/4484
f 2749/3471/4485 2751/3473/4485 558/2141/4485 62/2146/4485
f 2752/3474/4486 2753/3475/4486 561/2170/4486 147/2153/4486
f 2753/3475/4487 2752/3474/4487 148/2154/4487 562/2173/4487
f 2753/3475/4488 2754/3476/4488 563/2152/4488 561/2170/4488
f 2754/3476/4489 2753/3475/4489 562/2173/4489 564/2155/4489
f 2754/3476/4490 2752/3474/4490 147/2153/4490 563/2152/4490
f 2752/3474/4491 2754/3476/4491 564/2155/4491 148/2154/4491
f 2755/3477/4492 2756/3478/4492 561/2170/4492 45/3479/4492
f 2756/3478/4493 2755/3477/4493 46/3480/4493 562/2173/4493
f 2756/3478/4494 2757/3481/4494 147/2153/4494 561/2170/4494
f 2757/3481/4495 2756/3478/4495 562/2173/4495 148/2154/4495
f 2757/3481/4496 2755/3477/4496 45/3479/4496 147/2153/4496
f 2755/3477/4497 2757/3481/4497 148/2154/4497 46/3480/4497
f 2758/3482/4498 2759/3483/4498 561/2170/4498 177/3484/4498
f 2759/3483/4499 2758/3482/4499 178/3485/4499 562/2173/4499
f 2759/3483/4500 2760/3486/4500 45/3479/4500 561/2170/4500
f 2760/3486/4501 2759/3483/4501 562/2173/4501 46/3480/4501
f 2760/3486/4502 2758/3482/4502 177/3484/4502 45/3479/4502
f 2758/3482/4503 2760/3486/4503 46/3480/4503 178/3485/4503
f 2761/3487/4504 2762/3488/4504 561/2170/4504 47/3489/4504
f 2762/3488/4505 2761/3487/4505 48/3490/4505 562/2173/4505
f 2762/3488/4506 2763/3491/4506 177/3484/4506 561/2170/4506
f 2763/3491/4507 2762/3488/4507 562/2173/4507 178/3485/4507
f 2763/3491/4508 2761/3487/4508 47/3489/4508 177/3484/4508
f 2761/3487/4509 2763/3491/4509 178/3485/4509 48/3490/4509
f 2764/3492/4510 2765/3493/4510 559/2161/4510 431/3494/4510
f 2765/3493/4511 2764/3492/4511 432/3495/4511 560/2164/4511
f 2765/3493/4512 2766/3496/4512 47/3489/4512 559/2161/4512
f 2766/3496/4513 2765/3493/4513 560/2164/4513 48/3490/4513
f 2766/3496/4514 2764/3492/4514 431/3494/4514 47/3489/4514
f 2764/3492/4515 2766/3496/4515 48/3490/4515 432/3495/4515
f 2767/3497/4516 2768/3498/4516 561/2170/4516 559/2161/4516
f 2768/3498/4517 2767/3497/4517 560/2164/4517 562/2173/4517
f 2768/3498/4518 2769/3499/4518 47/3489/4518 561/2170/4518
f 2769/3499/4519 2768/3498/4519 562/2173/4519 48/3490/4519
f 2769/3499/4520 2767/3497/4520 559/2161/4520 47/3489/4520
f 2767/3497/4521 2769/3499/4521 48/3490/4521 560/2164/4521
f 2770/3500/4522 2771/3501/4522 561/2170/4522 79/2162/4522
f 2771/3501/4523 2770/3500/4523 80/2163/4523 562/2173/4523
f 2771/3501/4524 2772/3502/4524 559/2161/4524 561/2170/4524
f 2772/3502/4525 2771/3501/4525 562/2173/4525 560/2164/4525
f 2772/3502/4526 2770/3500/4526 79/2162/4526 559/2161/4526
f 2770/3500/4527 2772/3502/4527 560/2164/4527 80/2163/4527
f 2773/3503/4528 2774/3504/4528 561/2170/4528 49/2187/4528
f 2774/3504/4529 2773/3503/4529 50/2188/4529 562/2173/4529
f 2774/3504/4530 2775/3505/4530 199/2177/4530 561/2170/4530
f 2775/3505/4531 2774/3504/4531 562/2173/4531 200/2180/4531
f 2775/3505/4532 2773/3503/4532 49/2187/4532 199/2177/4532
f 2773/3503/4533 2775/3505/4533 200/2180/4533 50/2188/4533
f 2776/3506/4534 2777/3507/4534 561/2170/4534 563/2152/4534
f 2777/3507/4535 2776/3506/4535 564/2155/4535 562/2173/4535
f 2777/3507/4536 2778/3508/4536 49/2187/4536 561/2170/4536
f 2778/3508/4537 2777/3507/4537 562/2173/4537 50/2188/4537
f 2778/3508/4538 2776/3506/4538 563/2152/4538 49/2187/4538
f 2776/3506/4539 2778/3508/4539 50/2188/4539 564/2155/4539
f 2779/3509/4540 2780/3510/4540 59/2203/4540 197/3435/4540
f 2780/3510/4541 2779/3509/4541 198/3436/4541 60/2204/4541
f 2780/3510/4542 2781/3511/4542 269/2195/4542 59/2203/4542
f 2781/3511/4543 2780/3510/4543 60/2204/4543 270/2196/4543
f 2781/3511/4544 2779/3509/4544 197/3435/4544 269/2195/4544
f 2779/3509/4545 2781/3511/4545 270/2196/4545 198/3436/4545
f 2782/3512/4546 2783/3513/4546 183/3514/4546 59/2203/4546
f 2783/3513/4547 2782/3512/4547 60/2204/4547 184/3515/4547
f 2783/3513/4548 2784/3516/4548 315/2199/4548 183/3514/4548
f 2784/3516/4549 2783/3513/4549 184/3515/4549 316/2200/4549
f 2784/3516/4550 2785/3517/4550 567/2194/4550 315/2199/4550
f 2785/3517/4551 2784/3516/4551 316/2200/4551 568/2197/4551
f 2785/3517/4552 2782/3512/4552 59/2203/4552 567/2194/4552
f 2782/3512/4553 2785/3517/4553 568/2197/4553 60/2204/4553
f 2786/3518/4554 2787/3519/4554 565/2208/4554 47/2215/4554
f 2787/3519/4555 2786/3518/4555 48/2216/4555 566/2209/4555
f 2787/3519/4556 2788/3520/4556 431/2211/4556 565/2208/4556
f 2788/3520/4557 2787/3519/4557 566/2209/4557 432/2212/4557
f 2788/3520/4558 2786/3518/4558 47/2215/4558 431/2211/4558
f 2786/3518/4559 2788/3520/4559 432/2212/4559 48/2216/4559
f 2789/3521/4560 2790/3522/4560 59/2203/4560 183/3514/4560
f 2790/3522/4561 2789/3521/4561 184/3515/4561 60/2204/4561
f 2790/3522/4562 2791/3523/4562 565/2208/4562 59/2203/4562
f 2791/3523/4563 2790/3522/4563 60/2204/4563 566/2209/4563
f 2791/3523/4564 2789/3521/4564 183/3514/4564 565/2208/4564
f 2789/3521/4565 2791/3523/4565 566/2209/4565 184/3515/4565
f 2792/3524/4566 2793/3525/4566 215/2237/4566 569/2236/4566
f 2793/3525/4567 2792/3524/4567 570/2239/4567 216/2238/4567
f 2793/3525/4568 2794/3526/4568 465/2248/4568 215/2237/4568
f 2794/3526/4569 2793/3525/4569 216/2238/4569 466/2249/4569
f 2794/3526/4570 2795/3527/4570 571/2222/4570 465/2248/4570
f 2795/3527/4571 2794/3526/4571 466/2249/4571 572/2225/4571
f 2795/3527/4572 2792/3524/4572 569/2236/4572 571/2222/4572
f 2792/3524/4573 2795/3527/4573 572/2225/4573 570/2239/4573
f 2796/3528/4574 2797/3529/4574 571/2222/4574 569/2236/4574
f 2797/3529/4575 2796/3528/4575 570/2239/4575 572/2225/4575
f 2797/3529/4576 2798/3530/4576 379/2223/4576 571/2222/4576
f 2798/3530/4577 2797/3529/4577 572/2225/4577 380/2224/4577
f 2798/3530/4578 2796/3528/4578 569/2236/4578 379/2223/4578
f 2796/3528/4579 2798/3530/4579 380/2224/4579 570/2239/4579
f 2799/3531/4580 2800/3532/4580 571/2222/4580 573/2232/4580
f 2800/3532/4581 2799/3531/4581 574/2233/4581 572/2225/4581
f 2800/3532/4582 2801/3533/4582 81/2252/4582 571/2222/4582
f 2801/3533/4583 2800/3532/4583 572/2225/4583 82/2253/4583
f 2801/3533/4584 2799/3531/4584 573/2232/4584 81/2252/4584
f 2799/3531/4585 2801/3533/4585 82/2253/4585 574/2233/4585
f 2802/3534/4586 2803/3535/4586 589/3536/4586 583/3537/4586
f 2803/3535/4587 2802/3534/4587 584/3538/4587 590/3539/4587
f 2803/3535/4588 2804/3540/4588 587/3541/4588 589/3536/4588
f 2804/3540/4589 2803/3535/4589 590/3539/4589 588/3542/4589
f 2804/3540/4590 2802/3534/4590 583/3537/4590 587/3541/4590
f 2802/3534/4591 2804/3540/4591 588/3542/4591 584/3538/4591
f 2805/3543/4592 2806/3544/4592 595/3545/4592 591/3546/4592
f 2806/3544/4593 2805/3543/4593 592/3547/4593 596/3548/4593
f 2806/3544/4594 2807/3549/4594 593/3550/4594 595/3545/4594
f 2807/3549/4595 2806/3544/4595 596/3548/4595 594/3551/4595
f 2807/3549/4596 2805/3543/4596 591/3546/4596 593/3550/4596
f 2805/3543/4597 2807/3549/4597 594/3551/4597 592/3547/4597
f 2808/3552/4598 2809/3553/4598 601/3554/4598 597/3555/4598
f 2809/3553/4599 2808/3552/4599 598/3556/4599 602/3557/4599
f 2809/3553/4600 2810/3558/4600 599/3559/4600 601/3554/4600
f 2810/3558/4601 2809/3553/4601 602/3557/4601 600/3560/4601
f 2810/3558/4602 2808/3552/4602 597/3555/4602 599/3559/4602
f 2808/3552/4603 2810/3558/4603 600/3560/4603 598/3556/4603
f 2811/3561/4604 2812/3562/4604 581/3563/4604 603/3564/4604
f 2812/3562/4605 2811/3561/4605 604/3565/4605 582/3566/4605
f 2812/3562/4606 2813/3567/4606 585/3568/4606 581/3563/4606
f 2813/3567/4607 2812/3562/4607 582/3566/4607 586/3569/4607
f 2813/3567/4608 2811/3561/4608 603/3564/4608 585/3568/4608
f 2811/3561/4609 2813/3567/4609 586/3569/4609 604/3565/4609
f 2814/3570/4610 2815/3571/4610 579/3572/4610 581/3563/4610
f 2815/3571/4611 2814/3570/4611 582/3566/4611 580/3573/4611
f 2815/3571/4612 2816/3574/4612 583/3575/4612 579/3572/4612
f 2816/3574/4613 2815/3571/4613 580/3573/4613 584/3576/4613
f 2816/3574/4614 2814/3570/4614 581/3563/4614 583/3575/4614
f 2814/3570/4615 2816/3574/4615 584/3576/4615 582/3566/4615
f 2817/3577/4616 2818/3578/4616 583/3579/4616 577/3580/4616
f 2818/3578/4617 2817/3577/4617 578/3581/4617 584/3582/4617
f 2818/3578/4618 2819/3583/4618 607/3584/4618 583/3579/4618
f 2819/3583/4619 2818/3578/4619 584/3582/4619 608/3585/4619
f 2819/3583/4620 2817/3577/4620 577/3580/4620 607/3584/4620
f 2817/3577/4621 2819/3583/4621 608/3585/4621 578/3581/4621
f 2820/3586/4622 2821/3587/4622 583/3579/4622 607/3584/4622
f 2821/3587/4623 2820/3586/4623 608/3585/4623 584/3582/4623
f 2821/3587/4624 2822/3588/4624 587/3589/4624 583/3579/4624
f 2822/3588/4625 2821/3587/4625 584/3582/4625 588/3590/4625
f 2822/3588/4626 2820/3586/4626 607/3584/4626 587/3589/4626
f 2820/3586/4627 2822/3588/4627 588/3590/4627 608/3585/4627
f 2823/3591/4628 2824/3592/4628 587/3589/4628 607/3584/4628
f 2824/3592/4629 2823/3591/4629 608/3585/4629 588/3590/4629
f 2824/3592/4630 2825/3593/4630 609/3594/4630 587/3589/4630
f 2825/3593/4631 2824/3592/4631 588/3590/4631 610/3595/4631
f 2825/3593/4632 2823/3591/4632 607/3584/4632 609/3594/4632
f 2823/3591/4633 2825/3593/4633 610/3595/4633 608/3585/4633
f 2826/3596/4634 2827/3597/4634 587/3589/4634 609/3594/4634
f 2827/3597/4635 2826/3596/4635 610/3595/4635 588/3590/4635
f 2827/3597/4636 2828/3598/4636 591/3599/4636 587/3589/4636
f 2828/3598/4637 2827/3597/4637 588/3590/4637 592/3600/4637
f 2828/3598/4638 2826/3596/4638 609/3594/4638 591/3599/4638
f 2826/3596/4639 2828/3598/4639 592/3600/4639 610/3595/4639
f 2829/3601/4640 2830/3602/4640 591/3599/4640 609/3594/4640
f 2830/3602/4641 2829/3601/4641 610/3595/4641 592/3600/4641
f 2830/3602/4642 2831/3603/4642 611/3604/4642 591/3599/4642
f 2831/3603/4643 2830/3602/4643 592/3600/4643 612/3605/4643
f 2831/3603/4644 2829/3601/4644 609/3594/4644 611/3604/4644
f 2829/3601/4645 2831/3603/4645 612/3605/4645 610/3595/4645
f 2832/3606/4646 2833/3607/4646 591/3599/4646 611/3604/4646
f 2833/3607/4647 2832/3606/4647 612/3605/4647 592/3600/4647
f 2833/3607/4648 2834/3608/4648 593/3609/4648 591/3599/4648
f 2834/3608/4649 2833/3607/4649 592/3600/4649 594/3610/4649
f 2834/3608/4650 2832/3606/4650 611/3604/4650 593/3609/4650
f 2832/3606/4651 2834/3608/4651 594/3610/4651 612/3605/4651
f 2835/3611/4652 2836/3612/4652 593/3609/4652 611/3604/4652
f 2836/3612/4653 2835/3611/4653 612/3605/4653 594/3610/4653
f 2836/3612/4654 2837/3613/4654 613/3614/4654 593/3609/4654
f 2837/3613/4655 2836/3612/4655 594/3610/4655 614/3615/4655
f 2837/3613/4656 2835/3611/4656 611/3604/4656 613/3614/4656
f 2835/3611/4657 2837/3613/4657 614/3615/4657 612/3605/4657
f 2838/3616/4658 2839/3617/4658 593/3609/4658 613/3614/4658
f 2839/3617/4659 2838/3616/4659 614/3615/4659 594/3610/4659
f 2839/3617/4660 2840/3618/4660 597/3619/4660 593/3609/4660
f 2840/3618/4661 2839/3617/4661 594/3610/4661 598/3620/4661
f 2840/3618/4662 2838/3616/4662 613/3614/4662 597/3619/4662
f 2838/3616/4663 2840/3618/4663 598/3620/4663 614/3615/4663
f 2841/3621/4664 2842/3622/4664 597/3619/4664 613/3614/4664
f 2842/3622/4665 2841/3621/4665 614/3615/4665 598/3620/4665
f 2842/3622/4666 2843/3623/4666 615/3624/4666 597/3619/4666
f 2843/3623/4667 2842/3622/4667 598/3620/4667 616/3625/4667
f 2843/3623/4668 2841/3621/4668 613/3614/4668 615/3624/4668
f 2841/3621/4669 2843/3623/4669 616/3625/4669 614/3615/4669
f 2844/3626/4670 2845/3627/4670 597/3619/4670 615/3624/4670
f 2845/3627/4671 2844/3626/4671 616/3625/4671 598/3620/4671
f 2845/3627/4672 2846/3628/4672 599/3629/4672 597/3619/4672
f 2846/3628/4673 2845/3627/4673 598/3620/4673 600/3630/4673
f 2846/3628/4674 2844/3626/4674 615/3624/4674 599/3629/4674
f 2844/3626/4675 2846/3628/4675 600/3630/4675 616/3625/4675
f 2847/3631/4676 2848/3632/4676 599/3629/4676 615/3624/4676
f 2848/3632/4677 2847/3631/4677 616/3625/4677 600/3630/4677
f 2848/3632/4678 2849/3633/4678 617/3634/4678 599/3629/4678
f 2849/3633/4679 2848/3632/4679 600/3630/4679 618/3635/4679
f 2849/3633/4680 2847/3631/4680 615/3624/4680 617/3634/4680
f 2847/3631/4681 2849/3633/4681 618/3635/4681 616/3625/4681
f 2850/3636/4682 2851/3637/4682 599/3629/4682 617/3634/4682
f 2851/3637/4683 2850/3636/4683 618/3635/4683 600/3630/4683
f 2851/3637/4684 2852/3638/4684 603/3639/4684 599/3629/4684
f 2852/3638/4685 2851/3637/4685 600/3630/4685 604/3640/4685
f 2852/3638/4686 2850/3636/4686 617/3634/4686 603/3639/4686
f 2850/3636/4687 2852/3638/4687 604/3640/4687 618/3635/4687
f 2853/3641/4688 2854/3642/4688 603/3639/4688 617/3634/4688
f 2854/3642/4689 2853/3641/4689 618/3635/4689 604/3640/4689
f 2854/3642/4690 2855/3643/4690 619/3644/4690 603/3639/4690
f 2855/3643/4691 2854/3642/4691 604/3640/4691 620/3645/4691
f 2855/3643/4692 2853/3641/4692 617/3634/4692 619/3644/4692
f 2853/3641/4693 2855/3643/4693 620/3645/4693 618/3635/4693
f 2856/3646/4694 2857/3647/4694 603/3639/4694 619/3644/4694
f 2857/3647/4695 2856/3646/4695 620/3645/4695 604/3640/4695
f 2857/3647/4696 2858/3648/4696 585/3649/4696 603/3639/4696
f 2858/3648/4697 2857/3647/4697 604/3640/4697 586/3650/4697
f 2858/3648/4698 2856/3646/4698 619/3644/4698 585/3649/4698
f 2856/3646/4699 2858/3648/4699 586/3650/4699 620/3645/4699
f 2859/3651/4700 2860/3652/4700 585/3649/4700 619/3644/4700
f 2860/3652/4701 2859/3651/4701 620/3645/4701 586/3650/4701
f 2860/3652/4702 2861/3653/4702 577/3580/4702 585/3649/4702
f 2861/3653/4703 2860/3652/4703 586/3650/4703 578/3581/4703
f 2861/3653/4704 2859/3651/4704 619/3644/4704 577/3580/4704
f 2859/3651/4705 2861/3653/4705 578/3581/4705 620/3645/4705
f 2862/3654/4706 2863/3655/4706 585/3649/4706 577/3580/4706
f 2863/3655/4707 2862/3654/4707 578/3581/4707 586/3650/4707
f 2863/3655/4708 2864/3656/4708 583/3579/4708 585/3649/4708
f 2864/3656/4709 2863/3655/4709 586/3650/4709 584/3582/4709
f 2864/3656/4710 2862/3654/4710 577/3580/4710 583/3579/4710
f 2862/3654/4711 2864/3656/4711 584/3582/4711 578/3581/4711
f 2865/3657/4712 2866/3658/4712 589/3536/4712 579/3659/4712
f 2866/3658/4713 2865/3657/4713 580/3660/4713 590/3539/4713
f 2866/3658/4714 2867/3661/4714 583/3537/4714 589/3536/4714
f 2867/3661/4715 2866/3658/4715 590/3539/4715 584/3538/4715
f 2867/3661/4716 2865/3657/4716 579/3659/4716 583/3537/4716
f 2865/3657/4717 2867/3661/4717 584/3538/4717 580/3660/4717
f 2868/3662/4718 2869/3663/4718 597/3555/4718 601/3554/4718
f 2869/3663/4719 2868/3662/4719 602/3557/4719 598/3556/4719
f 2869/3663/4720 2870/3664/4720 593/3550/4720 597/3555/4720
f 2870/3664/4721 2869/3663/4721 598/3556/4721 594/3551/4721
f 2870/3664/4722 2871/3665/4722 595/3545/4722 593/3550/4722
f 2871/3665/4723 2870/3664/4723 594/3551/4723 596/3548/4723
f 2871/3665/4724 2868/3662/4724 601/3554/4724 595/3545/4724
f 2868/3662/4725 2871/3665/4725 596/3548/4725 602/3557/4725
f 2872/3666/4726 2873/3667/4726 603/3564/4726 605/3668/4726
f 2873/3667/4727 2872/3666/4727 606/3669/4727 604/3565/4727
f 2873/3667/4728 2874/3670/4728 599/3559/4728 603/3564/4728
f 2874/3670/4729 2873/3667/4729 604/3565/4729 600/3560/4729
f 2874/3670/4730 2875/3671/4730 601/3554/4730 599/3559/4730
f 2875/3671/4731 2874/3670/4731 600/3560/4731 602/3557/4731
f 2875/3671/4732 2872/3666/4732 605/3668/4732 601/3554/4732
f 2872/3666/4733 2875/3671/4733 602/3557/4733 606/3669/4733
f 2876/3672/4734 2877/3673/4734 581/3674/4734 579/3675/4734
f 2877/3673/4735 2876/3672/4735 580/3676/4735 582/3677/4735
f 2877/3673/4736 2878/3678/4736 605/3679/4736 581/3674/4736
f 2878/3678/4737 2877/3673/4737 582/3677/4737 606/3680/4737
f 2878/3678/4738 2879/3681/4738 635/3682/4738 605/3679/4738
f 2879/3681/4739 2878/3678/4739 606/3680/4739 636/3683/4739
f 2879/3681/4740 2876/3672/4740 579/3675/4740 635/3682/4740
f 2876/3672/4741 2879/3681/4741 636/3683/4741 580/3676/4741
f 2880/3684/4742 2881/3685/4742 635/3682/4742 579/3675/4742
f 2881/3685/4743 2880/3684/4743 580/3676/4743 636/3683/4743
f 2881/3685/4744 2882/3686/4744 589/3687/4744 635/3682/4744
f 2882/3686/4745 2881/3685/4745 636/3683/4745 590/3688/4745
f 2882/3686/4746 2880/3684/4746 579/3675/4746 589/3687/4746
f 2880/3684/4747 2882/3686/4747 590/3688/4747 580/3676/4747
f 2883/3689/4748 2884/3690/4748 623/3691/4748 629/3692/4748
f 2884/3690/4749 2883/3689/4749 630/4/4749 624/3693/4749
f 2884/3690/4750 2885/3694/4750 613/3614/4750 623/3691/4750
f 2885/3694/4751 2884/3690/4751 624/3693/4751 614/3615/4751
f 2885/3694/4752 2886/3695/4752 615/3624/4752 613/3614/4752
f 2886/3695/4753 2885/3694/4753 614/3615/4753 616/3625/4753
f 2886/3695/4754 2883/3689/4754 629/3692/4754 615/3624/4754
f 2883/3689/4755 2886/3695/4755 616/3625/4755 630/4/4755
f 2887/3696/4756 2888/3697/4756 635/3682/4756 601/3698/4756
f 2888/3697/4757 2887/3696/4757 602/3699/4757 636/3683/4757
f 2888/3697/4758 2889/3700/4758 605/3679/4758 635/3682/4758
f 2889/3700/4759 2888/3697/4759 636/3683/4759 606/3680/4759
f 2889/3700/4760 2887/3696/4760 601/3698/4760 605/3679/4760
f 2887/3696/4761 2889/3700/4761 606/3680/4761 602/3699/4761
f 2890/3701/4762 2891/3702/4762 635/3682/4762 595/3703/4762
f 2891/3702/4763 2890/3701/4763 596/3704/4763 636/3683/4763
f 2891/3702/4764 2892/3705/4764 601/3698/4764 635/3682/4764
f 2892/3705/4765 2891/3702/4765 636/3683/4765 602/3699/4765
f 2892/3705/4766 2890/3701/4766 595/3703/4766 601/3698/4766
f 2890/3701/4767 2892/3705/4767 602/3699/4767 596/3704/4767
f 2893/3706/4768 2894/3707/4768 635/3682/4768 589/3687/4768
f 2894/3707/4769 2893/3706/4769 590/3688/4769 636/3683/4769
f 2894/3707/4770 2895/3708/4770 595/3703/4770 635/3682/4770
f 2895/3708/4771 2894/3707/4771 636/3683/4771 596/3704/4771
f 2895/3708/4772 2893/3706/4772 589/3687/4772 595/3703/4772
f 2893/3706/4773 2895/3708/4773 596/3704/4773 590/3688/4773
f 2896/3709/4774 2897/3710/4774 605/3668/4774 603/3564/4774
f 2897/3710/4775 2896/3709/4775 604/3565/4775 606/3669/4775
f 2897/3710/4776 2898/3711/4776 581/3563/4776 605/3668/4776
f 2898/3711/4777 2897/3710/4777 606/3669/4777 582/3566/4777
f 2898/3711/4778 2896/3709/4778 603/3564/4778 581/3563/4778
f 2896/3709/4779 2898/3711/4779 582/3566/4779 604/3565/4779
f 2899/3712/4780 2900/3713/4780 581/3563/4780 585/3568/4780
f 2900/3713/4781 2899/3712/4781 586/3569/4781 582/3566/4781
f 2900/3713/4782 2901/3714/4782 583/3575/4782 581/3563/4782
f 2901/3714/4783 2900/3713/4783 582/3566/4783 584/3576/4783
f 2901/3714/4784 2899/3712/4784 585/3568/4784 583/3575/4784
f 2899/3712/4785 2901/3714/4785 584/3576/4785 586/3569/4785
f 2902/3715/4786 2903/3716/4786 619/3644/4786 617/3634/4786
f 2903/3716/4787 2902/3715/4787 618/3635/4787 620/3645/4787
f 2903/3716/4788 2904/3717/4788 625/3718/4788 619/3644/4788
f 2904/3717/4789 2903/3716/4789 620/3645/4789 626/3719/4789
f 2904/3717/4790 2902/3715/4790 617/3634/4790 625/3718/4790
f 2902/3715/4791 2904/3717/4791 626/3719/4791 618/3635/4791
f 2905/2/4792 2906/1/4792 629/3692/4792 633/3720/4792
f 2906/1/4793 2907/5/4793 627/3721/4793 629/3692/4793
f 2907/5/4794 2905/2/4794 633/3720/4794 627/3721/4794
f 2905/2/4795 2907/5/4795 628/6/4795 634/3/4795
f 2908/8/4796 2909/7/4796 629/3692/4796 621/3722/4796
f 2909/7/4797 2910/10/4797 633/3720/4797 629/3692/4797
f 2910/10/4798 2908/8/4798 621/3722/4798 633/3720/4798
f 2908/8/4799 2910/10/4799 634/3/4799 622/9/4799
f 2911/12/4800 2912/11/4800 629/3692/4800 631/3723/4800
f 2912/11/4801 2913/14/4801 621/3722/4801 629/3692/4801
f 2913/14/4802 2911/12/4802 631/3723/4802 621/3722/4802
f 2911/12/4803 2913/14/4803 622/9/4803 632/13/4803
f 2914/3724/4804 2915/16/4804 629/3692/4804 623/3691/4804
f 2915/16/4805 2914/3724/4805 624/3693/4805 630/4/4805
f 2915/16/4806 2916/15/4806 631/3723/4806 629/3692/4806
f 2916/15/4807 2914/3724/4807 623/3691/4807 631/3723/4807
f 2914/3724/4808 2916/15/4808 632/13/4808 624/3693/4808
f 2917/3725/4809 2918/3726/4809 591/3546/4809 595/3545/4809
f 2918/3726/4810 2917/3725/4810 596/3548/4810 592/3547/4810
f 2918/3726/4811 2919/3727/4811 587/3541/4811 591/3546/4811
f 2919/3727/4812 2918/3726/4812 592/3547/4812 588/3542/4812
f 2919/3727/4813 2920/3728/4813 589/3536/4813 587/3541/4813
f 2920/3728/4814 2919/3727/4814 588/3542/4814 590/3539/4814
f 2920/3728/4815 2917/3725/4815 595/3545/4815 589/3536/4815
f 2917/3725/4816 2920/3728/4816 590/3539/4816 596/3548/4816
f 2921/18/4817 2922/17/4817 629/3692/4817 627/3721/4817
f 2922/17/4818 2923/3729/4818 625/3718/4818 629/3692/4818
f 2923/3729/4819 2922/17/4819 630/4/4819 626/3719/4819
f 2923/3729/4820 2921/18/4820 627/3721/4820 625/3718/4820
f 2921/18/4821 2923/3729/4821 626/3719/4821 628/6/4821
f 2924/3730/4822 2925/3731/4822 621/3722/4822 631/3723/4822
f 2925/3731/4823 2924/3730/4823 632/13/4823 622/9/4823
f 2925/3731/4824 2926/3732/4824 609/3594/4824 621/3722/4824
f 2926/3732/4825 2925/3731/4825 622/9/4825 610/3595/4825
f 2926/3732/4826 2927/3733/4826 611/3604/4826 609/3594/4826
f 2927/3733/4827 2926/3732/4827 610/3595/4827 612/3605/4827
f 2927/3733/4828 2924/3730/4828 631/3723/4828 611/3604/4828
f 2924/3730/4829 2927/3733/4829 612/3605/4829 632/13/4829
f 2928/3734/4830 2929/3735/4830 627/3721/4830 633/3720/4830
f 2929/3735/4831 2928/3734/4831 634/3/4831 628/6/4831
f 2929/3735/4832 2930/3736/4832 577/3580/4832 627/3721/4832
f 2930/3736/4833 2929/3735/4833 628/6/4833 578/3581/4833
f 2930/3736/4834 2931/3737/4834 607/3584/4834 577/3580/4834
f 2931/3737/4835 2930/3736/4835 578/3581/4835 608/3585/4835
f 2931/3737/4836 2928/3734/4836 633/3720/4836 607/3584/4836
f 2928/3734/4837 2931/3737/4837 608/3585/4837 634/3/4837
f 2932/3738/4838 2933/3739/4838 625/3718/4838 627/3721/4838
f 2933/3739/4839 2932/3738/4839 628/6/4839 626/3719/4839
f 2933/3739/4840 2934/3740/4840 619/3644/4840 625/3718/4840
f 2934/3740/4841 2933/3739/4841 626/3719/4841 620/3645/4841
f 2934/3740/4842 2935/3741/4842 577/3580/4842 619/3644/4842
f 2935/3741/4843 2934/3740/4843 620/3645/4843 578/3581/4843
f 2935/3741/4844 2932/3738/4844 627/3721/4844 577/3580/4844
f 2932/3738/4845 2935/3741/4845 578/3581/4845 628/6/4845
f 2936/3742/4846 2937/3743/4846 629/3692/4846 625/3718/4846
f 2937/3743/4847 2936/3742/4847 626/3719/4847 630/4/4847
f 2937/3743/4848 2938/3744/4848 615/3624/4848 629/3692/4848
f 2938/3744/4849 2937/3743/4849 630/4/4849 616/3625/4849
f 2938/3744/4850 2939/3745/4850 617/3634/4850 615/3624/4850
f 2939/3745/4851 2938/3744/4851 616/3625/4851 618/3635/4851
f 2939/3745/4852 2936/3742/4852 625/3718/4852 617/3634/4852
f 2936/3742/4853 2939/3745/4853 618/3635/4853 626/3719/4853
f 2940/3746/4854 2941/3747/4854 631/3723/4854 623/3691/4854
f 2941/3747/4855 2940/3746/4855 624/3693/4855 632/13/4855
f 2941/3747/4856 2942/3748/4856 611/3604/4856 631/3723/4856
f 2942/3748/4857 2941/3747/4857 632/13/4857 612/3605/4857
f 2942/3748/4858 2943/3749/4858 613/3614/4858 611/3604/4858
f 2943/3749/4859 2942/3748/4859 612/3605/4859 614/3615/4859
f 2943/3749/4860 2940/3746/4860 623/3691/4860 613/3614/4860
f 2940/3746/4861 2943/3749/4861 614/3615/4861 624/3693/4861
f 2944/3750/4862 2945/3751/4862 633/3720/4862 621/3722/4862
f 2945/3751/4863 2944/3750/4863 622/9/4863 634/3/4863
f 2945/3751/4864 2946/3752/4864 607/3584/4864 633/3720/4864
f 2946/3752/4865 2945/3751/4865 634/3/4865 608/3585/4865
f 2946/3752/4866 2947/3753/4866 609/3594/4866 607/3584/4866
f 2947/3753/4867 2946/3752/4867 608/3585/4867 610/3595/4867
f 2947/3753/4868 2944/3750/4868 621/3722/4868 609/3594/4868
f 2944/3750/4869 2947/3753/4869 610/3595/4869 622/9/4869
f 2948/3754/4870 2949/3755/4870 645/3756/4870 643/3757/4870
f 2949/3755/4871 2948/3754/4871 644/3758/4871 646/3759/4871
f 2949/3755/4872 2950/3760/4872 637/3761/4872 645/3756/4872
f 2950/3760/4873 2949/3755/4873 646/3759/4873 638/3762/4873
f 2950/3760/4874 2948/3754/4874 643/3757/4874 637/3761/4874
f 2948/3754/4875 2950/3760/4875 638/3762/4875 644/3758/4875
f 2951/3763/4876 2952/3764/4876 647/3765/4876 645/3756/4876
f 2952/3764/4877 2951/3763/4877 646/3759/4877 648/3766/4877
f 2952/3764/4878 2953/3767/4878 651/3768/4878 647/3765/4878
f 2953/3767/4879 2952/3764/4879 648/3766/4879 652/3769/4879
f 2953/3767/4880 2951/3763/4880 645/3756/4880 651/3768/4880
f 2951/3763/4881 2953/3767/4881 652/3769/4881 646/3759/4881
f 2954/3770/4882 2955/3771/4882 657/3772/4882 649/3773/4882
f 2955/3771/4883 2954/3770/4883 650/3774/4883 658/3775/4883
f 2955/3771/4884 2956/3776/4884 653/3777/4884 657/3772/4884
f 2956/3776/4885 2955/3771/4885 658/3775/4885 654/3778/4885
f 2956/3776/4886 2954/3770/4886 649/3773/4886 653/3777/4886
f 2954/3770/4887 2956/3776/4887 654/3778/4887 650/3774/4887
f 2957/3779/4888 2958/3780/4888 641/3781/4888 639/3782/4888
f 2958/3780/4889 2957/3779/4889 640/3783/4889 642/3784/4889
f 2958/3780/4890 2959/3785/4890 643/3757/4890 641/3781/4890
f 2959/3785/4891 2958/3780/4891 642/3784/4891 644/3758/4891
f 2959/3785/4892 2960/3786/4892 637/3787/4892 643/3757/4892
f 2960/3786/4893 2959/3785/4893 644/3758/4893 638/3788/4893
f 2960/3786/4894 2957/3779/4894 639/3782/4894 637/3787/4894
f 2957/3779/4895 2960/3786/4895 638/3788/4895 640/3783/4895
f 2961/3789/4896 2962/3790/4896 641/3781/4896 647/3765/4896
f 2962/3790/4897 2961/3789/4897 648/3766/4897 642/3784/4897
f 2962/3790/4898 2963/3791/4898 639/3792/4898 641/3781/4898
f 2963/3791/4899 2962/3790/4899 642/3784/4899 640/3793/4899
f 2963/3791/4900 2964/3794/4900 653/3795/4900 639/3792/4900
f 2964/3794/4901 2963/3791/4901 640/3793/4901 654/3796/4901
f 2964/3794/4902 2961/3789/4902 647/3765/4902 653/3795/4902
f 2961/3789/4903 2964/3794/4903 654/3796/4903 648/3766/4903
f 2965/3797/4904 2966/3798/4904 649/3773/4904 645/3799/4904
f 2966/3798/4905 2965/3797/4905 646/3800/4905 650/3774/4905
f 2966/3798/4906 2967/3801/4906 653/3777/4906 649/3773/4906
f 2967/3801/4907 2966/3798/4907 650/3774/4907 654/3778/4907
f 2967/3801/4908 2965/3797/4908 645/3799/4908 653/3777/4908
f 2965/3797/4909 2967/3801/4909 654/3778/4909 646/3800/4909
f 2968/3802/4910 2969/3803/4910 639/3804/4910 653/3777/4910
f 2969/3803/4911 2968/3802/4911 654/3778/4911 640/3805/4911
f 2969/3803/4912 2970/3806/4912 637/3807/4912 639/3804/4912
f 2970/3806/4913 2969/3803/4913 640/3805/4913 638/3808/4913
f 2970/3806/4914 2971/3809/4914 645/3799/4914 637/3807/4914
f 2971/3809/4915 2970/3806/4915 638/3808/4915 646/3800/4915
f 2971/3809/4916 2968/3802/4916 653/3777/4916 645/3799/4916
f 2968/3802/4917 2971/3809/4917 646/3800/4917 654/3778/4917
f 2972/3810/4918 2973/3811/4918 645/3756/4918 647/3765/4918
f 2973/3811/4919 2972/3810/4919 648/3766/4919 646/3759/4919
f 2973/3811/4920 2974/3812/4920 643/3757/4920 645/3756/4920
f 2974/3812/4921 2973/3811/4921 646/3759/4921 644/3758/4921
f 2974/3812/4922 2975/3813/4922 641/3781/4922 643/3757/4922
f 2975/3813/4923 2974/3812/4923 644/3758/4923 642/3784/4923
f 2975/3813/4924 2972/3810/4924 647/3765/4924 641/3781/4924
f 2972/3810/4925 2975/3813/4925 642/3784/4925 648/3766/4925
f 2976/3814/4926 2977/3815/4926 647/3765/4926 655/3816/4926
f 2977/3815/4927 2976/3814/4927 656/3817/4927 648/3766/4927
f 2977/3815/4928 2978/3818/4928 653/3795/4928 647/3765/4928
f 2978/3818/4929 2977/3815/4929 648/3766/4929 654/3796/4929
f 2978/3818/4930 2979/3819/4930 657/3820/4930 653/3795/4930
f 2979/3819/4931 2978/3818/4931 654/3796/4931 658/3821/4931
f 2979/3819/4932 2976/3814/4932 655/3816/4932 657/3820/4932
f 2976/3814/4933 2979/3819/4933 658/3821/4933 656/3817/4933
f 2980/3822/4934 2981/3823/4934 647/3765/4934 651/3768/4934
f 2981/3823/4935 2980/3822/4935 652/3769/4935 648/3766/4935
f 2981/3823/4936 2982/3824/4936 655/3816/4936 647/3765/4936
f 2982/3824/4937 2981/3823/4937 648/3766/4937 656/3817/4937
f 2982/3824/4938 2980/3822/4938 651/3768/4938 655/3816/4938
f 2980/3822/4939 2982/3824/4939 656/3817/4939 652/3769/4939
f 2983/3825/4940 2984/3826/4940 651/3768/4940 645/3756/4940
f 2984/3826/4941 2983/3825/4941 646/3759/4941 652/3769/4941
f 2984/3826/4942 2985/3827/4942 649/3828/4942 651/3768/4942
f 2985/3827/4943 2984/3826/4943 652/3769/4943 650/3829/4943
f 2985/3827/4944 2983/3825/4944 645/3756/4944 649/3828/4944
f 2983/3825/4945 2985/3827/4945 650/3829/4945 646/3759/4945
f 2986/3830/4946 2987/3831/4946 649/3773/4946 657/3772/4946
f 2987/3831/4947 2986/3830/4947 658/3775/4947 650/3774/4947
f 2987/3831/4948 2988/3832/4948 651/3768/4948 649/3773/4948
f 2988/3832/4949 2987/3831/4949 650/3774/4949 652/3769/4949
f 2988/3832/4950 2989/3833/4950 655/3816/4950 651/3768/4950
f 2989/3833/4951 2988/3832/4951 652/3769/4951 656/3817/4951
f 2989/3833/4952 2986/3830/4952 657/3772/4952 655/3816/4952
f 2986/3830/4953 2989/3833/4953 656/3817/4953 658/3775/4953
f 2990/3834/4954 2991/3835/4954 667/3836/4954 701/3837/4954
f 2991/3835/4955 2990/3834/4955 702/3838/4955 668/3839/4955
f 2991/3835/4956 2992/3840/4956 661/3841/4956 667/3836/4956
f 2992/3840/4957 2991/3835/4957 668/3839/4957 662/3842/4957
f 2992/3840/4958 2990/3834/4958 701/3837/4958 661/3841/4958
f 2990/3834/4959 2992/3840/4959 662/3842/4959 702/3838/4959
f 2993/3843/4960 2994/3844/4960 717/3845/4960 669/3846/4960
f 2994/3844/4961 2993/3843/4961 670/3847/4961 718/3848/4961
f 2994/3844/4962 2995/3849/4962 661/3841/4962 717/3845/4962
f 2995/3849/4963 2994/3844/4963 718/3848/4963 662/3842/4963
f 2995/3849/4964 2996/3850/4964 667/3836/4964 661/3841/4964
f 2996/3850/4965 2995/3849/4965 662/3842/4965 668/3839/4965
f 2996/3850/4966 2993/3843/4966 669/3846/4966 667/3836/4966
f 2993/3843/4967 2996/3850/4967 668/3839/4967 670/3847/4967
f 2997/3851/4968 2998/3852/4968 725/3853/4968 659/3854/4968
f 2998/3852/4969 2997/3851/4969 660/3855/4969 726/3856/4969
f 2998/3852/4970 2999/3857/4970 677/3858/4970 725/3853/4970
f 2999/3857/4971 2998/3852/4971 726/3856/4971 678/3859/4971
f 2999/3857/4972 2997/3851/4972 659/3854/4972 677/3858/4972
f 2997/3851/4973 2999/3857/4973 678/3859/4973 660/3855/4973
f 3000/3860/4974 3001/3861/4974 663/3862/4974 689/3863/4974
f 3001/3861/4975 3000/3860/4975 690/3864/4975 664/3865/4975
f 3001/3861/4976 3002/3866/4976 675/3867/4976 663/3862/4976
f 3002/3866/4977 3001/3861/4977 664/3865/4977 676/3868/4977
f 3002/3866/4978 3000/3860/4978 689/3863/4978 675/3867/4978
f 3000/3860/4979 3002/3866/4979 676/3868/4979 690/3864/4979
f 3003/3869/4980 3004/3870/4980 673/3871/4980 667/3836/4980
f 3004/3870/4981 3003/3869/4981 668/3839/4981 674/3872/4981
f 3004/3870/4982 3005/3873/4982 669/3846/4982 673/3871/4982
f 3005/3873/4983 3004/3870/4983 674/3872/4983 670/3847/4983
f 3005/3873/4984 3003/3869/4984 667/3836/4984 669/3846/4984
f 3003/3869/4985 3005/3873/4985 670/3847/4985 668/3839/4985
f 3006/3874/4986 3007/3875/4986 671/3876/4986 665/3877/4986
f 3007/3875/4987 3006/3874/4987 666/3878/4987 672/3879/4987
f 3007/3875/4988 3008/3880/4988 667/3836/4988 671/3876/4988
f 3008/3880/4989 3007/3875/4989 672/3879/4989 668/3839/4989
f 3008/3880/4990 3006/3874/4990 665/3877/4990 667/3836/4990
f 3006/3874/4991 3008/3880/4991 668/3839/4991 666/3878/4991
f 3009/3881/4992 3010/3882/4992 671/3876/4992 677/3858/4992
f 3010/3882/4993 3009/3881/4993 678/3859/4993 672/3879/4993
f 3010/3882/4994 3011/3883/4994 665/3877/4994 671/3876/4994
f 3011/3883/4995 3010/3882/4995 672/3879/4995 666/3878/4995
f 3011/3883/4996 3009/3881/4996 677/3858/4996 665/3877/4996
f 3009/3881/4997 3011/3883/4997 666/3878/4997 678/3859/4997
f 3012/3884/4998 3013/3885/4998 675/3867/4998 689/3886/4998
f 3013/3885/4999 3012/3884/4999 690/3887/4999 676/3868/4999
f 3013/3885/5000 3014/3888/5000 683/3889/5000 675/3867/5000
f 3014/3888/5001 3013/3885/5001 676/3868/5001 684/3890/5001
f 3014/3888/5002 3012/3884/5002 689/3886/5002 683/3889/5002
f 3012/3884/5003 3014/3888/5003 684/3890/5003 690/3887/5003
f 3015/3891/5004 3016/3892/5004 685/3893/5004 679/3894/5004
f 3016/3892/5005 3015/3891/5005 680/3895/5005 686/3896/5005
f 3016/3892/5006 3017/3897/5006 681/3898/5006 685/3893/5006
f 3017/3897/5007 3016/3892/5007 686/3896/5007 682/3899/5007
f 3017/3897/5008 3015/3891/5008 679/3894/5008 681/3898/5008
f 3015/3891/5009 3017/3897/5009 682/3899/5009 680/3895/5009
f 3018/3900/5010 3019/3901/5010 691/3902/5010 677/3858/5010
f 3019/3901/5011 3018/3900/5011 678/3859/5011 692/3903/5011
f 3019/3901/5012 3020/3904/5012 671/3876/5012 691/3902/5012
f 3020/3904/5013 3019/3901/5013 692/3903/5013 672/3879/5013
f 3020/3904/5014 3018/3900/5014 677/3858/5014 671/3876/5014
f 3018/3900/5015 3020/3904/5015 672/3879/5015 678/3859/5015
f 3021/3905/5016 3022/3906/5016 693/3907/5016 691/3902/5016
f 3022/3906/5017 3021/3905/5017 692/3903/5017 694/3908/5017
f 3022/3906/5018 3023/3909/5018 685/3893/5018 693/3907/5018
f 3023/3909/5019 3022/3906/5019 694/3908/5019 686/3896/5019
f 3023/3909/5020 3021/3905/5020 691/3902/5020 685/3893/5020
f 3021/3905/5021 3023/3909/5021 686/3896/5021 692/3903/5021
f 3024/3910/5022 3025/3911/5022 725/3912/5022 677/3858/5022
f 3025/3911/5023 3024/3910/5023 678/3859/5023 726/3913/5023
f 3025/3911/5024 3026/3914/5024 697/3915/5024 725/3912/5024
f 3026/3914/5025 3025/3911/5025 726/3913/5025 698/3916/5025
f 3026/3914/5026 3024/3910/5026 677/3858/5026 697/3915/5026
f 3024/3910/5027 3026/3914/5027 698/3916/5027 678/3859/5027
f 3027/3917/5028 3028/3918/5028 723/3919/5028 687/3920/5028
f 3028/3918/5029 3027/3917/5029 688/3921/5029 724/3922/5029
f 3028/3918/5030 3029/3923/5030 683/3889/5030 723/3919/5030
f 3029/3923/5031 3028/3918/5031 724/3922/5031 684/3890/5031
f 3029/3923/5032 3027/3917/5032 687/3920/5032 683/3889/5032
f 3027/3917/5033 3029/3923/5033 684/3890/5033 688/3921/5033
f 3030/3924/5034 3031/3925/5034 683/3889/5034 689/3926/5034
f 3031/3925/5035 3030/3924/5035 690/3927/5035 684/3890/5035
f 3031/3925/5036 3032/3928/5036 723/3919/5036 683/3889/5036
f 3032/3928/5037 3031/3925/5037 684/3890/5037 724/3922/5037
f 3032/3928/5038 3030/3924/5038 689/3926/5038 723/3919/5038
f 3030/3924/5039 3032/3928/5039 724/3922/5039 690/3927/5039
f 3033/3929/5040 3034/3930/5040 715/3931/5040 697/3915/5040
f 3034/3930/5041 3033/3929/5041 698/3916/5041 716/3932/5041
f 3034/3930/5042 3035/3933/5042 691/3902/5042 715/3931/5042
f 3035/3933/5043 3034/3930/5043 716/3932/5043 692/3903/5043
f 3035/3933/5044 3033/3929/5044 697/3915/5044 691/3902/5044
f 3033/3929/5045 3035/3933/5045 692/3903/5045 698/3916/5045
f 3036/3934/5046 3037/3935/5046 709/3936/5046 719/3937/5046
f 3037/3935/5047 3036/3934/5047 720/3938/5047 710/3939/5047
f 3037/3935/5048 3038/3940/5048 721/3941/5048 709/3936/5048
f 3038/3940/5049 3037/3935/5049 710/3939/5049 722/3942/5049
f 3038/3940/5050 3036/3934/5050 719/3937/5050 721/3941/5050
f 3036/3934/5051 3038/3940/5051 722/3942/5051 720/3938/5051
f 3039/3943/5052 3040/3944/5052 703/3945/5052 717/3845/5052
f 3040/3944/5053 3039/3943/5053 718/3848/5053 704/3946/5053
f 3040/3944/5054 3041/3947/5054 661/3841/5054 703/3945/5054
f 3041/3947/5055 3040/3944/5055 704/3946/5055 662/3842/5055
f 3041/3947/5056 3039/3943/5056 717/3845/5056 661/3841/5056
f 3039/3943/5057 3041/3947/5057 662/3842/5057 718/3848/5057
f 3042/3948/5058 3043/3949/5058 705/3950/5058 689/3863/5058
f 3043/3949/5059 3042/3948/5059 690/3864/5059 706/3951/5059
f 3043/3949/5060 3044/3952/5060 663/3862/5060 705/3950/5060
f 3044/3952/5061 3043/3949/5061 706/3951/5061 664/3865/5061
f 3044/3952/5062 3042/3948/5062 689/3863/5062 663/3862/5062
f 3042/3948/5063 3044/3952/5063 664/3865/5063 690/3864/5063
f 3045/3953/5064 3046/3954/5064 701/3837/5064 659/3854/5064
f 3046/3954/5065 3045/3953/5065 660/3855/5065 702/3838/5065
f 3046/3954/5066 3047/3955/5066 699/3956/5066 701/3837/5066
f 3047/3955/5067 3046/3954/5067 702/3838/5067 700/3957/5067
f 3047/3955/5068 3045/3953/5068 659/3854/5068 699/3956/5068
f 3045/3953/5069 3047/3955/5069 700/3957/5069 660/3855/5069
f 3048/3958/5070 3049/3959/5070 677/3858/5070 659/3854/5070
f 3049/3959/5071 3048/3958/5071 660/3855/5071 678/3859/5071
f 3049/3959/5072 3050/3960/5072 665/3877/5072 677/3858/5072
f 3050/3960/5073 3049/3959/5073 678/3859/5073 666/3878/5073
f 3050/3960/5074 3048/3958/5074 659/3854/5074 665/3877/5074
f 3048/3958/5075 3050/3960/5075 666/3878/5075 660/3855/5075
f 3051/3961/5076 3052/3962/5076 667/3836/5076 665/3877/5076
f 3052/3962/5077 3051/3961/5077 666/3878/5077 668/3839/5077
f 3052/3962/5078 3053/3963/5078 701/3837/5078 667/3836/5078
f 3053/3963/5079 3052/3962/5079 668/3839/5079 702/3838/5079
f 3053/3963/5080 3054/3964/5080 659/3854/5080 701/3837/5080
f 3054/3964/5081 3053/3963/5081 702/3838/5081 660/3855/5081
f 3054/3964/5082 3051/3961/5082 665/3877/5082 659/3854/5082
f 3051/3961/5083 3054/3964/5083 660/3855/5083 666/3878/5083
f 3055/3965/5084 3056/3966/5084 663/3862/5084 675/3867/5084
f 3056/3966/5085 3055/3965/5085 676/3868/5085 664/3865/5085
f 3056/3966/5086 3057/3967/5086 717/3845/5086 663/3862/5086
f 3057/3967/5087 3056/3966/5087 664/3865/5087 718/3848/5087
f 3057/3967/5088 3058/3968/5088 669/3846/5088 717/3845/5088
f 3058/3968/5089 3057/3967/5089 718/3848/5089 670/3847/5089
f 3058/3968/5090 3055/3965/5090 675/3867/5090 669/3846/5090
f 3055/3965/5091 3058/3968/5091 670/3847/5091 676/3868/5091
f 3059/3969/5092 3060/3970/5092 683/3889/5092 681/3898/5092
f 3060/3970/5093 3059/3969/5093 682/3899/5093 684/3890/5093
f 3060/3970/5094 3061/3971/5094 675/3867/5094 683/3889/5094
f 3061/3971/5095 3060/3970/5095 684/3890/5095 676/3868/5095
f 3061/3971/5096 3062/3972/5096 673/3871/5096 675/3867/5096
f 3062/3972/5097 3061/3971/5097 676/3868/5097 674/3872/5097
f 3062/3972/5098 3059/3969/5098 681/3898/5098 673/3871/5098
f 3059/3969/5099 3062/3972/5099 674/3872/5099 682/3899/5099
f 3063/3973/5100 3064/3974/5100 673/3871/5100 669/3846/5100
f 3064/3974/5101 3063/3973/5101 670/3847/5101 674/3872/5101
f 3064/3974/5102 3065/3975/5102 675/3867/5102 673/3871/5102
f 3065/3975/5103 3064/3974/5103 674/3872/5103 676/3868/5103
f 3065/3975/5104 3063/3973/5104 669/3846/5104 675/3867/5104
f 3063/3973/5105 3065/3975/5105 676/3868/5105 670/3847/5105
f 3066/3976/5106 3067/3977/5106 671/3876/5106 667/3836/5106
f 3067/3977/5107 3066/3976/5107 668/3839/5107 672/3879/5107
f 3067/3977/5108 3068/3978/5108 673/3871/5108 671/3876/5108
f 3068/3978/5109 3067/3977/5109 672/3879/5109 674/3872/5109
f 3068/3978/5110 3066/3976/5110 667/3836/5110 673/3871/5110
f 3066/3976/5111 3068/3978/5111 674/3872/5111 668/3839/5111
f 3069/3979/5112 3070/3980/5112 673/3871/5112 681/3898/5112
f 3070/3980/5113 3069/3979/5113 682/3899/5113 674/3872/5113
f 3070/3980/5114 3071/3981/5114 671/3876/5114 673/3871/5114
f 3071/3981/5115 3070/3980/5115 674/3872/5115 672/3879/5115
f 3071/3981/5116 3072/3982/5116 679/3894/5116 671/3876/5116
f 3072/3982/5117 3071/3981/5117 672/3879/5117 680/3895/5117
f 3072/3982/5118 3069/3979/5118 681/3898/5118 679/3894/5118
f 3069/3979/5119 3072/3982/5119 680/3895/5119 682/3899/5119
f 3073/3983/5120 3074/3984/5120 687/3920/5120 695/3985/5120
f 3074/3984/5121 3073/3983/5121 696/3986/5121 688/3921/5121
f 3074/3984/5122 3075/3987/5122 683/3889/5122 687/3920/5122
f 3075/3987/5123 3074/3984/5123 688/3921/5123 684/3890/5123
f 3075/3987/5124 3076/3988/5124 681/3898/5124 683/3889/5124
f 3076/3988/5125 3075/3987/5125 684/3890/5125 682/3899/5125
f 3076/3988/5126 3073/3983/5126 695/3985/5126 681/3898/5126
f 3073/3983/5127 3076/3988/5127 682/3899/5127 696/3986/5127
f 3077/3989/5128 3078/3990/5128 685/3893/5128 691/3902/5128
f 3078/3990/5129 3077/3989/5129 692/3903/5129 686/3896/5129
f 3078/3990/5130 3079/3991/5130 679/3894/5130 685/3893/5130
f 3079/3991/5131 3078/3990/5131 686/3896/5131 680/3895/5131
f 3079/3991/5132 3080/3992/5132 671/3876/5132 679/3894/5132
f 3080/3992/5133 3079/3991/5133 680/3895/5133 672/3879/5133
f 3080/3992/5134 3077/3989/5134 691/3902/5134 671/3876/5134
f 3077/3989/5135 3080/3992/5135 672/3879/5135 692/3903/5135
f 3081/3993/5136 3082/3994/5136 685/3893/5136 681/3898/5136
f 3082/3994/5137 3081/3993/5137 682/3899/5137 686/3896/5137
f 3082/3994/5138 3083/3995/5138 695/3985/5138 685/3893/5138
f 3083/3995/5139 3082/3994/5139 686/3896/5139 696/3986/5139
f 3083/3995/5140 3081/3993/5140 681/3898/5140 695/3985/5140
f 3081/3993/5141 3083/3995/5141 696/3986/5141 682/3899/5141
f 3084/3996/5142 3085/3997/5142 721/3941/5142 719/3937/5142
f 3085/3997/5143 3084/3996/5143 720/3938/5143 722/3942/5143
f 3085/3997/5144 3086/3998/5144 695/3985/5144 721/3941/5144
f 3086/3998/5145 3085/3997/5145 722/3942/5145 696/3986/5145
f 3086/3998/5146 3087/3999/5146 693/3907/5146 695/3985/5146
f 3087/3999/5147 3086/3998/5147 696/3986/5147 694/3908/5147
f 3087/3999/5148 3084/3996/5148 719/3937/5148 693/3907/5148
f 3084/3996/5149 3087/3999/5149 694/3908/5149 720/3938/5149
f 3088/4000/5150 3089/4001/5150 697/3915/5150 677/3858/5150
f 3089/4001/5151 3088/4000/5151 678/3859/5151 698/3916/5151
f 3089/4001/5152 3090/4002/5152 691/3902/5152 697/3915/5152
f 3090/4002/5153 3089/4001/5153 698/3916/5153 692/3903/5153
f 3090/4002/5154 3088/4000/5154 677/3858/5154 691/3902/5154
f 3088/4000/5155 3090/4002/5155 692/3903/5155 678/3859/5155
f 3091/4003/5156 3092/4004/5156 693/3907/5156 685/3893/5156
f 3092/4004/5157 3091/4003/5157 686/3896/5157 694/3908/5157
f 3092/4004/5158 3093/4005/5158 695/3985/5158 693/3907/5158
f 3093/4005/5159 3092/4004/5159 694/3908/5159 696/3986/5159
f 3093/4005/5160 3091/4003/5160 685/3893/5160 695/3985/5160
f 3091/4003/5161 3093/4005/5161 696/3986/5161 686/3896/5161
f 3094/4006/5162 3095/4007/5162 693/3907/5162 727/4008/5162
f 3095/4007/5163 3094/4006/5163 728/4009/5163 694/3908/5163
f 3095/4007/5164 3096/4010/5164 691/3902/5164 693/3907/5164
f 3096/4010/5165 3095/4007/5165 694/3908/5165 692/3903/5165
f 3096/4010/5166 3097/4011/5166 715/3931/5166 691/3902/5166
f 3097/4011/5167 3096/4010/5167 692/3903/5167 716/3932/5167
f 3097/4011/5168 3094/4006/5168 727/4008/5168 715/3931/5168
f 3094/4006/5169 3097/4011/5169 716/3932/5169 728/4009/5169
f 3098/4012/5170 3099/4013/5170 723/3919/5170 721/3941/5170
f 3099/4013/5171 3098/4012/5171 722/3942/5171 724/3922/5171
f 3099/4013/5172 3100/4014/5172 687/3920/5172 723/3919/5172
f 3100/4014/5173 3099/4013/5173 724/3922/5173 688/3921/5173
f 3100/4014/5174 3101/4015/5174 695/3985/5174 687/3920/5174
f 3101/4015/5175 3100/4014/5175 688/3921/5175 696/3986/5175
f 3101/4015/5176 3098/4012/5176 721/3941/5176 695/3985/5176
f 3098/4012/5177 3101/4015/5177 696/3986/5177 722/3942/5177
f 3102/4016/5178 3103/4017/5178 727/4008/5178 693/3907/5178
f 3103/4017/5179 3102/4016/5179 694/3908/5179 728/4009/5179
f 3103/4017/5180 3104/4018/5180 719/3937/5180 727/4008/5180
f 3104/4018/5181 3103/4017/5181 728/4009/5181 720/3938/5181
f 3104/4018/5182 3102/4016/5182 693/3907/5182 719/3937/5182
f 3102/4016/5183 3104/4018/5183 720/3938/5183 694/3908/5183
f 3105/4019/5184 3106/4020/5184 703/3945/5184 661/3841/5184
f 3106/4020/5185 3105/4019/5185 662/3842/5185 704/3946/5185
f 3106/4020/5186 3107/4021/5186 701/3837/5186 703/3945/5186
f 3107/4021/5187 3106/4020/5187 704/3946/5187 702/3838/5187
f 3107/4021/5188 3105/4019/5188 661/3841/5188 701/3837/5188
f 3105/4019/5189 3107/4021/5189 702/3838/5189 662/3842/5189
f 3108/4022/5190 3109/4023/5190 723/3919/5190 711/4024/5190
f 3109/4023/5191 3108/4022/5191 712/4025/5191 724/3922/5191
f 3109/4023/5192 3110/4026/5192 721/3941/5192 723/3919/5192
f 3110/4026/5193 3109/4023/5193 724/3922/5193 722/3942/5193
f 3110/4026/5194 3111/4027/5194 709/3936/5194 721/3941/5194
f 3111/4027/5195 3110/4026/5195 722/3942/5195 710/3939/5195
f 3111/4027/5196 3108/4022/5196 711/4024/5196 709/3936/5196
f 3108/4022/5197 3111/4027/5197 710/3939/5197 712/4025/5197
f 3112/4028/5198 3113/4029/5198 711/4024/5198 689/3863/5198
f 3113/4029/5199 3112/4028/5199 690/3864/5199 712/4025/5199
f 3113/4029/5200 3114/4030/5200 709/3936/5200 711/4024/5200
f 3114/4030/5201 3113/4029/5201 712/4025/5201 710/3939/5201
f 3114/4030/5202 3115/4031/5202 707/4032/5202 709/3936/5202
f 3115/4031/5203 3114/4030/5203 710/3939/5203 708/4033/5203
f 3115/4031/5204 3116/4034/5204 713/4035/5204 707/4032/5204
f 3116/4034/5205 3115/4031/5205 708/4033/5205 714/4036/5205
f 3116/4034/5206 3117/4037/5206 699/3956/5206 713/4035/5206
f 3117/4037/5207 3116/4034/5207 714/4036/5207 700/3957/5207
f 3117/4037/5208 3118/4038/5208 701/3837/5208 699/3956/5208
f 3118/4038/5209 3117/4037/5209 700/3957/5209 702/3838/5209
f 3118/4038/5210 3119/4039/5210 703/3945/5210 701/3837/5210
f 3119/4039/5211 3118/4038/5211 702/3838/5211 704/3946/5211
f 3119/4039/5212 3120/4040/5212 705/3950/5212 703/3945/5212
f 3120/4040/5213 3119/4039/5213 704/3946/5213 706/3951/5213
f 3120/4040/5214 3112/4028/5214 689/3863/5214 705/3950/5214
f 3112/4028/5215 3120/4040/5215 706/3951/5215 690/3864/5215
f 3121/4041/5216 3122/4042/5216 717/3845/5216 703/3945/5216
f 3122/4042/5217 3121/4041/5217 704/3946/5217 718/3848/5217
f 3122/4042/5218 3123/4043/5218 663/3862/5218 717/3845/5218
f 3123/4043/5219 3122/4042/5219 718/3848/5219 664/3865/5219
f 3123/4043/5220 3124/4044/5220 705/3950/5220 663/3862/5220
f 3124/4044/5221 3123/4043/5221 664/3865/5221 706/3951/5221
f 3124/4044/5222 3121/4041/5222 703/3945/5222 705/3950/5222
f 3121/4041/5223 3124/4044/5223 706/3951/5223 704/3946/5223
f 3125/4045/5224 3126/4046/5224 725/3853/5224 713/4047/5224
f 3126/4046/5225 3125/4045/5225 714/4048/5225 726/3856/5225
f 3126/4046/5226 3127/4049/5226 659/3854/5226 725/3853/5226
f 3127/4049/5227 3126/4046/5227 726/3856/5227 660/3855/5227
f 3127/4049/5228 3128/4050/5228 699/3956/5228 659/3854/5228
f 3128/4050/5229 3127/4049/5229 660/3855/5229 700/3957/5229
f 3128/4050/5230 3125/4045/5230 713/4047/5230 699/3956/5230
f 3125/4045/5231 3128/4050/5231 700/3957/5231 714/4048/5231
f 3129/4051/5232 3130/4052/5232 707/4032/5232 713/4035/5232
f 3130/4052/5233 3129/4051/5233 714/4036/5233 708/4033/5233
f 3130/4052/5234 3131/4053/5234 715/3931/5234 707/4032/5234
f 3131/4053/5235 3130/4052/5235 708/4033/5235 716/3932/5235
f 3131/4053/5236 3132/4054/5236 697/3915/5236 715/3931/5236
f 3132/4054/5237 3131/4053/5237 716/3932/5237 698/3916/5237
f 3132/4054/5238 3129/4051/5238 713/4035/5238 697/3915/5238
f 3129/4051/5239 3132/4054/5239 698/3916/5239 714/4036/5239
f 3133/4055/5240 3134/4056/5240 719/3937/5240 709/3936/5240
f 3134/4056/5241 3133/4055/5241 710/3939/5241 720/3938/5241
f 3134/4056/5242 3135/4057/5242 727/4008/5242 719/3937/5242
f 3135/4057/5243 3134/4056/5243 720/3938/5243 728/4009/5243
f 3135/4057/5244 3136/4058/5244 707/4032/5244 727/4008/5244
f 3136/4058/5245 3135/4057/5245 728/4009/5245 708/4033/5245
f 3136/4058/5246 3133/4055/5246 709/3936/5246 707/4032/5246
f 3133/4055/5247 3136/4058/5247 708/4033/5247 710/3939/5247
f 3137/4059/5248 3138/4060/5248 725/4061/5248 697/3915/5248
f 3138/4060/5249 3137/4059/5249 698/3916/5249 726/4062/5249
f 3138/4060/5250 3139/4063/5250 713/4035/5250 725/4061/5250
f 3139/4063/5251 3138/4060/5251 726/4062/5251 714/4036/5251
f 3139/4063/5252 3137/4059/5252 697/3915/5252 713/4035/5252
f 3137/4059/5253 3139/4063/5253 714/4036/5253 698/3916/5253
f 3140/4064/5254 3141/4065/5254 715/3931/5254 727/4008/5254
f 3141/4065/5255 3140/4064/5255 728/4009/5255 716/3932/5255
f 3141/4065/5256 3142/4066/5256 707/4032/5256 715/3931/5256
f 3142/4066/5257 3141/4065/5257 716/3932/5257 708/4033/5257
f 3142/4066/5258 3140/4064/5258 727/4008/5258 707/4032/5258
f 3140/4064/5259 3142/4066/5259 708/4033/5259 728/4009/5259
f 3143/4067/5260 3144/4068/5260 711/4024/5260 723/3919/5260
f 3144/4068/5261 3143/4067/5261 724/3922/5261 712/4025/5261
f 3144/4068/5262 3145/4069/5262 689/3926/5262 711/4024/5262
f 3145/4069/5263 3144/4068/5263 712/4025/5263 690/3927/5263
f 3145/4069/5264 3143/4067/5264 723/3919/5264 689/3926/5264
f 3143/4067/5265 3145/4069/5265 690/3927/5265 724/3922/5265
f 3146/4070/5266 3147/4071/5266 733/4072/5266 731/4073/5266
f 3147/4071/5267 3146/4070/5267 732/4074/5267 734/4075/5267
f 3147/4071/5268 3148/4076/5268 735/4077/5268 733/4072/5268
f 3148/4076/5269 3147/4071/5269 734/4075/5269 736/4078/5269
f 3148/4076/5270 3146/4070/5270 731/4073/5270 735/4077/5270
f 3146/4070/5271 3148/4076/5271 736/4078/5271 732/4074/5271
f 3149/4079/5272 3150/4080/5272 731/4073/5272 737/4081/5272
f 3150/4080/5273 3149/4079/5273 738/4082/5273 732/4074/5273
f 3150/4080/5274 3151/4083/5274 729/4084/5274 731/4073/5274
f 3151/4083/5275 3150/4080/5275 732/4074/5275 730/4085/5275
f 3151/4083/5276 3149/4079/5276 737/4081/5276 729/4084/5276
f 3149/4079/5277 3151/4083/5277 730/4085/5277 738/4082/5277
f 3152/4086/5278 3153/4087/5278 745/4088/5278 739/4089/5278
f 3153/4087/5279 3152/4086/5279 740/4090/5279 746/4091/5279
f 3153/4087/5280 3154/4092/5280 733/4093/5280 745/4088/5280
f 3154/4092/5281 3153/4087/5281 746/4091/5281 734/4094/5281
f 3154/4092/5282 3152/4086/5282 739/4089/5282 733/4093/5282
f 3152/4086/5283 3154/4092/5283 734/4094/5283 740/4090/5283
f 3155/4095/5284 3156/4096/5284 741/4097/5284 733/4093/5284
f 3156/4096/5285 3155/4095/5285 734/4094/5285 742/4098/5285
f 3156/4096/5286 3157/4099/5286 735/4100/5286 741/4097/5286
f 3157/4099/5287 3156/4096/5287 742/4098/5287 736/4101/5287
f 3157/4099/5288 3155/4095/5288 733/4093/5288 735/4100/5288
f 3155/4095/5289 3157/4099/5289 736/4101/5289 734/4094/5289
f 3158/4102/5290 3159/4103/5290 739/4089/5290 745/4088/5290
f 3159/4103/5291 3158/4102/5291 746/4091/5291 740/4090/5291
f 3159/4103/5292 3160/4104/5292 731/4105/5292 739/4089/5292
f 3160/4104/5293 3159/4103/5293 740/4090/5293 732/4106/5293
f 3160/4104/5294 3158/4102/5294 745/4088/5294 731/4105/5294
f 3158/4102/5295 3160/4104/5295 732/4106/5295 746/4091/5295
f 3161/4107/5296 3162/4108/5296 747/4109/5296 743/4110/5296
f 3162/4108/5297 3161/4107/5297 744/4111/5297 748/4112/5297
f 3162/4108/5298 3163/4113/5298 737/4114/5298 747/4109/5298
f 3163/4113/5299 3162/4108/5299 748/4112/5299 738/4115/5299
f 3163/4113/5300 3161/4107/5300 743/4110/5300 737/4114/5300
f 3161/4107/5301 3163/4113/5301 738/4115/5301 744/4111/5301
f 3164/4116/5302 3165/4117/5302 737/4114/5302 743/4110/5302
f 3165/4117/5303 3164/4116/5303 744/4111/5303 738/4115/5303
f 3165/4117/5304 3166/4118/5304 729/4119/5304 737/4114/5304
f 3166/4118/5305 3165/4117/5305 738/4115/5305 730/4120/5305
f 3166/4118/5306 3164/4116/5306 743/4110/5306 729/4119/5306
f 3164/4116/5307 3166/4118/5307 730/4120/5307 744/4111/5307
f 3167/4121/5308 3168/4122/5308 733/4072/5308 739/4089/5308
f 3168/4122/5309 3167/4121/5309 740/4090/5309 734/4075/5309
f 3168/4122/5310 3169/4123/5310 731/4073/5310 733/4072/5310
f 3169/4123/5311 3168/4122/5311 734/4075/5311 732/4074/5311
f 3169/4123/5312 3167/4121/5312 739/4089/5312 731/4073/5312
f 3167/4121/5313 3169/4123/5313 732/4074/5313 740/4090/5313
f 3170/4124/5314 3171/4125/5314 735/4077/5314 731/4073/5314
f 3171/4125/5315 3170/4124/5315 732/4074/5315 736/4078/5315
f 3171/4125/5316 3172/4126/5316 729/4084/5316 735/4077/5316
f 3172/4126/5317 3171/4125/5317 736/4078/5317 730/4085/5317
f 3172/4126/5318 3170/4124/5318 731/4073/5318 729/4084/5318
f 3170/4124/5319 3172/4126/5319 730/4085/5319 732/4074/5319
f 3173/4127/5320 3174/4128/5320 743/4129/5320 747/4130/5320
f 3174/4128/5321 3173/4127/5321 748/4131/5321 744/4132/5321
f 3174/4128/5322 3175/4133/5322 741/4134/5322 743/4129/5322
f 3175/4133/5323 3174/4128/5323 744/4132/5323 742/4135/5323
f 3175/4133/5324 3173/4127/5324 747/4130/5324 741/4134/5324
f 3173/4127/5325 3175/4133/5325 742/4135/5325 748/4131/5325
f 3176/4136/5326 3177/4137/5326 747/4130/5326 745/4088/5326
f 3177/4137/5327 3176/4136/5327 746/4091/5327 748/4131/5327
f 3177/4137/5328 3178/4138/5328 741/4134/5328 747/4130/5328
f 3178/4138/5329 3177/4137/5329 748/4131/5329 742/4135/5329
f 3178/4138/5330 3176/4136/5330 745/4088/5330 741/4134/5330
f 3176/4136/5331 3178/4138/5331 742/4135/5331 746/4091/5331
f 3179/4139/5332 3180/4140/5332 743/4141/5332 735/4100/5332
f 3180/4140/5333 3179/4139/5333 736/4101/5333 744/4142/5333
f 3180/4140/5334 3181/4143/5334 729/4144/5334 743/4141/5334
f 3181/4143/5335 3180/4140/5335 744/4142/5335 730/4145/5335
f 3181/4143/5336 3179/4139/5336 735/4100/5336 729/4144/5336
f 3179/4139/5337 3181/4143/5337 730/4145/5337 736/4101/5337
f 3182/4146/5338 3183/4147/5338 743/4141/5338 741/4097/5338
f 3183/4147/5339 3182/4146/5339 742/4098/5339 744/4142/5339
f 3183/4147/5340 3184/4148/5340 735/4100/5340 743/4141/5340
f 3184/4148/5341 3183/4147/5341 744/4142/5341 736/4101/5341
f 3184/4148/5342 3182/4146/5342 741/4097/5342 735/4100/5342
f 3182/4146/5343 3184/4148/5343 736/4101/5343 742/4098/5343
f 3185/4149/5344 3186/4150/5344 741/4097/5344 745/4088/5344
f 3186/4150/5345 3185/4149/5345 746/4091/5345 742/4098/5345
f 3186/4150/5346 3187/4151/5346 733/4093/5346 741/4097/5346
f 3187/4151/5347 3186/4150/5347 742/4098/5347 734/4094/5347
f 3187/4151/5348 3185/4149/5348 745/4088/5348 733/4093/5348
f 3185/4149/5349 3187/4151/5349 734/4094/5349 746/4091/5349
f 3188/4152/5350 3189/4153/5350 747/4109/5350 737/4114/5350
f 3189/4153/5351 3188/4152/5351 738/4115/5351 748/4112/5351
f 3189/4153/5352 3190/4154/5352 731/4105/5352 747/4109/5352
f 3190/4154/5353 3189/4153/5353 748/4112/5353 732/4106/5353
f 3190/4154/5354 3188/4152/5354 737/4114/5354 731/4105/5354
f 3188/4152/5355 3190/4154/5355 732/4106/5355 738/4115/5355
f 3191/4155/5356 3192/4156/5356 745/4088/5356 747/4109/5356
f 3192/4156/5357 3191/4155/5357 748/4112/5357 746/4091/5357
f 3192/4156/5358 3193/4157/5358 731/4105/5358 745/4088/5358
f 3193/4157/5359 3192/4156/5359 746/4091/5359 732/4106/5359
f 3193/4157/5360 3191/4155/5360 747/4109/5360 731/4105/5360
f 3191/4155/5361 3193/4157/5361 732/4106/5361 748/4112/5361
f 3194/4158/5362 3195/4159/5362 765/4160/5362 761/4161/5362
f 3195/4159/5363 3194/4158/5363 762/4162/5363 766/4163/5363
f 3195/4159/5364 3196/4164/5364 759/4165/5364 765/4160/5364
f 3196/4164/5365 3195/4159/5365 766/4163/5365 760/4166/5365
f 3196/4164/5366 3194/4158/5366 761/4161/5366 759/4165/5366
f 3194/4158/5367 3196/4164/5367 760/4166/5367 762/4162/5367
f 3197/4167/5368 3198/4168/5368 749/4169/5368 759/4170/5368
f 3198/4168/5369 3197/4167/5369 760/4171/5369 750/4172/5369
f 3198/4168/5370 3199/4173/5370 761/4161/5370 749/4169/5370
f 3199/4173/5371 3198/4168/5371 750/4172/5371 762/4162/5371
f 3199/4173/5372 3197/4167/5372 759/4170/5372 761/4161/5372
f 3197/4167/5373 3199/4173/5373 762/4162/5373 760/4171/5373
f 3200/4174/5374 3201/4175/5374 759/4170/5374 757/4176/5374
f 3201/4175/5375 3200/4174/5375 758/4177/5375 760/4171/5375
f 3201/4175/5376 3202/4178/5376 765/4179/5376 759/4170/5376
f 3202/4178/5377 3201/4175/5377 760/4171/5377 766/4180/5377
f 3202/4178/5378 3200/4174/5378 757/4176/5378 765/4179/5378
f 3200/4174/5379 3202/4178/5379 766/4180/5379 758/4177/5379
f 3203/4181/5380 3204/4182/5380 757/4183/5380 751/4184/5380
f 3204/4182/5381 3203/4181/5381 752/4185/5381 758/4186/5381
f 3204/4182/5382 3205/4187/5382 753/4188/5382 757/4183/5382
f 3205/4187/5383 3204/4182/5383 758/4186/5383 754/4189/5383
f 3205/4187/5384 3203/4181/5384 751/4184/5384 753/4188/5384
f 3203/4181/5385 3205/4187/5385 754/4189/5385 752/4185/5385
f 3206/4190/5386 3207/4191/5386 761/4161/5386 765/4160/5386
f 3207/4191/5387 3206/4190/5387 766/4163/5387 762/4162/5387
f 3207/4191/5388 3208/4192/5388 763/4193/5388 761/4161/5388
f 3208/4192/5389 3207/4191/5389 762/4162/5389 764/4194/5389
f 3208/4192/5390 3206/4190/5390 765/4160/5390 763/4193/5390
f 3206/4190/5391 3208/4192/5391 764/4194/5391 766/4163/5391
f 3209/4195/5392 3210/4196/5392 757/4197/5392 755/4198/5392
f 3210/4196/5393 3209/4195/5393 756/4199/5393 758/4200/5393
f 3210/4196/5394 3211/4201/5394 749/4202/5394 757/4197/5394
f 3211/4201/5395 3210/4196/5395 758/4200/5395 750/4203/5395
f 3211/4201/5396 3209/4195/5396 755/4198/5396 749/4202/5396
f 3209/4195/5397 3211/4201/5397 750/4203/5397 756/4199/5397
f 3212/4204/5398 3213/4205/5398 749/4202/5398 751/4184/5398
f 3213/4205/5399 3212/4204/5399 752/4185/5399 750/4203/5399
f 3213/4205/5400 3214/4206/5400 757/4197/5400 749/4202/5400
f 3214/4206/5401 3213/4205/5401 750/4203/5401 758/4200/5401
f 3214/4206/5402 3212/4204/5402 751/4184/5402 757/4197/5402
f 3212/4204/5403 3214/4206/5403 758/4200/5403 752/4185/5403
f 3215/4207/5404 3216/4208/5404 753/4188/5404 763/4193/5404
f 3216/4208/5405 3215/4207/5405 764/4194/5405 754/4189/5405
f 3216/4208/5406 3217/4209/5406 765/4210/5406 753/4188/5406
f 3217/4209/5407 3216/4208/5407 754/4189/5407 766/4211/5407
f 3217/4209/5408 3215/4207/5408 763/4193/5408 765/4210/5408
f 3215/4207/5409 3217/4209/5409 766/4211/5409 764/4194/5409
f 3218/4212/5410 3219/4213/5410 753/4188/5410 751/4184/5410
f 3219/4213/5411 3218/4212/5411 752/4185/5411 754/4189/5411
f 3219/4213/5412 3220/4214/5412 763/4193/5412 753/4188/5412
f 3220/4214/5413 3219/4213/5413 754/4189/5413 764/4194/5413
f 3220/4214/5414 3218/4212/5414 751/4184/5414 763/4193/5414
f 3218/4212/5415 3220/4214/5415 764/4194/5415 752/4185/5415
f 3221/4215/5416 3222/4216/5416 751/4184/5416 761/4161/5416
f 3222/4216/5417 3221/4215/5417 762/4162/5417 752/4185/5417
f 3222/4216/5418 3223/4217/5418 763/4193/5418 751/4184/5418
f 3223/4217/5419 3222/4216/5419 752/4185/5419 764/4194/5419
f 3223/4217/5420 3221/4215/5420 761/4161/5420 763/4193/5420
f 3221/4215/5421 3223/4217/5421 764/4194/5421 762/4162/5421
f 3224/4218/5422 3225/4219/5422 751/4184/5422 749/4169/5422
f 3225/4219/5423 3224/4218/5423 750/4172/5423 752/4185/5423
f 3225/4219/5424 3226/4220/5424 761/4161/5424 751/4184/5424
f 3226/4220/5425 3225/4219/5425 752/4185/5425 762/4162/5425
f 3226/4220/5426 3224/4218/5426 749/4169/5426 761/4161/5426
f 3224/4218/5427 3226/4220/5427 762/4162/5427 750/4172/5427
f 3227/4221/5428 3228/4222/5428 749/4169/5428 755/4223/5428
f 3228/4222/5429 3227/4221/5429 756/4224/5429 750/4172/5429
f 3228/4222/5430 3229/4225/5430 759/4170/5430 749/4169/5430
f 3229/4225/5431 3228/4222/5431 750/4172/5431 760/4171/5431
f 3229/4225/5432 3227/4221/5432 755/4223/5432 759/4170/5432
f 3227/4221/5433 3229/4225/5433 760/4171/5433 756/4224/5433
f 3230/4226/5434 3231/4227/5434 757/4176/5434 753/4228/5434
f 3231/4227/5435 3230/4226/5435 754/4229/5435 758/4177/5435
f 3231/4227/5436 3232/4230/5436 765/4179/5436 757/4176/5436
f 3232/4230/5437 3231/4227/5437 758/4177/5437 766/4180/5437
f 3232/4230/5438 3230/4226/5438 753/4228/5438 765/4179/5438
f 3230/4226/5439 3232/4230/5439 766/4180/5439 754/4229/5439
f 3233/4231/5440 3234/4232/5440 757/4176/5440 759/4170/5440
f 3234/4232/5441 3233/4231/5441 760/4171/5441 758/4177/5441
f 3234/4232/5442 3235/4233/5442 755/4223/5442 757/4176/5442
f 3235/4233/5443 3234/4232/5443 758/4177/5443 756/4224/5443
f 3235/4233/5444 3233/4231/5444 759/4170/5444 755/4223/5444
f 3233/4231/5445 3235/4233/5445 756/4224/5445 760/4171/5445
f 3236/4234/5446 3237/4235/5446 771/4236/5446 775/4237/5446
f 3237/4235/5447 3236/4234/5447 776/4238/5447 772/4239/5447
f 3237/4235/5448 3238/4240/5448 779/4241/5448 771/4236/5448
f 3238/4240/5449 3237/4235/5449 772/4239/5449 780/4242/5449
f 3238/4240/5450 3236/4234/5450 775/4237/5450 779/4241/5450
f 3236/4234/5451 3238/4240/5451 780/4242/5451 776/4238/5451
f 3239/4243/5452 3240/4244/5452 767/4245/5452 773/4246/5452
f 3240/4244/5453 3239/4243/5453 774/4247/5453 768/4248/5453
f 3240/4244/5454 3241/4249/5454 769/4250/5454 767/4245/5454
f 3241/4249/5455 3240/4244/5455 768/4248/5455 770/4251/5455
f 3241/4249/5456 3239/4243/5456 773/4246/5456 769/4250/5456
f 3239/4243/5457 3241/4249/5457 770/4251/5457 774/4247/5457
f 3242/4252/5458 3243/4253/5458 769/4254/5458 779/4255/5458
f 3243/4253/5459 3242/4252/5459 780/4256/5459 770/4257/5459
f 3243/4253/5460 3244/4258/5460 777/4259/5460 769/4254/5460
f 3244/4258/5461 3243/4253/5461 770/4257/5461 778/4260/5461
f 3244/4258/5462 3242/4252/5462 779/4255/5462 777/4259/5462
f 3242/4252/5463 3244/4258/5463 778/4260/5463 780/4256/5463
f 3245/4261/5464 3246/4262/5464 777/4259/5464 779/4241/5464
f 3246/4262/5465 3245/4261/5465 780/4242/5465 778/4260/5465
f 3246/4262/5466 3247/4263/5466 775/4237/5466 777/4259/5466
f 3247/4263/5467 3246/4262/5467 778/4260/5467 776/4238/5467
f 3247/4263/5468 3245/4261/5468 779/4241/5468 775/4237/5468
f 3245/4261/5469 3247/4263/5469 776/4238/5469 780/4242/5469
f 3248/4264/5470 3249/4265/5470 767/4266/5470 769/4250/5470
f 3249/4265/5471 3248/4264/5471 770/4251/5471 768/4267/5471
f 3249/4265/5472 3250/4268/5472 777/4259/5472 767/4266/5472
f 3250/4268/5473 3249/4265/5473 768/4267/5473 778/4260/5473
f 3250/4268/5474 3248/4264/5474 769/4250/5474 777/4259/5474
f 3248/4264/5475 3250/4268/5475 778/4260/5475 770/4251/5475
f 3251/4269/5476 3252/4270/5476 767/4266/5476 777/4259/5476
f 3252/4270/5477 3251/4269/5477 778/4260/5477 768/4267/5477
f 3252/4270/5478 3253/4271/5478 775/4237/5478 767/4266/5478
f 3253/4271/5479 3252/4270/5479 768/4267/5479 776/4238/5479
f 3253/4271/5480 3251/4269/5480 777/4259/5480 775/4237/5480
f 3251/4269/5481 3253/4271/5481 776/4238/5481 778/4260/5481
f 3254/4272/5482 3255/4273/5482 775/4274/5482 771/4275/5482
f 3255/4273/5483 3254/4272/5483 772/4276/5483 776/4277/5483
f 3255/4273/5484 3256/4278/5484 767/4266/5484 775/4274/5484
f 3256/4278/5485 3255/4273/5485 776/4277/5485 768/4267/5485
f 3256/4278/5486 3257/4279/5486 773/4280/5486 767/4266/5486
f 3257/4279/5487 3256/4278/5487 768/4267/5487 774/4281/5487
f 3257/4279/5488 3254/4272/5488 771/4275/5488 773/4280/5488
f 3254/4272/5489 3257/4279/5489 774/4281/5489 772/4276/5489
f 3258/4282/5490 3259/4283/5490 773/4284/5490 771/4285/5490
f 3259/4283/5491 3258/4282/5491 772/4286/5491 774/4287/5491
f 3259/4283/5492 3260/4288/5492 779/4255/5492 773/4284/5492
f 3260/4288/5493 3259/4283/5493 774/4287/5493 780/4256/5493
f 3260/4288/5494 3258/4282/5494 771/4285/5494 779/4255/5494
f 3258/4282/5495 3260/4288/5495 780/4256/5495 772/4286/5495
f 3261/4289/5496 3262/4290/5496 769/4254/5496 773/4284/5496
f 3262/4290/5497 3261/4289/5497 774/4287/5497 770/4257/5497
f 3262/4290/5498 3263/4291/5498 779/4255/5498 769/4254/5498
f 3263/4291/5499 3262/4290/5499 770/4257/5499 780/4256/5499
f 3263/4291/5500 3261/4289/5500 773/4284/5500 779/4255/5500
f 3261/4289/5501 3263/4291/5501 780/4256/5501 774/4287/5501
f 3264/4292/5502 3265/4293/5502 801/4294/5502 803/4295/5502
f 3265/4293/5503 3264/4292/5503 804/4296/5503 802/4297/5503
f 3265/4293/5504 3266/4298/5504 811/4299/5504 801/4294/5504
f 3266/4298/5505 3265/4293/5505 802/4297/5505 812/4300/5505
f 3266/4298/5506 3267/4301/5506 809/4302/5506 811/4299/5506
f 3267/4301/5507 3266/4298/5507 812/4300/5507 810/4303/5507
f 3267/4301/5508 3268/4304/5508 819/4305/5508 809/4302/5508
f 3268/4304/5509 3267/4301/5509 810/4303/5509 820/4306/5509
f 3268/4304/5510 3269/4307/5510 839/4308/5510 819/4305/5510
f 3269/4307/5511 3268/4304/5511 820/4306/5511 840/4309/5511
f 3269/4307/5512 3270/4310/5512 787/4311/5512 839/4308/5512
f 3270/4310/5513 3269/4307/5513 840/4309/5513 788/4312/5513
f 3270/4310/5514 3271/4313/5514 791/4314/5514 787/4311/5514
f 3271/4313/5515 3270/4310/5515 788/4312/5515 792/4315/5515
f 3271/4313/5516 3272/4316/5516 907/4317/5516 791/4314/5516
f 3272/4316/5517 3271/4313/5517 792/4315/5517 908/4318/5517
f 3272/4316/5518 3273/4319/5518 833/4320/5518 907/4317/5518
f 3273/4319/5519 3272/4316/5519 908/4318/5519 834/4321/5519
f 3273/4319/5520 3274/4322/5520 823/4323/5520 833/4320/5520
f 3274/4322/5521 3273/4319/5521 834/4321/5521 824/4324/5521
f 3274/4322/5522 3275/4325/5522 813/4326/5522 823/4323/5522
f 3275/4325/5523 3274/4322/5523 824/4324/5523 814/4327/5523
f 3275/4325/5524 3276/4328/5524 797/4329/5524 813/4326/5524
f 3276/4328/5525 3275/4325/5525 814/4327/5525 798/4330/5525
f 3276/4328/5526 3277/4331/5526 795/4332/5526 797/4329/5526
f 3277/4331/5527 3276/4328/5527 798/4330/5527 796/4333/5527
f 3277/4331/5528 3278/4334/5528 805/4335/5528 795/4332/5528
f 3278/4334/5529 3277/4331/5529 796/4333/5529 806/4336/5529
f 3278/4334/5530 3279/4337/5530 923/4338/5530 805/4335/5530
f 3279/4337/5531 3278/4334/5531 806/4336/5531 924/4339/5531
f 3279/4337/5532 3280/4340/5532 925/4341/5532 923/4338/5532
f 3280/4340/5533 3279/4337/5533 924/4339/5533 926/4342/5533
f 3280/4340/5534 3281/4343/5534 933/4344/5534 925/4341/5534
f 3281/4343/5535 3280/4340/5535 926/4342/5535 934/4345/5535
f 3281/4343/5536 3282/4346/5536 931/4347/5536 933/4344/5536
f 3282/4346/5537 3281/4343/5537 934/4345/5537 932/4348/5537
f 3282/4346/5538 3283/4349/5538 929/4350/5538 931/4347/5538
f 3283/4349/5539 3282/4346/5539 932/4348/5539 930/4351/5539
f 3283/4349/5540 3284/4352/5540 927/4353/5540 929/4350/5540
f 3284/4352/5541 3283/4349/5541 930/4351/5541 928/4354/5541
f 3284/4352/5542 3285/4355/5542 915/4356/5542 927/4353/5542
f 3285/4355/5543 3284/4352/5543 928/4354/5543 916/4357/5543
f 3285/4355/5544 3286/4358/5544 859/4359/5544 915/4356/5544
f 3286/4358/5545 3285/4355/5545 916/4357/5545 860/4360/5545
f 3286/4358/5546 3287/4361/5546 829/4362/5546 859/4359/5546
f 3287/4361/5547 3286/4358/5547 860/4360/5547 830/4363/5547
f 3287/4361/5548 3288/4364/5548 831/4365/5548 829/4362/5548
f 3288/4364/5549 3287/4361/5549 830/4363/5549 832/4366/5549
f 3288/4364/5550 3289/4367/5550 849/4368/5550 831/4365/5550
f 3289/4367/5551 3288/4364/5551 832/4366/5551 850/4369/5551
f 3289/4367/5552 3290/4370/5552 921/4371/5552 849/4368/5552
f 3290/4370/5553 3289/4367/5553 850/4369/5553 922/4372/5553
f 3290/4370/5554 3291/4373/5554 899/4374/5554 921/4371/5554
f 3291/4373/5555 3290/4370/5555 922/4372/5555 900/4375/5555
f 3291/4373/5556 3292/4376/5556 891/4377/5556 899/4374/5556
f 3292/4376/5557 3291/4373/5557 900/4375/5557 892/4378/5557
f 3292/4376/5558 3293/4379/5558 903/4380/5558 891/4377/5558
f 3293/4379/5559 3292/4376/5559 892/4378/5559 904/4381/5559
f 3293/4379/5560 3294/4382/5560 877/4383/5560 903/4380/5560
f 3294/4382/5561 3293/4379/5561 904/4381/5561 878/4384/5561
f 3294/4382/5562 3295/4385/5562 853/4386/5562 877/4383/5562
f 3295/4385/5563 3294/4382/5563 878/4384/5563 854/4387/5563
f 3295/4385/5564 3296/4388/5564 851/4389/5564 853/4386/5564
f 3296/4388/5565 3295/4385/5565 854/4387/5565 852/4390/5565
f 3296/4388/5566 3297/4391/5566 863/4392/5566 851/4389/5566
f 3297/4391/5567 3296/4388/5567 852/4390/5567 864/4393/5567
f 3297/4391/5568 3298/4394/5568 835/4395/5568 863/4392/5568
f 3298/4394/5569 3297/4391/5569 864/4393/5569 836/4396/5569
f 3298/4394/5570 3299/4397/5570 793/4398/5570 835/4395/5570
f 3299/4397/5571 3298/4394/5571 836/4396/5571 794/4399/5571
f 3299/4397/5572 3300/4400/5572 799/4401/5572 793/4398/5572
f 3300/4400/5573 3299/4397/5573 794/4399/5573 800/4402/5573
f 3300/4400/5574 3301/4403/5574 789/4404/5574 799/4401/5574
f 3301/4403/5575 3300/4400/5575 800/4402/5575 790/4405/5575
f 3301/4403/5576 3302/4406/5576 901/4407/5576 789/4404/5576
f 3302/4406/5577 3301/4403/5577 790/4405/5577 902/4408/5577
f 3302/4406/5578 3303/4409/5578 893/4410/5578 901/4407/5578
f 3303/4409/5579 3302/4406/5579 902/4408/5579 894/4411/5579
f 3303/4409/5580 3304/4412/5580 881/4413/5580 893/4410/5580
f 3304/4412/5581 3303/4409/5581 894/4411/5581 882/4414/5581
f 3304/4412/5582 3305/4415/5582 873/4416/5582 881/4413/5582
f 3305/4415/5583 3304/4412/5583 882/4414/5583 874/4417/5583
f 3305/4415/5584 3306/4418/5584 875/4419/5584 873/4416/5584
f 3306/4418/5585 3305/4415/5585 874/4417/5585 876/4420/5585
f 3306/4418/5586 3307/4421/5586 845/4422/5586 875/4419/5586
f 3307/4421/5587 3306/4418/5587 876/4420/5587 846/4423/5587
f 3307/4421/5588 3308/4424/5588 841/4425/5588 845/4422/5588
f 3308/4424/5589 3307/4421/5589 846/4423/5589 842/4426/5589
f 3308/4424/5590 3309/4427/5590 869/4428/5590 841/4425/5590
f 3309/4427/5591 3308/4424/5591 842/4426/5591 870/4429/5591
f 3309/4427/5592 3310/4430/5592 883/4431/5592 869/4428/5592
f 3310/4430/5593 3309/4427/5593 870/4429/5593 884/4432/5593
f 3310/4430/5594 3311/4433/5594 895/4434/5594 883/4431/5594
f 3311/4433/5595 3310/4430/5595 884/4432/5595 896/4435/5595
f 3311/4433/5596 3312/4436/5596 905/4437/5596 895/4434/5596
f 3312/4436/5597 3311/4433/5597 896/4435/5597 906/4438/5597
f 3312/4436/5598 3313/4439/5598 909/4440/5598 905/4437/5598
f 3313/4439/5599 3312/4436/5599 906/4438/5599 910/4441/5599
f 3313/4439/5600 3314/4442/5600 911/4443/5600 909/4440/5600
f 3314/4442/5601 3313/4439/5601 910/4441/5601 912/4444/5601
f 3314/4442/5602 3315/4445/5602 861/4446/5602 911/4443/5602
f 3315/4445/5603 3314/4442/5603 912/4444/5603 862/4447/5603
f 3315/4445/5604 3316/4448/5604 857/4449/5604 861/4446/5604
f 3316/4448/5605 3315/4445/5605 862/4447/5605 858/4450/5605
f 3316/4448/5606 3317/4451/5606 871/4452/5606 857/4449/5606
f 3317/4451/5607 3316/4448/5607 858/4450/5607 872/4453/5607
f 3317/4451/5608 3318/4454/5608 887/4455/5608 871/4452/5608
f 3318/4454/5609 3317/4451/5609 872/4453/5609 888/4456/5609
f 3318/4454/5610 3319/4457/5610 807/4458/5610 887/4455/5610
f 3319/4457/5611 3318/4454/5611 888/4456/5611 808/4459/5611
f 3319/4457/5612 3320/4460/5612 785/4461/5612 807/4458/5612
f 3320/4460/5613 3319/4457/5613 808/4459/5613 786/4462/5613
f 3320/4460/5614 3321/4463/5614 781/4464/5614 785/4461/5614
f 3321/4463/5615 3320/4460/5615 786/4462/5615 782/4465/5615
f 3321/4463/5616 3322/4466/5616 913/4467/5616 781/4464/5616
f 3322/4466/5617 3321/4463/5617 782/4465/5617 914/4468/5617
f 3322/4466/5618 3323/4469/5618 917/4470/5618 913/4467/5618
f 3323/4469/5619 3322/4466/5619 914/4468/5619 918/4471/5619
f 3323/4469/5620 3324/4472/5620 827/4473/5620 917/4470/5620
f 3324/4472/5621 3323/4469/5621 918/4471/5621 828/4474/5621
f 3324/4472/5622 3325/4475/5622 825/4476/5622 827/4473/5622
f 3325/4475/5623 3324/4472/5623 828/4474/5623 826/4477/5623
f 3325/4475/5624 3326/4478/5624 865/4479/5624 825/4476/5624
f 3326/4478/5625 3325/4475/5625 826/4477/5625 866/4480/5625
f 3326/4478/5626 3327/4481/5626 843/4482/5626 865/4479/5626
f 3327/4481/5627 3326/4478/5627 866/4480/5627 844/4483/5627
f 3327/4481/5628 3328/4484/5628 847/4485/5628 843/4482/5628
f 3328/4484/5629 3327/4481/5629 844/4483/5629 848/4486/5629
f 3328/4484/5630 3329/4487/5630 889/4488/5630 847/4485/5630
f 3329/4487/5631 3328/4484/5631 848/4486/5631 890/4489/5631
f 3329/4487/5632 3330/4490/5632 897/4491/5632 889/4488/5632
f 3330/4490/5633 3329/4487/5633 890/4489/5633 898/4492/5633
f 3330/4490/5634 3331/4493/5634 919/4494/5634 897/4491/5634
f 3331/4493/5635 3330/4490/5635 898/4492/5635 920/4495/5635
f 3331/4493/5636 3264/4292/5636 803/4295/5636 919/4494/5636
f 3264/4292/5637 3331/4493/5637 920/4495/5637 804/4296/5637
f 3332/4496/5638 3333/4497/5638 783/4498/5638 821/4499/5638
f 3333/4497/5639 3332/4496/5639 822/4500/5639 784/4501/5639
f 3333/4497/5640 3334/4502/5640 789/4404/5640 783/4498/5640
f 3334/4502/5641 3333/4497/5641 784/4501/5641 790/4405/5641
f 3334/4502/5642 3335/4503/5642 799/4401/5642 789/4404/5642
f 3335/4503/5643 3334/4502/5643 790/4405/5643 800/4402/5643
f 3335/4503/5644 3336/4504/5644 815/4505/5644 799/4401/5644
f 3336/4504/5645 3335/4503/5645 800/4402/5645 816/4506/5645
f 3336/4504/5646 3337/4507/5646 817/4508/5646 815/4505/5646
f 3337/4507/5647 3336/4504/5647 816/4506/5647 818/4509/5647
f 3337/4507/5648 3338/4510/5648 885/4511/5648 817/4508/5648
f 3338/4510/5649 3337/4507/5649 818/4509/5649 886/4512/5649
f 3338/4510/5650 3339/4513/5650 903/4380/5650 885/4511/5650
f 3339/4513/5651 3338/4510/5651 886/4512/5651 904/4381/5651
f 3339/4513/5652 3340/4514/5652 891/4377/5652 903/4380/5652
f 3340/4514/5653 3339/4513/5653 904/4381/5653 892/4378/5653
f 3340/4514/5654 3341/4515/5654 879/4516/5654 891/4377/5654
f 3341/4515/5655 3340/4514/5655 892/4378/5655 880/4517/5655
f 3341/4515/5656 3342/4518/5656 867/4519/5656 879/4516/5656
f 3342/4518/5657 3341/4515/5657 880/4517/5657 868/4520/5657
f 3342/4518/5658 3343/4521/5658 855/4522/5658 867/4519/5658
f 3343/4521/5659 3342/4518/5659 868/4520/5659 856/4523/5659
f 3343/4521/5660 3344/4524/5660 837/4525/5660 855/4522/5660
f 3344/4524/5661 3343/4521/5661 856/4523/5661 838/4526/5661
f 3344/4524/5662 3332/4496/5662 821/4499/5662 837/4525/5662
f 3332/4496/5663 3344/4524/5663 838/4526/5663 822/4500/5663
f 3345/4527/5664 3346/4528/5664 799/4401/5664 815/4505/5664
f 3346/4528/5665 3345/4527/5665 816/4506/5665 800/4402/5665
f 3346/4528/5666 3347/4529/5666 793/4398/5666 799/4401/5666
f 3347/4529/5667 3346/4528/5667 800/4402/5667 794/4399/5667
f 3347/4529/5668 3348/4530/5668 835/4395/5668 793/4398/5668
f 3348/4530/5669 3347/4529/5669 794/4399/5669 836/4396/5669
f 3348/4530/5670 3349/4531/5670 863/4392/5670 835/4395/5670
f 3349/4531/5671 3348/4530/5671 836/4396/5671 864/4393/5671
f 3349/4531/5672 3350/4532/5672 851/4389/5672 863/4392/5672
f 3350/4532/5673 3349/4531/5673 864/4393/5673 852/4390/5673
f 3350/4532/5674 3351/4533/5674 853/4386/5674 851/4389/5674
f 3351/4533/5675 3350/4532/5675 852/4390/5675 854/4387/5675
f 3351/4533/5676 3352/4534/5676 877/4383/5676 853/4386/5676
f 3352/4534/5677 3351/4533/5677 854/4387/5677 878/4384/5677
f 3352/4534/5678 3353/4535/5678 903/4380/5678 877/4383/5678
f 3353/4535/5679 3352/4534/5679 878/4384/5679 904/4381/5679
f 3353/4535/5680 3354/4536/5680 885/4511/5680 903/4380/5680
f 3354/4536/5681 3353/4535/5681 904/4381/5681 886/4512/5681
f 3354/4536/5682 3355/4537/5682 817/4508/5682 885/4511/5682
f 3355/4537/5683 3354/4536/5683 886/4512/5683 818/4509/5683
f 3355/4537/5684 3345/4527/5684 815/4505/5684 817/4508/5684
f 3345/4527/5685 3355/4537/5685 818/4509/5685 816/4506/5685
o Cylinder_Cube.007
v -0.000000 0.456090 -0.956177
v 0.000000 0.456090 -0.003289
v 0.287409 0.337041 -0.956177
v 0.287409 0.337041 -0.003289
v 0.406458 0.049631 -0.956177
v 0.406458 0.049631 -0.003289
v 0.287409 -0.237778 -0.956177
v 0.287409 -0.237778 -0.003289
v -0.000000 -0.356827 -0.956177
v -0.000000 -0.356827 -0.003289
v -0.287409 -0.237778 -0.956177
v -0.287409 -0.237778 -0.003289
v -0.406458 0.049631 -0.956177
v -0.406458 0.049631 -0.003289
v -0.287410 0.337041 -0.956177
v -0.287410 0.337041 -0.003289
v 0.000000 0.456090 -0.362952
v 0.287409 0.337041 -0.362952
v 0.406458 0.049631 -0.362952
v 0.287409 -0.237778 -0.362952
v -0.000000 -0.356827 -0.362952
v -0.287409 -0.237778 -0.362952
v -0.406458 0.049631 -0.362952
v -0.287410 0.337041 -0.362952
v 0.287409 0.337041 -0.883533
v 0.406458 0.049631 -0.883533
v 0.287409 -0.237778 -0.883533
v -0.000000 -0.356827 -0.883533
v -0.287409 -0.237778 -0.883533
v -0.406458 0.049631 -0.883533
v -0.287410 0.337041 -0.883533
v -0.000000 0.456090 -0.883534
v -0.000000 0.431776 -0.845218
v -0.000000 0.431776 -0.401268
v -0.270217 0.319848 -0.401268
v -0.382145 0.049631 -0.401268
v -0.270217 -0.220586 -0.401268
v -0.000000 -0.332513 -0.401268
v 0.270217 -0.220586 -0.401268
v 0.382145 0.049631 -0.401268
v 0.270217 0.319848 -0.401268
v 0.270217 0.319848 -0.845218
v 0.382145 0.049631 -0.845218
v 0.270217 -0.220586 -0.845218
v -0.000000 -0.332513 -0.845218
v -0.270217 -0.220586 -0.845218
v -0.382145 0.049631 -0.845218
v -0.270217 0.319848 -0.845218
vt 1.000000 0.811277
vt 1.000000 1.000000
vt 0.875000 1.000000
vt 0.875000 0.811277
vt 0.750000 1.000000
vt 0.750000 0.811277
vt 0.625000 1.000000
vt 0.625000 0.811277
vt 0.500000 1.000000
vt 0.500000 0.811277
vt 0.375000 1.000000
vt 0.375000 0.811277
vt 0.250000 1.000000
vt 0.250000 0.811277
vt 0.419706 0.419706
vt 0.250000 0.490000
vt 0.080294 0.419706
vt 0.010000 0.250000
vt 0.080294 0.080294
vt 0.250000 0.010000
vt 0.419706 0.080294
vt 0.490000 0.250000
vt 0.125000 1.000000
vt 0.125000 0.811277
vt 0.000000 1.000000
vt 0.000000 0.811277
vt 0.750000 0.490000
vt 0.919706 0.419706
vt 0.990000 0.250000
vt 0.919706 0.080294
vt 0.750000 0.010000
vt 0.580294 0.080294
vt 0.510000 0.250000
vt 0.580294 0.419706
vt 0.000000 0.811277
vt 0.125000 0.811277
vt 0.125000 0.538117
vt 0.250000 0.538117
vt 0.250000 0.538117
vt 0.125000 0.538117
vt 0.875000 0.811277
vt 1.000000 0.811277
vt 0.375000 0.538117
vt 0.375000 0.538117
vt 0.750000 0.811277
vt 0.500000 0.538117
vt 0.500000 0.538117
vt 0.625000 0.811277
vt 0.625000 0.538117
vt 0.625000 0.538117
vt 1.000000 0.500000
vt 1.000000 0.538117
vt 0.875000 0.538117
vt 0.875000 0.500000
vt 0.750000 0.538117
vt 0.750000 0.500000
vt 0.625000 0.500000
vt 0.500000 0.500000
vt 0.375000 0.500000
vt 0.250000 0.500000
vt 0.125000 0.500000
vt 0.000000 0.538117
vt 0.000000 0.500000
vt 0.000000 0.538117
vt 0.250000 0.811277
vt 0.375000 0.811277
vt 0.500000 0.811277
vt 0.750000 0.538117
vt 0.875000 0.538117
vt 1.000000 0.538117
vn 0.3827 0.9239 -0.0000
vn 0.9239 0.3827 -0.0000
vn 0.9239 -0.3827 0.0000
vn 0.3827 -0.9239 0.0000
vn -0.3827 -0.9239 0.0000
vn -0.9239 -0.3827 0.0000
vn 0.0000 0.0000 1.0000
vn -0.9239 0.3827 -0.0000
vn -0.3827 0.9239 0.0000
vn -0.0000 -0.0000 -1.0000
vn -0.3301 0.7970 -0.5058
vn -0.7970 0.3301 0.5058
vn 0.3301 0.7970 -0.5058
vn -0.7970 -0.3301 0.5058
vn 0.7970 0.3301 -0.5058
vn -0.3301 -0.7970 0.5058
vn 0.7970 -0.3301 -0.5058
vn 0.3301 -0.7970 0.5058
vn -0.3301 0.7970 0.5058
vn -0.7970 0.3301 -0.5058
vn 0.3301 0.7970 0.5058
vn -0.7970 -0.3301 -0.5058
vn 0.7970 0.3301 0.5058
vn -0.3301 -0.7970 -0.5058
vn 0.7970 -0.3301 0.5058
vn 0.3301 -0.7970 -0.5058
usemtl Black
s 1
f 3842/4538/5686 3827/4539/5686 3829/4540/5686 3843/4541/5686
f 3843/4541/5687 3829/4540/5687 3831/4542/5687 3844/4543/5687
f 3844/4543/5688 3831/4542/5688 3833/4544/5688 3845/4545/5688
f 3845/4545/5689 3833/4544/5689 3835/4546/5689 3846/4547/5689
f 3846/4547/5690 3835/4546/5690 3837/4548/5690 3847/4549/5690
f 3847/4549/5691 3837/4548/5691 3839/4550/5691 3848/4551/5691
f 3829/4552/5692 3827/4553/5692 3841/4554/5692 3839/4555/5692 3837/4556/5692 3835/4557/5692 3833/4558/5692 3831/4559/5692
f 3848/4551/5693 3839/4550/5693 3841/4560/5693 3849/4561/5693
f 3849/4561/5694 3841/4560/5694 3827/4562/5694 3842/4563/5694
f 3826/4564/5695 3828/4565/5695 3830/4566/5695 3832/4567/5695 3834/4568/5695 3836/4569/5695 3838/4570/5695 3840/4571/5695
f 3849/4561/5696 3842/4563/5696 3859/4572/5696 3860/4573/5696
f 3856/4574/5697 3855/4575/5697 3872/4576/5697 3873/4577/5697
f 3842/4538/5698 3843/4541/5698 3866/4578/5698 3859/4579/5698
f 3855/4575/5699 3854/4580/5699 3871/4581/5699 3872/4576/5699
f 3843/4541/5700 3844/4543/5700 3865/4582/5700 3866/4578/5700
f 3854/4580/5701 3853/4583/5701 3870/4584/5701 3871/4581/5701
f 3844/4543/5702 3845/4545/5702 3864/4585/5702 3865/4582/5702
f 3853/4583/5703 3852/4586/5703 3869/4587/5703 3870/4584/5703
f 3826/4588/5686 3857/4589/5686 3850/4590/5686 3828/4591/5686
f 3828/4591/5687 3850/4590/5687 3851/4592/5687 3830/4593/5687
f 3830/4593/5688 3851/4592/5688 3852/4586/5688 3832/4594/5688
f 3832/4594/5689 3852/4586/5689 3853/4583/5689 3834/4595/5689
f 3834/4595/5690 3853/4583/5690 3854/4580/5690 3836/4596/5690
f 3836/4596/5691 3854/4580/5691 3855/4575/5691 3838/4597/5691
f 3838/4597/5693 3855/4575/5693 3856/4574/5693 3840/4598/5693
f 3840/4598/5694 3856/4574/5694 3857/4599/5694 3826/4600/5694
f 3873/4577/5694 3860/4573/5694 3859/4572/5694 3858/4601/5694
f 3872/4576/5693 3861/4602/5693 3860/4573/5693 3873/4577/5693
f 3871/4581/5691 3862/4603/5691 3861/4602/5691 3872/4576/5691
f 3870/4584/5690 3863/4604/5690 3862/4603/5690 3871/4581/5690
f 3869/4587/5689 3864/4585/5689 3863/4604/5689 3870/4584/5689
f 3868/4605/5688 3865/4582/5688 3864/4585/5688 3869/4587/5688
f 3867/4606/5687 3866/4578/5687 3865/4582/5687 3868/4605/5687
f 3858/4607/5686 3859/4579/5686 3866/4578/5686 3867/4606/5686
f 3857/4599/5704 3856/4574/5704 3873/4577/5704 3858/4601/5704
f 3848/4551/5705 3849/4561/5705 3860/4573/5705 3861/4602/5705
f 3850/4590/5706 3857/4589/5706 3858/4607/5706 3867/4606/5706
f 3847/4549/5707 3848/4551/5707 3861/4602/5707 3862/4603/5707
f 3851/4592/5708 3850/4590/5708 3867/4606/5708 3868/4605/5708
f 3846/4547/5709 3847/4549/5709 3862/4603/5709 3863/4604/5709
f 3852/4586/5710 3851/4592/5710 3868/4605/5710 3869/4587/5710
f 3845/4545/5711 3846/4547/5711 3863/4604/5711 3864/4585/5711
